# Blender 4.5.4 LTS
# www.blender.org
mtllib the-druid.mtl
o body
v -0.000165 0.935682 -0.139348
v -0.000165 0.787027 -0.164642
v -0.000165 0.634512 -0.197697
v -0.000165 0.563148 -0.201951
v -0.000165 0.384985 -0.180048
v -0.000165 0.085587 -0.173118
v 0.011607 1.016133 -0.036015
v 0.022926 0.981071 -0.154951
v 0.033358 0.935682 -0.140698
v 0.042502 0.868675 -0.134103
v 0.050006 0.787027 -0.161105
v 0.041421 0.693875 -0.140049
v 0.059016 0.634512 -0.193525
v 0.060175 0.563148 -0.197697
v 0.054205 0.384985 -0.176215
v 0.048258 0.216022 -0.159926
v 0.051455 0.085587 -0.169428
v 0.022926 1.016133 -0.032435
v 0.056487 0.985472 -0.126676
v 0.076950 0.935682 -0.122302
v 0.083529 0.868675 -0.125195
v 0.098249 0.787027 -0.150630
v 0.081408 0.693875 -0.130796
v 0.115922 0.634512 -0.181169
v 0.118196 0.563148 -0.185099
v 0.106486 0.384985 -0.164864
v 0.094486 0.216022 -0.149551
v 0.100757 0.085587 -0.158502
v 0.033358 1.016133 -0.026620
v 0.079628 0.985472 -0.060555
v 0.109336 0.935682 -0.092378
v 0.121340 0.868675 -0.110729
v 0.142710 0.787027 -0.133621
v 0.118260 0.693875 -0.115770
v 0.168367 0.634512 -0.161105
v 0.171669 0.563148 -0.164642
v 0.154668 0.384985 -0.146431
v 0.137090 0.216022 -0.132703
v 0.146193 0.085587 -0.140759
v 0.042502 1.016133 -0.018796
v 0.097564 0.985472 -0.050019
v 0.135375 0.935682 -0.077083
v 0.154481 0.868675 -0.091262
v 0.181680 0.787027 -0.110729
v 0.150561 0.693875 -0.095549
v 0.214336 0.634512 -0.134103
v 0.218538 0.563148 -0.137111
v 0.196900 0.384985 -0.121623
v 0.174433 0.216022 -0.110029
v 0.186019 0.085587 -0.116880
v 0.050006 1.016133 -0.009261
v 0.112284 0.985472 -0.037182
v 0.156745 0.935682 -0.058445
v 0.181680 0.868675 -0.067540
v 0.213662 0.787027 -0.082836
v 0.177070 0.693875 -0.070909
v 0.252061 0.634512 -0.101200
v 0.257002 0.563148 -0.103564
v 0.231559 0.384985 -0.091395
v 0.205079 0.216022 -0.082401
v 0.218703 0.085587 -0.087784
v -0.000165 1.026486 0.019427
v 0.055582 1.016133 0.002900
v 0.117304 0.985472 -0.012993
v 0.166706 0.935682 -0.027639
v 0.201890 0.868675 -0.040477
v 0.237427 0.787027 -0.051013
v 0.196768 0.693875 -0.042797
v 0.280093 0.634512 -0.063663
v 0.285584 0.563148 -0.065290
v 0.257313 0.384985 -0.056909
v 0.227851 0.216022 -0.050880
v 0.242989 0.085587 -0.054588
v 0.059016 1.016133 0.011002
v 0.115922 0.985472 0.002900
v 0.168367 0.935682 -0.004567
v 0.214336 0.868675 -0.011112
v 0.252061 0.787027 -0.016483
v 0.208898 0.693875 -0.012294
v 0.297356 0.634512 -0.022931
v 0.303184 0.563148 -0.023761
v 0.273172 0.384985 -0.019488
v 0.241874 0.216022 -0.016678
v 0.257945 0.085587 -0.018568
v 0.060175 1.016133 0.019427
v 0.118196 0.985472 0.019427
v 0.171669 0.935682 0.019427
v 0.218538 0.868675 0.019427
v 0.257002 0.787027 0.019427
v 0.212994 0.702345 0.019427
v 0.303184 0.634512 0.019427
v 0.309127 0.563148 0.019427
v 0.278527 0.384985 0.019427
v 0.246609 0.216022 0.018891
v 0.262995 0.085587 0.018891
v 0.059016 1.016133 0.027853
v 0.115922 0.985472 0.035955
v 0.168367 0.935682 0.043422
v 0.214336 0.868675 0.049966
v 0.252061 0.787027 0.055337
v 0.208898 0.702345 0.051149
v 0.297356 0.634512 0.061786
v 0.303184 0.535072 0.062616
v 0.273172 0.384985 0.058343
v 0.241874 0.216022 0.054460
v 0.257945 0.085587 0.056350
v 0.055582 1.016133 0.035955
v 0.109187 0.985472 0.051847
v 0.158589 0.935682 0.066494
v 0.201890 0.868675 0.079332
v 0.237427 0.787027 0.089868
v 0.196768 0.709920 0.081652
v 0.280093 0.634512 0.102517
v 0.285584 0.535072 0.104145
v 0.257313 0.384985 0.095763
v 0.227851 0.216022 0.088662
v 0.242989 0.085587 0.092369
v 0.050006 1.016133 0.043422
v 0.098249 0.985472 0.066494
v 0.142710 0.935682 0.087758
v 0.181680 0.868675 0.106395
v 0.213662 0.787027 0.121691
v 0.177070 0.709920 0.109763
v 0.252061 0.634512 0.140055
v 0.257002 0.535072 0.142418
v 0.231559 0.384985 0.130250
v 0.205079 0.216022 0.120182
v 0.218703 0.085587 0.125565
v 0.042502 1.016133 0.049966
v 0.083529 0.985472 0.079332
v 0.121340 0.935682 0.106395
v 0.154481 0.868675 0.130116
v 0.181680 0.787027 0.149584
v 0.150561 0.729807 0.164300
v 0.214336 0.634512 0.172957
v 0.218538 0.535072 0.175965
v 0.196900 0.384985 0.160478
v 0.174433 0.216022 0.147811
v 0.186019 0.085587 0.154661
v 0.033358 1.016133 0.055337
v 0.065593 0.985472 0.089868
v 0.118260 0.706872 0.172668
v 0.168367 0.634512 0.199960
v 0.171669 0.500377 0.211185
v 0.154668 0.384985 0.185285
v 0.137090 0.216022 0.170485
v 0.146193 0.085587 0.178540
v 0.022926 1.016133 0.059328
v 0.045130 0.985472 0.097696
v 0.081408 0.688467 0.183293
v 0.115922 0.634512 0.220024
v 0.118196 0.500377 0.231643
v 0.106486 0.384985 0.203719
v 0.094486 0.216022 0.187333
v 0.100757 0.085587 0.196283
v 0.011607 1.016133 0.061786
v 0.022926 0.985472 0.102517
v 0.048930 0.670427 0.197701
v 0.059016 0.634512 0.232380
v 0.060175 0.500377 0.244240
v 0.054205 0.384985 0.215070
v 0.048258 0.216022 0.197708
v 0.051455 0.085587 0.207210
v -0.000165 1.016133 0.062616
v -0.000165 0.985472 0.104145
v -0.000165 0.648474 0.216640
v -0.000165 0.634512 0.236552
v -0.000165 0.500377 0.248494
v -0.000165 0.384985 0.218903
v -0.000165 0.216022 0.201211
v -0.000165 0.085587 0.210899
v -0.001928 0.033254 0.281107
v 0.053639 0.033254 0.252027
v 0.121213 0.033254 0.260586
v 0.161603 0.033254 0.215412
v 0.228033 0.033254 0.202147
v 0.244235 0.033254 0.147756
v 0.299408 0.033254 0.114686
v 0.288955 0.033254 0.059359
v 0.324471 0.033254 0.011518
v 0.288955 0.033254 -0.036322
v 0.299408 0.033254 -0.091649
v 0.244235 0.033254 -0.124719
v 0.228033 0.033254 -0.179110
v -0.000165 1.016133 -0.059546
v -0.000165 0.973132 -0.177236
v -0.000165 0.868675 -0.137111
v -0.000165 0.693875 -0.143173
v -0.000165 0.216022 -0.163430
v 0.161603 0.033254 -0.192375
v 0.121213 0.033254 -0.237549
v 0.053639 0.033254 -0.228991
v -0.004790 0.033254 -0.258071
v 0.102435 0.960577 0.092863
v 0.137911 0.902178 0.118256
v 0.168081 0.827851 0.139850
v 0.166121 0.757931 0.154629
v 0.074561 0.985472 0.084600
v 0.134411 0.715931 0.168473
v 0.099834 0.695670 0.178475
v 0.055362 0.985472 0.093782
v 0.034028 0.985472 0.100107
v 0.061414 0.673986 0.189323
v 0.020628 0.658632 0.206214
v 0.011381 0.985472 0.103331
v 0.102435 0.955770 0.076530
v 0.121340 0.930875 0.090062
v 0.137911 0.897371 0.101923
v 0.154481 0.863868 0.113783
v 0.168081 0.823044 0.123517
v 0.181680 0.782220 0.133251
v 0.166121 0.753124 0.138296
v 0.150561 0.725000 0.147967
v 0.080447 0.955770 0.089446
v 0.095301 0.930875 0.105358
v 0.108320 0.897371 0.119304
v 0.121340 0.863868 0.133251
v 0.132025 0.823044 0.144696
v 0.142710 0.782220 0.156142
v 0.130485 0.735644 0.161078
v 0.118260 0.702065 0.156335
v 0.074561 0.980665 0.068267
v 0.083529 0.980665 0.062999
v 0.108320 0.930875 0.097710
v 0.137911 0.863868 0.123517
v 0.162195 0.782220 0.144696
v 0.134411 0.711124 0.152140
v 0.055362 0.955770 0.099043
v 0.065593 0.930875 0.116723
v 0.074561 0.897371 0.132220
v 0.083529 0.863868 0.147716
v 0.090889 0.823044 0.160434
v 0.098249 0.782220 0.173152
v 0.089828 0.726212 0.177096
v 0.081408 0.683660 0.166960
v 0.120479 0.782220 0.164647
v 0.102435 0.863868 0.140484
v 0.099834 0.690863 0.162142
v 0.055362 0.980665 0.077449
v 0.065593 0.980665 0.073534
v 0.080447 0.930875 0.111040
v 0.028142 0.955770 0.104953
v 0.033358 0.930875 0.123722
v 0.037930 0.897371 0.140173
v 0.042502 0.863868 0.156624
v 0.046254 0.823044 0.170125
v 0.050006 0.782220 0.183626
v 0.045713 0.718732 0.186960
v 0.048930 0.665620 0.181368
v 0.034028 0.980665 0.083774
v 0.045130 0.980665 0.081363
v 0.049476 0.930875 0.120223
v 0.063016 0.863868 0.152170
v 0.074128 0.782220 0.178389
v 0.061414 0.669179 0.172990
v -0.000165 0.955770 0.106949
v -0.000165 0.930875 0.126085
v -0.000165 0.897371 0.142859
v -0.000165 0.863868 0.159632
v -0.000165 0.823044 0.173398
v -0.000165 0.782220 0.187163
v -0.000165 0.718732 0.190291
v -0.000165 0.643667 0.185786
v 0.020628 0.653825 0.189881
v 0.024921 0.782220 0.185395
v 0.011381 0.980665 0.086998
v 0.022926 0.980665 0.086184
v 0.016597 0.930875 0.124904
v 0.021169 0.863868 0.158128
v -0.000165 0.980665 0.087812
v 0.023045 0.823044 0.171762
v 0.018883 0.897371 0.141516
v 0.013989 0.955770 0.105951
v 0.022774 0.718732 0.188625
v 0.067771 0.718732 0.182028
v 0.068572 0.823044 0.165280
v 0.056246 0.897371 0.136196
v 0.041752 0.955770 0.101998
v 0.091441 0.897371 0.125762
v 0.067904 0.955770 0.094245
v 0.110157 0.726212 0.169087
v 0.111457 0.823044 0.152565
v 0.148303 0.740313 0.150081
v 0.150053 0.823044 0.134107
v 0.123116 0.897371 0.110613
v 0.091441 0.955770 0.082988
v -0.000445 0.938524 0.138940
v -0.000165 0.930875 0.126085
v 0.017267 1.000803 -0.093121
v 0.034028 1.000803 -0.071028
v 0.034028 0.985472 -0.146105
v 0.017267 1.016133 -0.034225
v 0.049476 1.000803 -0.038817
v 0.028142 1.016133 -0.029528
v 0.072725 0.985472 -0.097546
v -0.000165 1.000803 -0.118391
v 0.011381 0.977131 -0.163731
v 0.005721 1.016133 -0.047780
v 0.041752 1.000803 -0.054922
v 0.025648 1.000803 -0.082074
v 0.008551 1.000803 -0.105756
v -0.000165 0.935682 -0.139348
v -0.000165 0.787027 -0.164642
v -0.000165 0.634512 -0.197697
v -0.000165 0.563148 -0.201951
v -0.000165 0.384985 -0.180048
v -0.000165 0.085587 -0.173118
v -0.011936 1.016133 -0.036015
v -0.023256 0.981071 -0.154951
v -0.033688 0.935682 -0.140698
v -0.042831 0.868675 -0.134103
v -0.050335 0.787027 -0.161105
v -0.041750 0.693875 -0.140049
v -0.059345 0.634512 -0.193525
v -0.060504 0.563148 -0.197697
v -0.054535 0.384985 -0.176215
v -0.048587 0.216022 -0.159926
v -0.051784 0.085587 -0.169428
v -0.023256 1.016133 -0.032435
v -0.056816 0.985472 -0.126676
v -0.077279 0.935682 -0.122302
v -0.083858 0.868675 -0.125195
v -0.098578 0.787027 -0.150630
v -0.081737 0.693875 -0.130796
v -0.116251 0.634512 -0.181169
v -0.118525 0.563148 -0.185099
v -0.106815 0.384985 -0.164864
v -0.094815 0.216022 -0.149551
v -0.101086 0.085587 -0.158502
v -0.033688 1.016133 -0.026620
v -0.079958 0.985472 -0.060555
v -0.109665 0.935682 -0.092378
v -0.121669 0.868675 -0.110729
v -0.143039 0.787027 -0.133621
v -0.118589 0.693875 -0.115770
v -0.168696 0.634512 -0.161105
v -0.171998 0.563148 -0.164642
v -0.154997 0.384985 -0.146431
v -0.137419 0.216022 -0.132703
v -0.146522 0.085587 -0.140759
v -0.042831 1.016133 -0.018796
v -0.097894 0.985472 -0.050019
v -0.135704 0.935682 -0.077083
v -0.154811 0.868675 -0.091262
v -0.182009 0.787027 -0.110729
v -0.150890 0.693875 -0.095549
v -0.214665 0.634512 -0.134103
v -0.218867 0.563148 -0.137111
v -0.197229 0.384985 -0.121623
v -0.174762 0.216022 -0.110029
v -0.186348 0.085587 -0.116880
v -0.050335 1.016133 -0.009261
v -0.112613 0.985472 -0.037182
v -0.157074 0.935682 -0.058445
v -0.182009 0.868675 -0.067540
v -0.213991 0.787027 -0.082836
v -0.177399 0.693875 -0.070909
v -0.252390 0.634512 -0.101200
v -0.257331 0.563148 -0.103564
v -0.231888 0.384985 -0.091395
v -0.205408 0.216022 -0.082401
v -0.219032 0.085587 -0.087784
v -0.000165 1.026486 0.019427
v -0.055911 1.016133 0.002900
v -0.117633 0.985472 -0.012993
v -0.167035 0.935682 -0.027639
v -0.202219 0.868675 -0.040477
v -0.237756 0.787027 -0.051013
v -0.197097 0.693875 -0.042797
v -0.280423 0.634512 -0.063663
v -0.285913 0.563148 -0.065290
v -0.257642 0.384985 -0.056909
v -0.228180 0.216022 -0.050880
v -0.243319 0.085587 -0.054588
v -0.059345 1.016133 0.011002
v -0.116251 0.985472 0.002900
v -0.168696 0.935682 -0.004567
v -0.214665 0.868675 -0.011112
v -0.252390 0.787027 -0.016483
v -0.209227 0.693875 -0.012294
v -0.297685 0.634512 -0.022931
v -0.303514 0.563148 -0.023761
v -0.273501 0.384985 -0.019488
v -0.242203 0.216022 -0.016678
v -0.258274 0.085587 -0.018568
v -0.060504 1.016133 0.019427
v -0.118525 0.985472 0.019427
v -0.171998 0.935682 0.019427
v -0.218867 0.868675 0.019427
v -0.257331 0.787027 0.019427
v -0.213323 0.702345 0.019427
v -0.303514 0.634512 0.019427
v -0.309456 0.563148 0.019427
v -0.278856 0.384985 0.019427
v -0.246938 0.216022 0.018891
v -0.263324 0.085587 0.018891
v -0.059345 1.016133 0.027853
v -0.116251 0.985472 0.035955
v -0.168696 0.935682 0.043422
v -0.214665 0.868675 0.049966
v -0.252390 0.787027 0.055337
v -0.209227 0.702345 0.051149
v -0.297685 0.634512 0.061786
v -0.303513 0.535072 0.062616
v -0.273501 0.384985 0.058343
v -0.242203 0.216022 0.054460
v -0.258274 0.085587 0.056350
v -0.055911 1.016133 0.035955
v -0.109516 0.985472 0.051847
v -0.158918 0.935682 0.066494
v -0.202219 0.868675 0.079332
v -0.237756 0.787027 0.089868
v -0.197097 0.709920 0.081652
v -0.280422 0.634512 0.102517
v -0.285913 0.535072 0.104145
v -0.257642 0.384985 0.095763
v -0.228180 0.216022 0.088662
v -0.243319 0.085587 0.092369
v -0.050335 1.016133 0.043422
v -0.098578 0.985472 0.066494
v -0.143039 0.935682 0.087758
v -0.182009 0.868675 0.106395
v -0.213991 0.787027 0.121691
v -0.177399 0.709920 0.109763
v -0.252390 0.634512 0.140055
v -0.257331 0.535072 0.142418
v -0.231888 0.384985 0.130250
v -0.205408 0.216022 0.120182
v -0.219032 0.085587 0.125565
v -0.042831 1.016133 0.049966
v -0.083858 0.985472 0.079332
v -0.121669 0.935682 0.106395
v -0.154811 0.868675 0.130116
v -0.182009 0.787027 0.149584
v -0.150890 0.729807 0.164300
v -0.214665 0.634512 0.172957
v -0.218867 0.535072 0.175965
v -0.197229 0.384985 0.160478
v -0.174762 0.216022 0.147811
v -0.186348 0.085587 0.154661
v -0.033688 1.016133 0.055337
v -0.065922 0.985472 0.089868
v -0.118589 0.706872 0.172668
v -0.168696 0.634512 0.199960
v -0.171998 0.500377 0.211185
v -0.154997 0.384985 0.185285
v -0.137419 0.216022 0.170485
v -0.146523 0.085587 0.178540
v -0.023256 1.016133 0.059328
v -0.045459 0.985472 0.097696
v -0.081737 0.688467 0.183293
v -0.116251 0.634512 0.220024
v -0.118525 0.500377 0.231643
v -0.106815 0.384985 0.203719
v -0.094815 0.216022 0.187333
v -0.101086 0.085587 0.196283
v -0.011936 1.016133 0.061786
v -0.023256 0.985472 0.102517
v -0.049259 0.670427 0.197701
v -0.059345 0.634512 0.232380
v -0.060504 0.500377 0.244240
v -0.054535 0.384985 0.215070
v -0.048587 0.216022 0.197708
v -0.051784 0.085587 0.207210
v -0.000165 1.016133 0.062616
v -0.000165 0.985472 0.104145
v -0.000165 0.648474 0.216640
v -0.000165 0.634512 0.236552
v -0.000165 0.500377 0.248494
v -0.000165 0.384985 0.218903
v -0.000165 0.216022 0.201211
v -0.000165 0.085587 0.210899
v -0.001928 0.033254 0.281107
v -0.053969 0.033254 0.252027
v -0.121542 0.033254 0.260586
v -0.161932 0.033254 0.215412
v -0.228362 0.033254 0.202147
v -0.244564 0.033254 0.147756
v -0.299737 0.033254 0.114686
v -0.289284 0.033254 0.059359
v -0.324800 0.033254 0.011518
v -0.289284 0.033254 -0.036322
v -0.299737 0.033254 -0.091649
v -0.244564 0.033254 -0.124719
v -0.228362 0.033254 -0.179110
v -0.000165 1.016133 -0.059546
v -0.000165 0.973132 -0.177236
v -0.000165 0.868675 -0.137111
v -0.000165 0.693875 -0.143173
v -0.000165 0.216022 -0.163430
v -0.161932 0.033254 -0.192375
v -0.121542 0.033254 -0.237549
v -0.053969 0.033254 -0.228991
v -0.004790 0.033254 -0.258071
v -0.102764 0.960577 0.092863
v -0.138240 0.902178 0.118256
v -0.168410 0.827851 0.139850
v -0.166450 0.757931 0.154629
v -0.074890 0.985472 0.084600
v -0.134740 0.715931 0.168473
v -0.100163 0.695670 0.178475
v -0.055691 0.985472 0.093782
v -0.034357 0.985472 0.100107
v -0.061743 0.673986 0.189323
v -0.020957 0.658632 0.206214
v -0.011710 0.985472 0.103331
v -0.102764 0.955770 0.076530
v -0.121669 0.930875 0.090062
v -0.138240 0.897371 0.101923
v -0.154811 0.863868 0.113783
v -0.168410 0.823044 0.123517
v -0.182009 0.782220 0.133251
v -0.166450 0.753124 0.138296
v -0.150890 0.725000 0.147967
v -0.080776 0.955770 0.089446
v -0.095630 0.930875 0.105358
v -0.108650 0.897371 0.119304
v -0.121669 0.863868 0.133251
v -0.132354 0.823044 0.144696
v -0.143039 0.782220 0.156142
v -0.130814 0.735644 0.161078
v -0.118589 0.702065 0.156335
v -0.074890 0.980665 0.068267
v -0.083858 0.980665 0.062999
v -0.108650 0.930875 0.097710
v -0.138240 0.863868 0.123517
v -0.162524 0.782220 0.144696
v -0.134740 0.711124 0.152140
v -0.055691 0.955770 0.099043
v -0.065922 0.930875 0.116723
v -0.074890 0.897371 0.132220
v -0.083858 0.863868 0.147716
v -0.091218 0.823044 0.160434
v -0.098578 0.782220 0.173152
v -0.090157 0.726212 0.177096
v -0.081737 0.683660 0.166960
v -0.120808 0.782220 0.164647
v -0.102764 0.863868 0.140484
v -0.100163 0.690863 0.162142
v -0.055691 0.980665 0.077449
v -0.065922 0.980665 0.073534
v -0.080776 0.930875 0.111040
v -0.028472 0.955770 0.104953
v -0.033688 0.930875 0.123722
v -0.038259 0.897371 0.140173
v -0.042831 0.863868 0.156624
v -0.046583 0.823044 0.170125
v -0.050335 0.782220 0.183626
v -0.046043 0.718732 0.186960
v -0.049259 0.665620 0.181368
v -0.034357 0.980665 0.083774
v -0.045459 0.980665 0.081363
v -0.049805 0.930875 0.120223
v -0.063345 0.863868 0.152170
v -0.074457 0.782220 0.178389
v -0.061743 0.669179 0.172990
v -0.000165 0.955770 0.106949
v -0.000165 0.930875 0.126085
v -0.000165 0.897371 0.142859
v -0.000165 0.863868 0.159632
v -0.000165 0.823044 0.173398
v -0.000165 0.782220 0.187163
v -0.000165 0.718732 0.190291
v -0.000165 0.643667 0.185786
v -0.020957 0.653825 0.189881
v -0.025250 0.782220 0.185395
v -0.011710 0.980665 0.086998
v -0.023256 0.980665 0.086184
v -0.016926 0.930875 0.124904
v -0.021498 0.863868 0.158128
v -0.000165 0.980665 0.087812
v -0.023374 0.823044 0.171762
v -0.019212 0.897371 0.141516
v -0.014318 0.955770 0.105951
v -0.023104 0.718732 0.188625
v -0.068100 0.718732 0.182028
v -0.068901 0.823044 0.165280
v -0.056575 0.897371 0.136196
v -0.042081 0.955770 0.101998
v -0.091770 0.897371 0.125762
v -0.068234 0.955770 0.094245
v -0.110486 0.726212 0.169087
v -0.111786 0.823044 0.152565
v -0.148632 0.740313 0.150081
v -0.150382 0.823044 0.134107
v -0.123445 0.897371 0.110613
v -0.091770 0.955770 0.082988
v 0.000116 0.938524 0.138940
v -0.000165 0.930875 0.126085
v -0.017596 1.000803 -0.093121
v -0.034357 1.000803 -0.071028
v -0.034358 0.985472 -0.146105
v -0.017596 1.016133 -0.034225
v -0.049805 1.000803 -0.038817
v -0.028472 1.016133 -0.029528
v -0.073054 0.985472 -0.097546
v -0.000165 1.000803 -0.118391
v -0.011710 0.977131 -0.163731
v -0.006050 1.016133 -0.047780
v -0.042081 1.000803 -0.054922
v -0.025977 1.000803 -0.082074
v -0.008880 1.000803 -0.105756
vn 0.0708 -0.0979 -0.9927
vn 0.3615 -0.4492 -0.8171
vn 0.0715 0.0740 -0.9947
vn 0.0217 -0.0643 -0.9977
vn 0.0667 0.3188 -0.9455
vn 0.0705 -0.2251 -0.9718
vn 0.0532 0.6762 -0.7348
vn 0.0702 0.0594 -0.9958
vn 0.2515 0.9597 -0.1258
vn 0.0698 -0.1217 -0.9901
vn 0.3598 0.9078 -0.2153
vn 0.2105 -0.1240 -0.9697
vn 0.2498 0.9290 -0.2732
vn 0.2142 -0.1022 -0.9714
vn 0.5217 -0.0032 -0.8531
vn 0.2170 0.0767 -0.9732
vn 0.3071 0.0097 -0.9516
vn 0.2007 0.3242 -0.9245
vn 0.2120 -0.2370 -0.9481
vn 0.1579 0.6885 -0.7079
vn 0.2118 0.0605 -0.9754
vn 0.0544 0.9836 -0.1721
vn 0.3539 -0.2602 -0.8984
vn 0.2572 0.7109 -0.6545
vn 0.3566 0.0627 -0.9321
vn 0.0877 0.9836 -0.1573
vn 0.3544 -0.1285 -0.9262
vn 0.4604 0.8306 -0.3133
vn 0.3600 -0.1111 -0.9263
vn 0.7738 0.4485 -0.4473
vn 0.3645 0.0819 -0.9276
vn 0.5233 0.2037 -0.8275
vn 0.3367 0.3349 -0.8801
vn 0.1940 0.8518 -0.4867
vn 0.5084 -0.1241 -0.8521
vn 0.3853 0.6491 -0.6559
vn 0.5145 0.0895 -0.8528
vn 0.4814 0.3107 -0.8196
vn 0.4743 0.3506 -0.8075
vn 0.4949 -0.2927 -0.8182
vn 0.3474 0.7401 -0.5758
vn 0.5054 0.0660 -0.8604
vn 0.1166 0.9838 -0.1363
vn 0.5018 -0.1352 -0.8543
vn 0.6305 -0.3313 -0.7020
vn 0.4247 0.7713 -0.4741
vn 0.6557 0.0703 -0.7518
vn 0.1400 0.9840 -0.1102
vn 0.6505 -0.1438 -0.7458
vn 0.3126 0.8977 -0.3105
vn 0.6566 -0.1403 -0.7411
vn 0.4864 0.6725 -0.5577
vn 0.6639 0.0989 -0.7412
vn 0.6210 0.3277 -0.7120
vn 0.6106 0.3703 -0.7001
vn 0.7956 -0.1577 -0.5849
vn 0.6808 0.7086 -0.1855
vn 0.8040 0.1090 -0.5846
vn 0.8014 0.4279 -0.4178
vn 0.7372 0.3919 -0.5505
vn 0.7519 -0.3707 -0.5452
vn 0.4856 0.7997 -0.3531
vn 0.7990 0.0751 -0.5967
vn 0.1609 0.9842 -0.0738
vn 0.7917 -0.1535 -0.5913
vn 0.4062 0.9061 -0.1184
vn 0.5276 0.8211 -0.2177
vn 0.9178 0.0795 -0.3890
vn 0.1624 0.9843 -0.0688
vn 0.9085 -0.1623 -0.3850
vn 0.4527 0.8908 -0.0387
vn 0.9089 -0.1733 -0.3792
vn 0.6985 0.7156 -0.0050
vn 0.9179 0.1179 -0.3788
vn 0.8199 0.5284 -0.2206
vn 0.8393 0.4112 -0.3557
vn 0.8460 -0.4038 -0.3482
vn 0.9836 0.1233 -0.1318
vn 0.8143 0.5696 -0.1120
vn 0.8977 0.4229 -0.1235
vn 0.8955 -0.4405 -0.0645
vn 0.5651 0.8077 -0.1680
vn 0.9873 0.0822 -0.1359
vn 0.1691 0.9853 -0.0233
vn 0.9766 -0.1677 -0.1344
vn 0.4663 0.8823 -0.0642
vn 0.9742 -0.1831 -0.1320
vn 0.6785 0.7287 -0.0934
vn 0.9850 0.0687 0.1581
vn 0.1691 0.9853 0.0233
vn 0.9806 -0.1820 0.0727
vn 0.4663 0.8823 0.0642
vn 0.9740 -0.1839 0.1319
vn 0.6785 0.7287 0.0934
vn 0.9836 0.1233 0.1318
vn 0.8143 0.5696 0.1120
vn 0.8977 0.4229 0.1235
vn 0.8818 -0.4567 0.1178
vn 0.5998 0.7961 0.0804
vn 0.7650 0.5565 0.3242
vn 0.8393 0.4112 0.3557
vn 0.8073 -0.4477 0.3844
vn 0.6124 0.7719 0.1706
vn 0.9192 0.0571 0.3896
vn 0.1624 0.9843 0.0688
vn 0.9037 -0.1916 0.3830
vn 0.4449 0.8755 0.1885
vn 0.9085 -0.1757 0.3791
vn 0.6419 0.7169 0.2720
vn 0.9179 0.1179 0.3788
vn 0.8001 0.0540 0.5975
vn 0.1494 0.9825 0.1116
vn 0.7880 -0.1813 0.5884
vn 0.4043 0.8634 0.3019
vn 0.7951 -0.1613 0.5846
vn 0.5748 0.6966 0.4293
vn 0.8040 0.1090 0.5846
vn 0.6772 0.5345 0.5057
vn 0.7372 0.3919 0.5505
vn 0.7292 -0.4343 0.5288
vn 0.5582 0.7236 0.4059
vn 0.6106 0.3703 0.7001
vn 0.7159 -0.3480 0.6053
vn 0.6833 0.6369 0.3571
vn 0.6564 0.0505 0.7527
vn 0.1306 0.9801 0.1498
vn 0.6477 -0.1700 0.7427
vn 0.3482 0.8482 0.3992
vn 0.6561 -0.1449 0.7406
vn 0.4864 0.6725 0.5577
vn 0.6639 0.0989 0.7412
vn 0.5656 0.5094 0.6485
vn 0.1069 0.9775 0.1820
vn 0.6009 -0.2078 0.7718
vn 0.2805 0.8327 0.4775
vn 0.5081 -0.1294 0.8515
vn 0.5145 0.0895 0.8528
vn 0.2853 0.3854 0.8775
vn 0.5377 0.0685 0.8404
vn 0.1738 0.5380 0.8248
vn 0.3560 0.0866 0.9305
vn 0.0792 0.9751 0.2071
vn 0.3456 -0.2537 0.9034
vn 0.2050 0.8190 0.5359
vn 0.3597 -0.1169 0.9257
vn 0.3645 0.0819 0.9276
vn 0.2055 -0.2498 0.9462
vn 0.1247 0.8090 0.5744
vn 0.2141 -0.1083 0.9708
vn 0.2170 0.0767 0.9732
vn 0.0788 0.6671 0.7408
vn 0.2114 0.0879 0.9734
vn 0.0487 0.9733 0.2243
vn -0.0139 0.7453 0.6666
vn 0.0700 0.0885 0.9936
vn 0.0164 0.9723 0.2331
vn 0.0681 -0.2478 0.9664
vn 0.0418 0.8038 0.5934
vn 0.0708 -0.1042 0.9920
vn 0.0715 0.0740 0.9947
vn 0.7120 0.6151 0.3386
vn 0.6436 0.6662 0.3768
vn 0.7572 0.6521 -0.0373
vn 0.2104 0.7703 -0.6020
vn 0.1726 0.7964 -0.5797
vn 0.0140 0.7231 0.6906
vn 0.7624 0.6460 0.0376
vn 0.0122 0.7989 -0.6013
vn 0.2402 0.6856 0.6872
vn 0.5994 0.7194 -0.3510
vn 0.2014 0.7248 0.6588
vn 0.4933 0.6378 0.5915
vn 0.3767 0.7707 -0.5139
vn 0.4218 0.7007 0.5754
vn 0.6709 0.6694 -0.3191
vn 0.4429 0.7223 -0.5311
vn -0.9061 -0.4059 0.1195
vn -0.8859 0.4450 -0.1310
vn -0.8260 -0.5407 0.1592
vn -0.9512 -0.2961 0.0871
vn 0.0612 -0.9575 0.2818
vn -0.6150 0.7564 -0.2226
vn -0.5216 0.8185 -0.2409
vn -0.5579 0.7962 -0.2343
vn -0.4362 0.8632 -0.2541
vn -0.6678 0.7141 -0.2102
vn 0.0199 -0.9591 0.2823
vn -0.4537 0.8732 -0.1779
vn 0.1636 -0.9464 0.2785
vn 0.1074 -0.9538 0.2807
vn -0.4095 0.8752 -0.2576
vn -0.4201 0.8705 -0.2562
vn -0.8834 0.4495 -0.1323
vn 0.3853 0.6491 0.6559
vn 0.4427 0.4858 0.7537
vn 0.4743 0.3506 0.8075
vn 0.5197 -0.0539 0.8526
vn 0.3367 0.3349 0.8801
vn 0.3617 0.0093 0.9322
vn 0.2776 0.6295 0.7257
vn 0.3160 0.4667 0.8260
vn 0.1672 0.6156 0.7701
vn 0.1891 0.4535 0.8710
vn 0.2007 0.3242 0.9245
vn 0.2149 0.0356 0.9760
vn 0.0712 0.0487 0.9963
vn 0.0558 0.6085 0.7916
vn 0.0629 0.4468 0.8924
vn 0.0667 0.3188 0.9455
vn -0.0503 -0.0224 0.9985
vn 0.2023 -0.0341 0.9787
vn 0.0712 0.0479 0.9963
vn 0.3686 -0.1422 0.9186
vn 0.3625 -0.2453 0.8991
vn 0.2093 0.0361 0.9772
vn 0.3481 -0.2799 0.8947
vn 0.4552 -0.2916 0.8413
vn 0.3606 0.0060 0.9327
vn 0.4741 -0.2336 0.8490
vn 0.4594 -0.0547 0.8865
vn 0.5519 -0.1075 0.8270
vn 0.6346 -0.7086 0.3085
vn 0.0566 0.5943 0.8023
vn 0.1777 0.5465 0.8184
vn 0.3229 0.4280 0.8441
vn 0.4977 0.1855 0.8473
vn 0.3606 0.9274 -0.0993
vn 0.2761 0.9499 -0.1463
vn 0.3947 0.8787 -0.2686
vn 0.1940 0.9612 -0.1963
vn 0.0506 0.9635 -0.2628
vn 0.2244 0.9431 -0.2455
vn 0.1633 0.9312 -0.3258
vn 0.3127 0.8723 -0.3758
vn 0.3783 0.8976 -0.2264
vn -0.0708 -0.0979 -0.9927
vn -0.3615 -0.4492 -0.8171
vn -0.0715 0.0740 -0.9947
vn -0.0217 -0.0643 -0.9977
vn -0.0667 0.3188 -0.9455
vn -0.0705 -0.2251 -0.9718
vn -0.0532 0.6762 -0.7348
vn -0.0702 0.0594 -0.9958
vn -0.2515 0.9597 -0.1258
vn -0.0698 -0.1217 -0.9901
vn -0.3598 0.9078 -0.2153
vn -0.2105 -0.1240 -0.9697
vn -0.2498 0.9290 -0.2732
vn -0.2142 -0.1022 -0.9714
vn -0.5217 -0.0032 -0.8531
vn -0.2170 0.0767 -0.9732
vn -0.3071 0.0097 -0.9516
vn -0.2007 0.3242 -0.9245
vn -0.2120 -0.2370 -0.9481
vn -0.1579 0.6885 -0.7079
vn -0.2118 0.0605 -0.9754
vn -0.0544 0.9836 -0.1721
vn -0.3539 -0.2602 -0.8984
vn -0.2572 0.7109 -0.6545
vn -0.3566 0.0627 -0.9321
vn -0.0877 0.9836 -0.1573
vn -0.3544 -0.1285 -0.9262
vn -0.4604 0.8306 -0.3133
vn -0.3600 -0.1111 -0.9263
vn -0.7738 0.4485 -0.4473
vn -0.3645 0.0819 -0.9276
vn -0.5233 0.2037 -0.8275
vn -0.3367 0.3349 -0.8801
vn -0.1940 0.8518 -0.4867
vn -0.5084 -0.1241 -0.8521
vn -0.3853 0.6491 -0.6559
vn -0.5145 0.0895 -0.8528
vn -0.4814 0.3107 -0.8196
vn -0.4743 0.3506 -0.8075
vn -0.4949 -0.2927 -0.8182
vn -0.3474 0.7401 -0.5758
vn -0.5054 0.0660 -0.8604
vn -0.1166 0.9838 -0.1363
vn -0.5018 -0.1352 -0.8543
vn -0.6305 -0.3313 -0.7020
vn -0.4247 0.7713 -0.4741
vn -0.6557 0.0703 -0.7518
vn -0.1400 0.9840 -0.1102
vn -0.6505 -0.1438 -0.7458
vn -0.3126 0.8977 -0.3105
vn -0.6566 -0.1403 -0.7411
vn -0.4864 0.6725 -0.5577
vn -0.6639 0.0989 -0.7412
vn -0.6210 0.3277 -0.7120
vn -0.6106 0.3703 -0.7001
vn -0.7956 -0.1577 -0.5849
vn -0.6808 0.7086 -0.1855
vn -0.8040 0.1090 -0.5846
vn -0.8014 0.4279 -0.4178
vn -0.7372 0.3919 -0.5505
vn -0.7519 -0.3707 -0.5452
vn -0.4856 0.7997 -0.3531
vn -0.7990 0.0751 -0.5967
vn -0.1609 0.9842 -0.0738
vn -0.7917 -0.1535 -0.5913
vn -0.4062 0.9061 -0.1184
vn -0.5276 0.8211 -0.2177
vn -0.9178 0.0795 -0.3890
vn -0.1624 0.9843 -0.0688
vn -0.9085 -0.1623 -0.3850
vn -0.4527 0.8908 -0.0387
vn -0.9089 -0.1733 -0.3792
vn -0.6985 0.7156 -0.0050
vn -0.9179 0.1179 -0.3788
vn -0.8199 0.5284 -0.2206
vn -0.8393 0.4112 -0.3557
vn -0.8460 -0.4038 -0.3482
vn -0.9836 0.1233 -0.1318
vn -0.8143 0.5696 -0.1120
vn -0.8977 0.4229 -0.1235
vn -0.8955 -0.4405 -0.0645
vn -0.5651 0.8077 -0.1680
vn -0.9873 0.0822 -0.1359
vn -0.1691 0.9853 -0.0233
vn -0.9766 -0.1677 -0.1344
vn -0.4663 0.8823 -0.0642
vn -0.9742 -0.1831 -0.1320
vn -0.6785 0.7287 -0.0934
vn -0.9850 0.0687 0.1581
vn -0.1691 0.9853 0.0233
vn -0.9806 -0.1820 0.0727
vn -0.4663 0.8823 0.0642
vn -0.9740 -0.1839 0.1319
vn -0.6785 0.7287 0.0934
vn -0.9836 0.1233 0.1318
vn -0.8143 0.5696 0.1120
vn -0.8977 0.4229 0.1235
vn -0.8818 -0.4567 0.1178
vn -0.5998 0.7961 0.0804
vn -0.7650 0.5565 0.3242
vn -0.8393 0.4112 0.3557
vn -0.8073 -0.4477 0.3844
vn -0.6124 0.7719 0.1706
vn -0.9192 0.0571 0.3896
vn -0.1624 0.9843 0.0688
vn -0.9037 -0.1916 0.3830
vn -0.4449 0.8755 0.1885
vn -0.9085 -0.1757 0.3791
vn -0.6419 0.7169 0.2720
vn -0.9179 0.1179 0.3788
vn -0.8001 0.0540 0.5975
vn -0.1494 0.9825 0.1116
vn -0.7880 -0.1813 0.5884
vn -0.4043 0.8634 0.3019
vn -0.7951 -0.1613 0.5846
vn -0.5748 0.6966 0.4293
vn -0.8040 0.1090 0.5846
vn -0.6772 0.5345 0.5057
vn -0.7372 0.3919 0.5505
vn -0.7292 -0.4343 0.5288
vn -0.5582 0.7236 0.4059
vn -0.6106 0.3703 0.7001
vn -0.7159 -0.3480 0.6053
vn -0.6833 0.6369 0.3571
vn -0.6564 0.0505 0.7527
vn -0.1306 0.9801 0.1498
vn -0.6477 -0.1700 0.7427
vn -0.3482 0.8482 0.3992
vn -0.6561 -0.1449 0.7406
vn -0.4864 0.6725 0.5577
vn -0.6639 0.0989 0.7412
vn -0.5656 0.5094 0.6485
vn -0.1069 0.9775 0.1820
vn -0.6009 -0.2078 0.7718
vn -0.2805 0.8327 0.4775
vn -0.5081 -0.1294 0.8515
vn -0.5145 0.0895 0.8528
vn -0.2853 0.3854 0.8775
vn -0.5377 0.0685 0.8404
vn -0.1738 0.5380 0.8248
vn -0.3560 0.0866 0.9305
vn -0.0792 0.9751 0.2071
vn -0.3456 -0.2537 0.9034
vn -0.2050 0.8190 0.5359
vn -0.3597 -0.1169 0.9257
vn -0.3645 0.0819 0.9276
vn -0.2055 -0.2498 0.9462
vn -0.1247 0.8090 0.5744
vn -0.2141 -0.1083 0.9708
vn -0.2170 0.0767 0.9732
vn -0.0788 0.6671 0.7408
vn -0.2114 0.0879 0.9734
vn -0.0487 0.9733 0.2243
vn 0.0139 0.7453 0.6666
vn -0.0700 0.0885 0.9936
vn -0.0164 0.9723 0.2331
vn -0.0681 -0.2478 0.9664
vn -0.0418 0.8038 0.5934
vn -0.0708 -0.1042 0.9920
vn -0.0715 0.0740 0.9947
vn -0.7120 0.6151 0.3386
vn -0.6436 0.6662 0.3768
vn -0.7572 0.6521 -0.0373
vn -0.2104 0.7703 -0.6020
vn -0.1855 0.8000 -0.5706
vn -0.0140 0.7231 0.6906
vn -0.7624 0.6460 0.0376
vn -0.0122 0.7989 -0.6013
vn -0.2402 0.6856 0.6872
vn -0.5994 0.7194 -0.3510
vn -0.2069 0.7271 0.6546
vn -0.4933 0.6378 0.5915
vn -0.3767 0.7707 -0.5139
vn -0.4218 0.7007 0.5754
vn -0.6709 0.6694 -0.3191
vn -0.4429 0.7223 -0.5311
vn 0.9061 -0.4059 0.1195
vn 0.8859 0.4450 -0.1310
vn 0.8260 -0.5407 0.1592
vn 0.9512 -0.2961 0.0871
vn 0.0612 0.9575 -0.2818
vn 0.6150 0.7564 -0.2226
vn 0.5216 0.8185 -0.2409
vn 0.5579 0.7962 -0.2343
vn 0.4362 0.8632 -0.2541
vn 0.6678 0.7141 -0.2102
vn 0.0199 0.9591 -0.2823
vn 0.4537 0.8732 -0.1779
vn 0.1636 0.9464 -0.2785
vn 0.1074 0.9538 -0.2807
vn 0.4095 0.8752 -0.2576
vn 0.4201 0.8705 -0.2562
vn 0.8834 0.4495 -0.1323
vn -0.3853 0.6491 0.6559
vn -0.4427 0.4858 0.7537
vn -0.4743 0.3506 0.8075
vn -0.5197 -0.0539 0.8526
vn -0.3367 0.3349 0.8801
vn -0.3617 0.0093 0.9322
vn -0.2776 0.6295 0.7257
vn -0.3160 0.4667 0.8260
vn -0.1672 0.6156 0.7701
vn -0.1891 0.4535 0.8710
vn -0.2007 0.3242 0.9245
vn -0.2149 0.0356 0.9760
vn -0.0712 0.0487 0.9963
vn 0.0558 -0.6085 -0.7916
vn -0.0629 0.4468 0.8924
vn -0.0667 0.3188 0.9455
vn -0.0558 0.6085 0.7916
vn 0.0503 -0.0224 0.9985
vn -0.2023 -0.0341 0.9787
vn -0.0712 0.0479 0.9963
vn -0.3686 -0.1422 0.9186
vn -0.3625 -0.2453 0.8991
vn -0.2093 0.0361 0.9772
vn -0.3481 -0.2799 0.8947
vn -0.4552 -0.2916 0.8413
vn -0.3606 0.0060 0.9327
vn -0.4741 -0.2336 0.8490
vn -0.4594 -0.0547 0.8865
vn -0.5519 -0.1075 0.8270
vn -0.6346 -0.7086 0.3085
vn -0.0566 0.5943 0.8023
vn -0.1777 0.5465 0.8184
vn -0.3229 0.4280 0.8441
vn -0.4977 0.1855 0.8473
vn -0.3606 0.9274 -0.0993
vn -0.2761 0.9499 -0.1463
vn -0.3947 0.8787 -0.2686
vn -0.1940 0.9612 -0.1963
vn -0.0506 0.9635 -0.2628
vn -0.2244 0.9431 -0.2455
vn -0.1633 0.9312 -0.3258
vn -0.3127 0.8723 -0.3758
vn -0.3783 0.8976 -0.2264
vn -0.0000 -1.0000 -0.0000
vt 0.750000 0.375000
vt 0.750000 0.437500
vt 0.718750 0.437500
vt 0.718750 0.375000
vt 0.750000 0.812500
vt 0.750000 0.875000
vt 0.734375 0.875000
vt 0.718750 0.875000
vt 0.718750 0.812500
vt 0.750000 0.312500
vt 0.718750 0.312500
vt 0.750000 0.750000
vt 0.718750 0.750000
vt 0.750000 0.687500
vt 0.718750 0.687500
vt 0.750000 0.625000
vt 0.718750 0.625000
vt 0.750000 0.562500
vt 0.718750 0.562500
vt 0.750000 0.500000
vt 0.718750 0.500000
vt 0.750000 0.937500
vt 0.734375 1.000000
vt 0.718750 0.937500
vt 0.734375 0.937500
vt 0.734375 0.906250
vt 0.718750 0.906250
vt 0.687500 0.500000
vt 0.687500 0.437500
vt 0.703125 0.906250
vt 0.703125 0.937500
vt 0.687500 0.937500
vt 0.687500 0.906250
vt 0.687500 0.375000
vt 0.703125 0.875000
vt 0.687500 0.875000
vt 0.687500 0.812500
vt 0.687500 0.312500
vt 0.687500 0.750000
vt 0.687500 0.687500
vt 0.687500 0.625000
vt 0.687500 0.562500
vt 0.703125 1.000000
vt 0.656250 0.687500
vt 0.656250 0.625000
vt 0.656250 0.562500
vt 0.656250 0.500000
vt 0.671875 1.000000
vt 0.656250 0.937500
vt 0.671875 0.937500
vt 0.656250 0.437500
vt 0.671875 0.906250
vt 0.656250 0.906250
vt 0.656250 0.375000
vt 0.671875 0.875000
vt 0.656250 0.875000
vt 0.656250 0.812500
vt 0.656250 0.312500
vt 0.656250 0.750000
vt 0.625000 0.937500
vt 0.625000 0.875000
vt 0.625000 0.437500
vt 0.625000 0.375000
vt 0.625000 0.812500
vt 0.625000 0.312500
vt 0.625000 0.750000
vt 0.625000 0.687500
vt 0.625000 0.625000
vt 0.625000 0.562500
vt 0.625000 0.500000
vt 0.640625 1.000000
vt 0.593750 0.687500
vt 0.593750 0.625000
vt 0.593750 0.562500
vt 0.593750 0.500000
vt 0.609375 1.000000
vt 0.593750 0.937500
vt 0.593750 0.437500
vt 0.593750 0.875000
vt 0.593750 0.375000
vt 0.593750 0.812500
vt 0.593750 0.312500
vt 0.593750 0.750000
vt 0.562500 0.437500
vt 0.562500 0.375000
vt 0.562500 0.875000
vt 0.562500 0.812500
vt 0.562500 0.312500
vt 0.562500 0.750000
vt 0.562500 0.687500
vt 0.562500 0.625000
vt 0.562500 0.562500
vt 0.562500 0.500000
vt 0.578125 1.000000
vt 0.562500 0.937500
vt 0.531250 0.625000
vt 0.531250 0.562500
vt 0.531250 0.500000
vt 0.546875 1.000000
vt 0.531250 0.937500
vt 0.531250 0.437500
vt 0.531250 0.875000
vt 0.531250 0.375000
vt 0.531250 0.812500
vt 0.531250 0.312500
vt 0.531250 0.750000
vt 0.531250 0.687500
vt 0.500000 0.375000
vt 0.500000 0.312500
vt 0.500000 0.812500
vt 0.500000 0.750000
vt 0.500000 0.687500
vt 0.500000 0.625000
vt 0.500000 0.562500
vt 0.500000 0.500000
vt 0.515625 1.000000
vt 0.500000 0.937500
vt 0.500000 0.437500
vt 0.500000 0.875000
vt 0.468750 0.562500
vt 0.468750 0.500000
vt 0.484375 1.000000
vt 0.468750 0.937500
vt 0.468750 0.437500
vt 0.468750 0.875000
vt 0.468750 0.375000
vt 0.468750 0.812500
vt 0.468750 0.312500
vt 0.468750 0.750000
vt 0.468750 0.687500
vt 0.468750 0.625000
vt 0.437500 0.812500
vt 0.437500 0.750000
vt 0.437500 0.687500
vt 0.437500 0.625000
vt 0.437500 0.562500
vt 0.437500 0.500000
vt 0.453125 1.000000
vt 0.437500 0.937500
vt 0.437500 0.437500
vt 0.437500 0.875000
vt 0.437500 0.375000
vt 0.437500 0.312500
vt 0.406250 0.562500
vt 0.406250 0.500000
vt 0.421875 1.000000
vt 0.406250 0.937500
vt 0.406250 0.437500
vt 0.406250 0.875000
vt 0.406250 0.375000
vt 0.406250 0.812500
vt 0.406250 0.312500
vt 0.406250 0.750000
vt 0.406250 0.687500
vt 0.406250 0.625000
vt 0.375000 0.750000
vt 0.375000 0.718750
vt 0.375000 0.687500
vt 0.375000 0.656250
vt 0.375000 0.625000
vt 0.375000 0.562500
vt 0.375000 0.500000
vt 0.390625 1.000000
vt 0.375000 0.937500
vt 0.375000 0.437500
vt 0.375000 0.875000
vt 0.375000 0.375000
vt 0.375000 0.843750
vt 0.375000 0.812500
vt 0.375000 0.312500
vt 0.375000 0.781250
vt 0.359375 1.000000
vt 0.343750 0.937500
vt 0.343750 0.500000
vt 0.343750 0.437500
vt 0.343750 0.875000
vt 0.359375 0.875000
vt 0.343750 0.375000
vt 0.343750 0.312500
vt 0.359375 0.625000
vt 0.343750 0.625000
vt 0.343750 0.562500
vt 0.328125 0.625000
vt 0.312500 0.625000
vt 0.312500 0.562500
vt 0.312500 0.500000
vt 0.328125 1.000000
vt 0.312500 0.937500
vt 0.312500 0.437500
vt 0.312500 0.875000
vt 0.328125 0.875000
vt 0.312500 0.375000
vt 0.312500 0.312500
vt 0.281250 0.500000
vt 0.281250 0.437500
vt 0.281250 0.937500
vt 0.281250 0.875000
vt 0.296875 0.875000
vt 0.281250 0.375000
vt 0.281250 0.312500
vt 0.296875 0.625000
vt 0.281250 0.625000
vt 0.281250 0.562500
vt 0.296875 1.000000
vt 0.265625 0.625000
vt 0.250000 0.625000
vt 0.250000 0.562500
vt 0.250000 0.500000
vt 0.265625 1.000000
vt 0.250000 0.937500
vt 0.250000 0.437500
vt 0.250000 0.875000
vt 0.265625 0.875000
vt 0.250000 0.375000
vt 0.250000 0.312500
vt 0.359375 0.843750
vt 0.343750 0.843750
vt 0.359375 0.781250
vt 0.359375 0.812500
vt 0.343750 0.812500
vt 0.343750 0.781250
vt 0.359375 0.718750
vt 0.359375 0.750000
vt 0.343750 0.750000
vt 0.343750 0.718750
vt 0.359375 0.656250
vt 0.359375 0.687500
vt 0.343750 0.687500
vt 0.343750 0.656250
vt 0.328125 0.718750
vt 0.328125 0.750000
vt 0.312500 0.750000
vt 0.312500 0.718750
vt 0.328125 0.656250
vt 0.328125 0.687500
vt 0.312500 0.687500
vt 0.312500 0.656250
vt 0.328125 0.843750
vt 0.312500 0.843750
vt 0.328125 0.781250
vt 0.328125 0.812500
vt 0.312500 0.812500
vt 0.312500 0.781250
vt 0.296875 0.843750
vt 0.281250 0.843750
vt 0.296875 0.781250
vt 0.296875 0.812500
vt 0.281250 0.812500
vt 0.281250 0.781250
vt 0.296875 0.718750
vt 0.296875 0.750000
vt 0.281250 0.750000
vt 0.281250 0.718750
vt 0.296875 0.656250
vt 0.296875 0.687500
vt 0.281250 0.687500
vt 0.281250 0.656250
vt 0.265625 0.656250
vt 0.265625 0.687500
vt 0.250000 0.687500
vt 0.250000 0.656250
vt 0.265625 0.843750
vt 0.250000 0.843750
vt 0.265625 0.781250
vt 0.265625 0.812500
vt 0.250000 0.812500
vt 0.250000 0.781250
vt 0.265625 0.718750
vt 0.265625 0.750000
vt 0.250000 0.750000
vt 0.250000 0.718750
vt 0.000000 0.000000
vt 0.750000 0.906250
s 0
usemtl Material.001
f 189/1/1 5/2/1 15/3/1 16/4/1
f 1/5/2 186/6/2 297/7/2 8/8/2 9/9/2
f 6/10/3 189/1/3 16/4/3 17/11/3
f 187/12/4 1/5/4 9/9/4 10/13/4
f 2/14/5 187/12/5 10/13/5 11/15/5
f 188/16/6 2/14/6 11/15/6 12/17/6
f 3/18/7 188/16/7 12/17/7 13/19/7
f 4/20/8 3/18/8 13/19/8 14/21/8
f 185/22/9 62/23/9 7/24/9 298/25/9
f 5/2/10 4/20/10 14/21/10 15/3/10
f 301/26/11 298/25/11 7/24/11 289/27/11
f 15/3/12 14/21/12 25/28/12 26/29/12
f 300/30/13 292/31/13 18/32/13 290/33/13
f 16/4/14 15/3/14 26/29/14 27/34/14
f 9/9/15 8/8/15 291/35/15 19/36/15 20/37/15
f 17/11/16 16/4/16 27/34/16 28/38/16
f 10/13/17 9/9/17 20/37/17 21/39/17
f 11/15/18 10/13/18 21/39/18 22/40/18
f 12/17/19 11/15/19 22/40/19 23/41/19
f 13/19/20 12/17/20 23/41/20 24/42/20
f 14/21/21 13/19/21 24/42/21 25/28/21
f 7/24/22 62/43/22 18/32/22 292/31/22
f 23/41/23 22/40/23 33/44/23 34/45/23
f 24/42/24 23/41/24 34/45/24 35/46/24
f 25/28/25 24/42/25 35/46/25 36/47/25
f 18/32/26 62/48/26 29/49/26 294/50/26
f 26/29/27 25/28/27 36/47/27 37/51/27
f 299/52/28 294/50/28 29/49/28 293/53/28
f 27/34/29 26/29/29 37/51/29 38/54/29
f 20/37/30 19/36/30 295/55/30 30/56/30 31/57/30
f 28/38/31 27/34/31 38/54/31 39/58/31
f 21/39/32 20/37/32 31/57/32 32/59/32
f 22/40/33 21/39/33 32/59/33 33/44/33
f 30/56/34 293/53/34 29/49/34 40/60/34 41/61/34
f 38/54/35 37/51/35 48/62/35 49/63/35
f 31/57/36 30/56/36 41/61/36 42/64/36
f 39/58/37 38/54/37 49/63/37 50/65/37
f 32/59/38 31/57/38 42/64/38 43/66/38
f 33/44/39 32/59/39 43/66/39 44/67/39
f 34/45/40 33/44/40 44/67/40 45/68/40
f 35/46/41 34/45/41 45/68/41 46/69/41
f 36/47/42 35/46/42 46/69/42 47/70/42
f 29/49/43 62/71/43 40/60/43
f 37/51/44 36/47/44 47/70/44 48/62/44
f 45/68/45 44/67/45 55/72/45 56/73/45
f 46/69/46 45/68/46 56/73/46 57/74/46
f 47/70/47 46/69/47 57/74/47 58/75/47
f 40/60/48 62/76/48 51/77/48
f 48/62/49 47/70/49 58/75/49 59/78/49
f 41/61/50 40/60/50 51/77/50 52/79/50
f 49/63/51 48/62/51 59/78/51 60/80/51
f 42/64/52 41/61/52 52/79/52 53/81/52
f 50/65/53 49/63/53 60/80/53 61/82/53
f 43/66/54 42/64/54 53/81/54 54/83/54
f 44/67/55 43/66/55 54/83/55 55/72/55
f 60/80/56 59/78/56 71/84/56 72/85/56
f 53/81/57 52/79/57 64/86/57 65/87/57
f 61/82/58 60/80/58 72/85/58 73/88/58
f 54/83/59 53/81/59 65/87/59 66/89/59
f 55/72/60 54/83/60 66/89/60 67/90/60
f 56/73/61 55/72/61 67/90/61 68/91/61
f 57/74/62 56/73/62 68/91/62 69/92/62
f 58/75/63 57/74/63 69/92/63 70/93/63
f 51/77/64 62/94/64 63/95/64
f 59/78/65 58/75/65 70/93/65 71/84/65
f 52/79/66 51/77/66 63/95/66 64/86/66
f 69/92/67 68/91/67 79/96/67 80/97/67
f 70/93/68 69/92/68 80/97/68 81/98/68
f 63/95/69 62/99/69 74/100/69
f 71/84/70 70/93/70 81/98/70 82/101/70
f 64/86/71 63/95/71 74/100/71 75/102/71
f 72/85/72 71/84/72 82/101/72 83/103/72
f 65/87/73 64/86/73 75/102/73 76/104/73
f 73/88/74 72/85/74 83/103/74 84/105/74
f 66/89/75 65/87/75 76/104/75 77/106/75
f 67/90/76 66/89/76 77/106/76 78/107/76
f 68/91/77 67/90/77 78/107/77 79/96/77
f 84/105/78 83/103/78 94/108/78 95/109/78
f 77/106/79 76/104/79 87/110/79 88/111/79
f 78/107/80 77/106/80 88/111/80 89/112/80
f 79/96/81 78/107/81 89/112/81 90/113/81
f 80/97/82 79/96/82 90/113/82 91/114/82
f 81/98/83 80/97/83 91/114/83 92/115/83
f 74/100/84 62/116/84 85/117/84
f 82/101/85 81/98/85 92/115/85 93/118/85
f 75/102/86 74/100/86 85/117/86 86/119/86
f 83/103/87 82/101/87 93/118/87 94/108/87
f 76/104/88 75/102/88 86/119/88 87/110/88
f 92/115/89 91/114/89 102/120/89 103/121/89
f 85/117/90 62/122/90 96/123/90
f 93/118/91 92/115/91 103/121/91 104/124/91
f 86/119/92 85/117/92 96/123/92 97/125/92
f 94/108/93 93/118/93 104/124/93 105/126/93
f 87/110/94 86/119/94 97/125/94 98/127/94
f 95/109/95 94/108/95 105/126/95 106/128/95
f 88/111/96 87/110/96 98/127/96 99/129/96
f 89/112/97 88/111/97 99/129/97 100/130/97
f 90/113/98 89/112/98 100/130/98 101/131/98
f 91/114/99 90/113/99 101/131/99 102/120/99
f 99/129/100 98/127/100 109/132/100 110/133/100
f 100/130/101 99/129/101 110/133/101 111/134/101
f 101/131/102 100/130/102 111/134/102 112/135/102
f 102/120/103 101/131/103 112/135/103 113/136/103
f 103/121/104 102/120/104 113/136/104 114/137/104
f 96/123/105 62/138/105 107/139/105
f 104/124/106 103/121/106 114/137/106 115/140/106
f 97/125/107 96/123/107 107/139/107 108/141/107
f 105/126/108 104/124/108 115/140/108 116/142/108
f 98/127/109 97/125/109 108/141/109 109/132/109
f 106/128/110 105/126/110 116/142/110 117/143/110
f 114/137/111 113/136/111 124/144/111 125/145/111
f 107/139/112 62/146/112 118/147/112
f 115/140/113 114/137/113 125/145/113 126/148/113
f 108/141/114 107/139/114 118/147/114 119/149/114
f 116/142/115 115/140/115 126/148/115 127/150/115
f 109/132/116 108/141/116 119/149/116 120/151/116
f 117/143/117 116/142/117 127/150/117 128/152/117
f 110/133/118 109/132/118 120/151/118 121/153/118
f 111/134/119 110/133/119 121/153/119 122/154/119
f 112/135/120 111/134/120 122/154/120 123/155/120
f 113/136/121 112/135/121 123/155/121 124/144/121
f 122/154/122 121/153/122 132/156/122 196/157/122 133/158/122
f 123/155/123 122/154/123 133/158/123 197/159/123 134/160/123
f 124/144/124 123/155/124 134/160/124 135/161/124
f 125/145/125 124/144/125 135/161/125 136/162/125
f 118/147/126 62/163/126 129/164/126
f 126/148/127 125/145/127 136/162/127 137/165/127
f 119/149/128 118/147/128 129/164/128 130/166/128
f 127/150/129 126/148/129 137/165/129 138/167/129
f 120/151/130 119/149/130 130/166/130 194/168/130 131/169/130
f 128/152/131 127/150/131 138/167/131 139/170/131
f 121/153/132 120/151/132 131/169/132 195/171/132 132/156/132
f 129/164/133 62/172/133 140/173/133
f 137/165/134 136/162/134 144/174/134 145/175/134
f 130/166/135 129/164/135 140/173/135 141/176/135 198/177/135
f 138/167/136 137/165/136 145/175/136 146/178/136
f 139/170/137 138/167/137 146/178/137 147/179/137
f 135/161/138 134/160/138 199/180/138 142/181/138 143/182/138
f 136/162/139 135/161/139 143/182/139 144/174/139
f 143/182/140 142/181/140 200/183/140 150/184/140 151/185/140
f 144/174/141 143/182/141 151/185/141 152/186/141
f 140/173/142 62/187/142 148/188/142
f 145/175/143 144/174/143 152/186/143 153/189/143
f 141/176/144 140/173/144 148/188/144 149/190/144 201/191/144
f 146/178/145 145/175/145 153/189/145 154/192/145
f 147/179/146 146/178/146 154/192/146 155/193/146
f 153/189/147 152/186/147 160/194/147 161/195/147
f 149/190/148 148/188/148 156/196/148 157/197/148 202/198/148
f 154/192/149 153/189/149 161/195/149 162/199/149
f 155/193/150 154/192/150 162/199/150 163/200/150
f 151/185/151 150/184/151 203/201/151 158/202/151 159/203/151
f 152/186/152 151/185/152 159/203/152 160/194/152
f 148/188/153 62/204/153 156/196/153
f 159/203/154 158/202/154 204/205/154 166/206/154 167/207/154
f 160/194/155 159/203/155 167/207/155 168/208/155
f 156/196/156 62/209/156 164/210/156
f 161/195/157 160/194/157 168/208/157 169/211/157
f 157/197/158 156/196/158 164/210/158 165/212/158 205/213/158
f 162/199/159 161/195/159 169/211/159 170/214/159
f 163/200/160 162/199/160 170/214/160 171/215/160
f 95/109/161 106/128/161 179/128/161 180/109/161
f 128/152/162 139/170/162 176/170/162 177/152/162
f 73/88/163 84/105/163 181/105/163 182/88/163
f 39/58/164 50/65/164 184/65/164 190/58/164
f 6/10/165 17/11/165 192/11/165 193/10/165
f 155/193/166 163/200/166 173/200/166 174/193/166
f 106/128/167 117/143/167 178/143/167 179/128/167
f 17/11/168 28/38/168 191/38/168 192/11/168
f 139/170/169 147/179/169 175/179/169 176/170/169
f 50/65/170 61/82/170 183/82/170 184/65/170
f 163/200/171 171/215/171 172/215/171 173/200/171
f 117/143/172 128/152/172 177/152/172 178/143/172
f 28/38/173 39/58/173 190/58/173 191/38/173
f 147/179/174 155/193/174 174/193/174 175/179/174
f 84/105/175 95/109/175 180/109/175 181/105/175
f 61/82/176 73/88/176 182/88/176 183/82/176
f 195/171/177 131/169/177 207/169/177 208/171/177
f 134/160/178 197/159/178 212/159/178 213/160/178
f 194/168/179 130/166/179 223/166/179 206/168/179
f 133/158/180 196/157/180 210/157/180 211/158/180
f 202/198/181 157/197/181 267/197/181 250/198/181
f 132/156/177 195/171/177 208/171/177 209/156/177
f 203/201/182 150/184/182 235/184/182 255/201/182
f 142/181/183 199/180/183 227/180/183 221/181/183
f 131/169/179 194/168/179 206/168/179 207/169/179
f 200/183/184 142/181/184 221/181/184 238/183/184
f 204/205/185 158/202/185 249/202/185 264/205/185
f 199/180/186 134/160/186 213/160/186 227/180/186
f 205/213/187 165/212/187 270/212/187 266/213/187
f 166/206/188 204/205/188 264/205/188 263/206/188
f 198/177/189 141/176/189 240/176/189 222/177/189
f 201/191/190 149/190/190 251/190/190 239/191/190
f 150/184/191 200/183/191 238/183/191 235/184/191
f 149/190/181 202/198/181 250/198/181 251/190/181
f 130/166/189 198/177/189 222/177/189 223/166/189
f 157/197/187 205/213/187 266/213/187 267/197/187
f 158/202/192 203/201/192 255/201/192 249/202/192
f 197/159/193 133/158/193 211/158/193 212/159/193
f 141/176/190 201/191/190 239/191/190 240/176/190
f 196/157/180 132/156/180 209/156/180 210/157/180
f 286/216/194 222/177/194 240/176/194 214/217/194
f 285/218/195 224/219/195 215/220/195 216/221/195
f 284/222/196 225/223/196 217/224/196 218/225/196
f 283/226/197 226/227/197 219/228/197 220/229/197
f 282/230/198 237/231/198 231/232/198 232/233/198
f 281/234/199 236/235/199 233/236/199 234/237/199
f 280/238/200 239/191/200 251/190/200 228/239/200
f 279/240/201 241/241/201 229/242/201 230/243/201
f 278/244/202 250/198/202 267/197/202 242/245/202
f 277/246/203 252/247/203 243/248/203 244/249/203
f 276/250/204 253/251/204 245/252/204 246/253/204
f 275/254/205 254/255/205 247/256/205 248/257/205
f 274/258/206 265/259/206 261/260/206 262/261/206
f 273/262/207 266/213/207 270/212/207 256/263/207
f 272/264/208 268/265/208 257/266/208 258/267/208
f 271/268/209 269/269/209 259/270/209 260/271/209
f 265/259/209 271/268/209 260/271/209 261/260/209
f 247/256/209 246/253/209 271/268/209 265/259/209
f 246/253/209 245/252/209 269/269/209 271/268/209
f 269/269/208 272/264/208 258/267/208 259/270/208
f 245/252/208 244/249/208 272/264/208 269/269/208
f 244/249/208 243/248/208 268/265/208 272/264/208
f 268/265/207 273/262/207 256/263/207 257/266/207
f 243/248/207 242/245/207 273/262/207 268/265/207
f 242/245/207 267/197/207 266/213/207 273/262/207
f 264/205/210 274/258/210 262/261/210 263/206/210
f 249/202/211 248/257/211 274/258/211 264/205/211
f 248/257/212 247/256/212 265/259/212 274/258/212
f 255/201/213 275/254/213 248/257/213 249/202/213
f 235/184/214 234/237/214 275/254/214 255/201/214
f 234/237/215 233/236/215 254/255/215 275/254/215
f 254/255/204 276/250/204 246/253/204 247/256/204
f 233/236/204 232/233/204 276/250/204 254/255/204
f 232/233/204 231/232/204 253/251/204 276/250/204
f 253/251/203 277/246/203 244/249/203 245/252/203
f 231/232/203 230/243/203 277/246/203 253/251/203
f 230/243/203 229/242/203 252/247/203 277/246/203
f 252/247/202 278/244/202 242/245/202 243/248/202
f 229/242/202 228/239/202 278/244/202 252/247/202
f 228/239/202 251/190/202 250/198/202 278/244/202
f 237/231/201 279/240/201 230/243/201 231/232/201
f 217/224/201 216/221/201 279/240/201 237/231/201
f 216/221/201 215/220/201 241/241/201 279/240/201
f 241/241/200 280/238/200 228/239/200 229/242/200
f 215/220/200 214/217/200 280/238/200 241/241/200
f 214/217/200 240/176/200 239/191/200 280/238/200
f 238/183/216 281/234/216 234/237/216 235/184/216
f 221/181/217 220/229/217 281/234/217 238/183/217
f 220/229/218 219/228/218 236/235/218 281/234/218
f 236/235/198 282/230/198 232/233/198 233/236/198
f 219/228/198 218/225/198 282/230/198 236/235/198
f 218/225/198 217/224/198 237/231/198 282/230/198
f 227/180/219 283/226/219 220/229/219 221/181/219
f 213/160/220 212/159/220 283/226/220 227/180/220
f 212/159/221 211/158/221 226/227/221 283/226/221
f 226/227/196 284/222/196 218/225/196 219/228/196
f 211/158/196 210/157/196 284/222/196 226/227/196
f 210/157/196 209/156/196 225/223/196 284/222/196
f 225/223/195 285/218/195 216/221/195 217/224/195
f 209/156/195 208/171/195 285/218/195 225/223/195
f 208/171/195 207/169/195 224/219/195 285/218/195
f 224/219/194 286/216/194 214/217/194 215/220/194
f 207/169/194 206/168/194 286/216/194 224/219/194
f 206/168/194 223/166/194 222/177/194 286/216/194
f 287/212/222 288/212/222 223/166/222 130/166/222
f 205/213/223 165/212/223 287/212/223
f 157/197/223 205/213/223 287/212/223
f 202/198/224 157/197/224 287/212/224
f 149/190/224 202/198/224 287/212/224
f 201/191/225 149/190/225 287/212/225
f 141/176/225 201/191/225 287/212/225
f 198/177/226 141/176/226 287/212/226
f 287/272/226 130/272/226 198/272/226
f 295/55/227 299/52/227 293/53/227 30/56/227
f 19/36/228 290/33/228 299/52/228 295/55/228
f 290/33/229 18/32/229 294/50/229 299/52/229
f 291/35/230 300/30/230 290/33/230 19/36/230
f 8/8/231 289/27/231 300/30/231 291/35/231
f 289/27/232 7/24/232 292/31/232 300/30/232
f 297/7/233 301/26/233 289/27/233 8/8/233
f 186/6/234 296/273/234 301/26/234 297/7/234
f 296/273/235 185/22/235 298/25/235 301/26/235
f 490/1/236 317/4/236 316/3/236 306/2/236
f 302/5/237 310/9/237 309/8/237 598/7/237 487/6/237
f 307/10/238 318/11/238 317/4/238 490/1/238
f 488/12/239 311/13/239 310/9/239 302/5/239
f 303/14/240 312/15/240 311/13/240 488/12/240
f 489/16/241 313/17/241 312/15/241 303/14/241
f 304/18/242 314/19/242 313/17/242 489/16/242
f 305/20/243 315/21/243 314/19/243 304/18/243
f 486/22/244 599/25/244 308/24/244 363/23/244
f 306/2/245 316/3/245 315/21/245 305/20/245
f 602/26/246 590/27/246 308/24/246 599/25/246
f 316/3/247 327/29/247 326/28/247 315/21/247
f 601/30/248 591/33/248 319/32/248 593/31/248
f 317/4/249 328/34/249 327/29/249 316/3/249
f 310/9/250 321/37/250 320/36/250 592/35/250 309/8/250
f 318/11/251 329/38/251 328/34/251 317/4/251
f 311/13/252 322/39/252 321/37/252 310/9/252
f 312/15/253 323/40/253 322/39/253 311/13/253
f 313/17/254 324/41/254 323/40/254 312/15/254
f 314/19/255 325/42/255 324/41/255 313/17/255
f 315/21/256 326/28/256 325/42/256 314/19/256
f 308/24/257 593/31/257 319/32/257 363/43/257
f 324/41/258 335/45/258 334/44/258 323/40/258
f 325/42/259 336/46/259 335/45/259 324/41/259
f 326/28/260 337/47/260 336/46/260 325/42/260
f 319/32/261 595/50/261 330/49/261 363/48/261
f 327/29/262 338/51/262 337/47/262 326/28/262
f 600/52/263 594/53/263 330/49/263 595/50/263
f 328/34/264 339/54/264 338/51/264 327/29/264
f 321/37/265 332/57/265 331/56/265 596/55/265 320/36/265
f 329/38/266 340/58/266 339/54/266 328/34/266
f 322/39/267 333/59/267 332/57/267 321/37/267
f 323/40/268 334/44/268 333/59/268 322/39/268
f 331/56/269 342/61/269 341/60/269 330/49/269 594/53/269
f 339/54/270 350/63/270 349/62/270 338/51/270
f 332/57/271 343/64/271 342/61/271 331/56/271
f 340/58/272 351/65/272 350/63/272 339/54/272
f 333/59/273 344/66/273 343/64/273 332/57/273
f 334/44/274 345/67/274 344/66/274 333/59/274
f 335/45/275 346/68/275 345/67/275 334/44/275
f 336/46/276 347/69/276 346/68/276 335/45/276
f 337/47/277 348/70/277 347/69/277 336/46/277
f 330/49/278 341/60/278 363/71/278
f 338/51/279 349/62/279 348/70/279 337/47/279
f 346/68/280 357/73/280 356/72/280 345/67/280
f 347/69/281 358/74/281 357/73/281 346/68/281
f 348/70/282 359/75/282 358/74/282 347/69/282
f 341/60/283 352/77/283 363/76/283
f 349/62/284 360/78/284 359/75/284 348/70/284
f 342/61/285 353/79/285 352/77/285 341/60/285
f 350/63/286 361/80/286 360/78/286 349/62/286
f 343/64/287 354/81/287 353/79/287 342/61/287
f 351/65/288 362/82/288 361/80/288 350/63/288
f 344/66/289 355/83/289 354/81/289 343/64/289
f 345/67/290 356/72/290 355/83/290 344/66/290
f 361/80/291 373/85/291 372/84/291 360/78/291
f 354/81/292 366/87/292 365/86/292 353/79/292
f 362/82/293 374/88/293 373/85/293 361/80/293
f 355/83/294 367/89/294 366/87/294 354/81/294
f 356/72/295 368/90/295 367/89/295 355/83/295
f 357/73/296 369/91/296 368/90/296 356/72/296
f 358/74/297 370/92/297 369/91/297 357/73/297
f 359/75/298 371/93/298 370/92/298 358/74/298
f 352/77/299 364/95/299 363/94/299
f 360/78/300 372/84/300 371/93/300 359/75/300
f 353/79/301 365/86/301 364/95/301 352/77/301
f 370/92/302 381/97/302 380/96/302 369/91/302
f 371/93/303 382/98/303 381/97/303 370/92/303
f 364/95/304 375/100/304 363/99/304
f 372/84/305 383/101/305 382/98/305 371/93/305
f 365/86/306 376/102/306 375/100/306 364/95/306
f 373/85/307 384/103/307 383/101/307 372/84/307
f 366/87/308 377/104/308 376/102/308 365/86/308
f 374/88/309 385/105/309 384/103/309 373/85/309
f 367/89/310 378/106/310 377/104/310 366/87/310
f 368/90/311 379/107/311 378/106/311 367/89/311
f 369/91/312 380/96/312 379/107/312 368/90/312
f 385/105/313 396/109/313 395/108/313 384/103/313
f 378/106/314 389/111/314 388/110/314 377/104/314
f 379/107/315 390/112/315 389/111/315 378/106/315
f 380/96/316 391/113/316 390/112/316 379/107/316
f 381/97/317 392/114/317 391/113/317 380/96/317
f 382/98/318 393/115/318 392/114/318 381/97/318
f 375/100/319 386/117/319 363/116/319
f 383/101/320 394/118/320 393/115/320 382/98/320
f 376/102/321 387/119/321 386/117/321 375/100/321
f 384/103/322 395/108/322 394/118/322 383/101/322
f 377/104/323 388/110/323 387/119/323 376/102/323
f 393/115/324 404/121/324 403/120/324 392/114/324
f 386/117/325 397/123/325 363/122/325
f 394/118/326 405/124/326 404/121/326 393/115/326
f 387/119/327 398/125/327 397/123/327 386/117/327
f 395/108/328 406/126/328 405/124/328 394/118/328
f 388/110/329 399/127/329 398/125/329 387/119/329
f 396/109/330 407/128/330 406/126/330 395/108/330
f 389/111/331 400/129/331 399/127/331 388/110/331
f 390/112/332 401/130/332 400/129/332 389/111/332
f 391/113/333 402/131/333 401/130/333 390/112/333
f 392/114/334 403/120/334 402/131/334 391/113/334
f 400/129/335 411/133/335 410/132/335 399/127/335
f 401/130/336 412/134/336 411/133/336 400/129/336
f 402/131/337 413/135/337 412/134/337 401/130/337
f 403/120/338 414/136/338 413/135/338 402/131/338
f 404/121/339 415/137/339 414/136/339 403/120/339
f 397/123/340 408/139/340 363/138/340
f 405/124/341 416/140/341 415/137/341 404/121/341
f 398/125/342 409/141/342 408/139/342 397/123/342
f 406/126/343 417/142/343 416/140/343 405/124/343
f 399/127/344 410/132/344 409/141/344 398/125/344
f 407/128/345 418/143/345 417/142/345 406/126/345
f 415/137/346 426/145/346 425/144/346 414/136/346
f 408/139/347 419/147/347 363/146/347
f 416/140/348 427/148/348 426/145/348 415/137/348
f 409/141/349 420/149/349 419/147/349 408/139/349
f 417/142/350 428/150/350 427/148/350 416/140/350
f 410/132/351 421/151/351 420/149/351 409/141/351
f 418/143/352 429/152/352 428/150/352 417/142/352
f 411/133/353 422/153/353 421/151/353 410/132/353
f 412/134/354 423/154/354 422/153/354 411/133/354
f 413/135/355 424/155/355 423/154/355 412/134/355
f 414/136/356 425/144/356 424/155/356 413/135/356
f 423/154/357 434/158/357 497/157/357 433/156/357 422/153/357
f 424/155/358 435/160/358 498/159/358 434/158/358 423/154/358
f 425/144/359 436/161/359 435/160/359 424/155/359
f 426/145/360 437/162/360 436/161/360 425/144/360
f 419/147/361 430/164/361 363/163/361
f 427/148/362 438/165/362 437/162/362 426/145/362
f 420/149/363 431/166/363 430/164/363 419/147/363
f 428/150/364 439/167/364 438/165/364 427/148/364
f 421/151/365 432/169/365 495/168/365 431/166/365 420/149/365
f 429/152/366 440/170/366 439/167/366 428/150/366
f 422/153/367 433/156/367 496/171/367 432/169/367 421/151/367
f 430/164/368 441/173/368 363/172/368
f 438/165/369 446/175/369 445/174/369 437/162/369
f 431/166/370 499/177/370 442/176/370 441/173/370 430/164/370
f 439/167/371 447/178/371 446/175/371 438/165/371
f 440/170/372 448/179/372 447/178/372 439/167/372
f 436/161/373 444/182/373 443/181/373 500/180/373 435/160/373
f 437/162/374 445/174/374 444/182/374 436/161/374
f 444/182/375 452/185/375 451/184/375 501/183/375 443/181/375
f 445/174/376 453/186/376 452/185/376 444/182/376
f 441/173/377 449/188/377 363/187/377
f 446/175/378 454/189/378 453/186/378 445/174/378
f 442/176/379 502/191/379 450/190/379 449/188/379 441/173/379
f 447/178/380 455/192/380 454/189/380 446/175/380
f 448/179/381 456/193/381 455/192/381 447/178/381
f 454/189/382 462/195/382 461/194/382 453/186/382
f 450/190/383 503/198/383 458/197/383 457/196/383 449/188/383
f 455/192/384 463/199/384 462/195/384 454/189/384
f 456/193/385 464/200/385 463/199/385 455/192/385
f 452/185/386 460/203/386 459/202/386 504/201/386 451/184/386
f 453/186/387 461/194/387 460/203/387 452/185/387
f 449/188/388 457/196/388 363/204/388
f 460/203/389 468/207/389 467/206/389 505/205/389 459/202/389
f 461/194/390 469/208/390 468/207/390 460/203/390
f 457/196/391 465/210/391 363/209/391
f 462/195/392 470/211/392 469/208/392 461/194/392
f 458/197/393 506/213/393 466/212/393 465/210/393 457/196/393
f 463/199/394 471/214/394 470/211/394 462/195/394
f 464/200/395 472/215/395 471/214/395 463/199/395
f 396/109/396 481/109/396 480/128/396 407/128/396
f 429/152/397 478/152/397 477/170/397 440/170/397
f 374/88/398 483/88/398 482/105/398 385/105/398
f 340/58/399 491/58/399 485/65/399 351/65/399
f 307/10/400 494/10/400 493/11/400 318/11/400
f 456/193/401 475/193/401 474/200/401 464/200/401
f 407/128/402 480/128/402 479/143/402 418/143/402
f 318/11/403 493/11/403 492/38/403 329/38/403
f 440/170/404 477/170/404 476/179/404 448/179/404
f 351/65/405 485/65/405 484/82/405 362/82/405
f 464/200/406 474/200/406 473/215/406 472/215/406
f 418/143/407 479/143/407 478/152/407 429/152/407
f 329/38/408 492/38/408 491/58/408 340/58/408
f 448/179/409 476/179/409 475/193/409 456/193/409
f 385/105/410 482/105/410 481/109/410 396/109/410
f 362/82/411 484/82/411 483/88/411 374/88/411
f 496/171/412 509/171/412 508/169/412 432/169/412
f 435/160/413 514/160/413 513/159/413 498/159/413
f 495/168/414 507/168/414 524/166/414 431/166/414
f 434/158/415 512/158/415 511/157/415 497/157/415
f 503/198/416 458/197/416 568/197/416 551/198/416
f 433/156/412 510/156/412 509/171/412 496/171/412
f 504/201/417 556/201/417 536/184/417 451/184/417
f 443/181/418 522/181/418 528/180/418 500/180/418
f 432/169/414 508/169/414 507/168/414 495/168/414
f 501/183/419 539/183/419 522/181/419 443/181/419
f 505/205/420 565/205/420 550/202/420 459/202/420
f 500/180/421 528/180/421 514/160/421 435/160/421
f 506/213/422 466/212/422 571/212/422 567/213/422
f 467/206/423 564/206/423 565/205/423 505/205/423
f 499/177/424 442/176/424 541/176/424 523/177/424
f 502/191/425 450/190/425 552/190/425 540/191/425
f 451/184/426 536/184/426 539/183/426 501/183/426
f 450/190/416 503/198/416 551/198/416 552/190/416
f 431/166/424 499/177/424 523/177/424 524/166/424
f 458/197/422 506/213/422 567/213/422 568/197/422
f 459/202/427 550/202/427 556/201/427 504/201/427
f 498/159/428 513/159/428 512/158/428 434/158/428
f 442/176/425 502/191/425 540/191/425 541/176/425
f 497/157/415 511/157/415 510/156/415 433/156/415
f 587/216/429 515/217/429 541/176/429 523/177/429
f 586/218/430 517/221/430 516/220/430 525/219/430
f 585/222/431 519/225/431 518/224/431 526/223/431
f 584/226/432 521/229/432 520/228/432 527/227/432
f 583/230/433 533/233/433 532/232/433 538/231/433
f 582/234/434 535/237/434 534/236/434 537/235/434
f 581/238/435 529/239/435 552/190/435 540/191/435
f 580/240/436 531/243/436 530/242/436 542/241/436
f 579/244/437 543/245/437 568/197/437 551/198/437
f 578/246/438 545/249/438 544/248/438 553/247/438
f 577/250/439 547/253/439 546/252/439 554/251/439
f 576/254/440 549/257/440 548/256/440 555/255/440
f 575/258/441 563/261/441 562/260/441 566/259/441
f 574/262/442 567/213/442 571/212/442 557/263/442
f 573/264/443 559/267/443 558/266/443 569/265/443
f 572/268/444 561/271/444 560/270/444 570/269/444
f 566/259/444 562/260/444 561/271/444 572/268/444
f 548/256/444 566/259/444 572/268/444 547/253/444
f 547/253/444 572/268/444 570/269/444 546/252/444
f 570/269/443 560/270/443 559/267/443 573/264/443
f 546/252/443 570/269/443 573/264/443 545/249/443
f 545/249/443 573/264/443 569/265/443 544/248/443
f 569/265/445 558/266/445 557/263/445 574/262/445
f 544/248/445 569/265/445 574/262/445 543/245/445
f 543/245/442 568/197/442 567/213/442 574/262/442
f 565/205/446 564/206/446 563/261/446 575/258/446
f 550/202/447 565/205/447 575/258/447 549/257/447
f 549/257/448 575/258/448 566/259/448 548/256/448
f 556/201/449 550/202/449 549/257/449 576/254/449
f 536/184/450 556/201/450 576/254/450 535/237/450
f 535/237/451 576/254/451 555/255/451 534/236/451
f 555/255/439 548/256/439 547/253/439 577/250/439
f 534/236/439 555/255/439 577/250/439 533/233/439
f 533/233/439 577/250/439 554/251/439 532/232/439
f 554/251/438 546/252/438 545/249/438 578/246/438
f 532/232/438 554/251/438 578/246/438 531/243/438
f 531/243/438 578/246/438 553/247/438 530/242/438
f 553/247/437 544/248/437 543/245/437 579/244/437
f 530/242/437 553/247/437 579/244/437 529/239/437
f 529/239/437 579/244/437 551/198/437 552/190/437
f 538/231/436 532/232/436 531/243/436 580/240/436
f 518/224/436 538/231/436 580/240/436 517/221/436
f 517/221/436 580/240/436 542/241/436 516/220/436
f 542/241/435 530/242/435 529/239/435 581/238/435
f 516/220/435 542/241/435 581/238/435 515/217/435
f 515/217/435 581/238/435 540/191/435 541/176/435
f 539/183/452 536/184/452 535/237/452 582/234/452
f 522/181/453 539/183/453 582/234/453 521/229/453
f 521/229/454 582/234/454 537/235/454 520/228/454
f 537/235/433 534/236/433 533/233/433 583/230/433
f 520/228/433 537/235/433 583/230/433 519/225/433
f 519/225/433 583/230/433 538/231/433 518/224/433
f 528/180/455 522/181/455 521/229/455 584/226/455
f 514/160/456 528/180/456 584/226/456 513/159/456
f 513/159/457 584/226/457 527/227/457 512/158/457
f 527/227/431 520/228/431 519/225/431 585/222/431
f 512/158/431 527/227/431 585/222/431 511/157/431
f 511/157/431 585/222/431 526/223/431 510/156/431
f 526/223/430 518/224/430 517/221/430 586/218/430
f 510/156/430 526/223/430 586/218/430 509/171/430
f 509/171/430 586/218/430 525/219/430 508/169/430
f 525/219/429 516/220/429 515/217/429 587/216/429
f 508/169/429 525/219/429 587/216/429 507/168/429
f 507/168/429 587/216/429 523/177/429 524/166/429
f 588/212/458 431/166/458 524/166/458 589/212/458
f 506/213/459 588/212/459 466/212/459
f 458/197/459 588/212/459 506/213/459
f 503/198/460 588/212/460 458/197/460
f 450/190/460 588/212/460 503/198/460
f 502/191/461 588/212/461 450/190/461
f 442/176/461 588/212/461 502/191/461
f 499/177/462 588/212/462 442/176/462
f 588/272/462 499/272/462 431/272/462
f 596/55/463 331/56/463 594/53/463 600/52/463
f 320/36/464 596/55/464 600/52/464 591/33/464
f 591/33/465 600/52/465 595/50/465 319/32/465
f 592/35/466 320/36/466 591/33/466 601/30/466
f 309/8/467 592/35/467 601/30/467 590/27/467
f 590/27/468 601/30/468 593/31/468 308/24/468
f 598/7/469 309/8/469 590/27/469 602/26/469
f 487/6/470 598/7/470 602/26/470 597/273/470
f 597/273/471 602/26/471 599/25/471 486/22/471
f 485/65/472 491/58/472 484/82/472
f 483/88/472 484/82/472 482/105/472
f 481/109/472 482/105/472 480/128/472
f 479/143/472 480/128/472 478/152/472
f 477/170/472 478/152/472 476/179/472
f 475/193/472 476/179/472 474/200/472
f 173/272/472 473/215/472 474/200/472
f 174/193/472 173/200/472 175/179/472
f 176/170/472 175/179/472 177/152/472
f 178/143/472 177/152/472 179/128/472
f 180/109/472 179/128/472 181/105/472
f 182/88/472 181/105/472 183/82/472
f 184/65/472 183/82/472 190/58/472
f 191/38/472 190/58/472 192/11/472
f 493/11/472 494/10/472 192/272/472
f 492/38/472 493/11/472 491/58/472
f 173/200/472 192/11/472 190/58/472 175/179/472
f 474/200/472 476/179/472 491/58/472 493/11/472
f 484/82/472 491/58/472 476/179/472 478/152/472
f 173/200/472 474/200/472 493/11/472 192/11/472
f 175/179/472 190/58/472 183/82/472 177/152/472
f 177/152/472 183/82/472 181/105/472 179/128/472
f 482/105/472 484/82/472 478/152/472 480/128/472
o bush
v 0.072950 0.636465 0.179616
v 0.089171 0.672266 0.210822
v 0.084096 0.621143 0.209662
v 0.086235 0.486244 0.224992
v 0.082021 0.363998 0.205226
v 0.098018 0.655299 0.175648
v 0.117455 0.649683 0.170085
v 0.124483 0.581148 0.202308
v 0.138131 0.609464 0.190286
v 0.124700 0.449527 0.207342
v 0.145101 0.485856 0.204062
v 0.120461 0.317608 0.192962
v 0.136307 0.368003 0.185008
v 0.134060 0.655545 0.164462
v 0.164893 0.612193 0.181305
v 0.190542 0.581054 0.178497
v 0.175430 0.485856 0.193130
v 0.189653 0.454996 0.183055
v 0.162637 0.368003 0.175517
v 0.162946 0.696284 0.158700
v 0.216743 0.580830 0.163284
v 0.228955 0.496744 0.170288
v 0.194845 0.687815 0.113799
v 0.202742 0.667045 0.100752
v 0.252772 0.580830 0.135832
v 0.265471 0.502334 0.141029
v 0.212167 0.684763 0.088121
v 0.219614 0.665292 0.075120
v 0.278278 0.609285 0.088914
v 0.225534 0.678785 0.061187
v 0.229434 0.660469 0.047574
v 0.291440 0.608460 0.054599
v 0.231297 0.676834 0.033045
v 0.231391 0.658363 0.019260
v 0.294559 0.608440 0.019200
v 0.229309 0.670164 0.004541
v 0.225824 0.652834 -0.008963
v 0.287150 0.607642 -0.015910
v 0.219679 0.668010 -0.022978
v 0.212498 0.652722 -0.035828
v 0.269875 0.607764 -0.049362
v 0.202741 0.667993 -0.048655
v 0.192076 0.652554 -0.060368
v 0.264613 0.580927 -0.071977
v 0.243264 0.607941 -0.079844
v 0.270570 0.550923 -0.082710
v 0.179206 0.667995 -0.071462
v 0.165294 0.652347 -0.081626
v 0.231667 0.580927 -0.101206
v 0.208409 0.608150 -0.106177
v 0.233394 0.548808 -0.102371
v 0.217709 0.510185 -0.111530
v 0.217877 0.388724 -0.101136
v 0.149975 0.668024 -0.090552
v 0.133150 0.652130 -0.098757
v 0.190898 0.580927 -0.125540
v 0.166719 0.608362 -0.127366
v 0.192255 0.548808 -0.126910
v 0.174222 0.510185 -0.133828
v 0.179216 0.370024 -0.113745
v 0.183897 0.346855 -0.117432
v 0.166648 0.346788 -0.125323
v 0.114340 0.660278 -0.118419
v 0.116151 0.668090 -0.105217
v 0.002135 0.501153 -0.176994
v 0.143874 0.580927 -0.144042
v 0.144809 0.548808 -0.145564
v 0.140197 0.510933 -0.154476
v 0.102219 0.327062 -0.130937
v 0.080427 0.645252 0.183592
v 0.124643 0.651457 0.168008
v 0.147402 0.684964 0.162335
v 0.079429 0.639338 0.194544
v 0.085689 0.555387 0.219731
v 0.084903 0.424977 0.218491
v 0.109421 0.624327 0.186400
v 0.125522 0.514081 0.207307
v 0.144063 0.552924 0.199063
v 0.119352 0.391831 0.195328
v 0.141654 0.425699 0.197023
v 0.105403 0.608780 0.198040
v 0.098579 0.639551 0.175279
v 0.099535 0.485816 0.214820
v 0.118489 0.449527 0.208613
v 0.119444 0.485816 0.210747
v 0.095805 0.346509 0.198006
v 0.112779 0.367911 0.191238
v 0.092869 0.367911 0.195311
v 0.166627 0.642411 0.165380
v 0.191746 0.516577 0.182939
v 0.181969 0.387866 0.182393
v 0.190242 0.422761 0.184714
v 0.170400 0.425699 0.186661
v 0.106102 0.662087 0.173290
v 0.167639 0.581108 0.188306
v 0.149514 0.449435 0.199926
v 0.167887 0.449435 0.193303
v 0.169447 0.485856 0.195286
v 0.144148 0.346614 0.185828
v 0.162609 0.346614 0.179174
v 0.140262 0.368003 0.183583
v 0.189442 0.639236 0.159656
v 0.219123 0.527781 0.164925
v 0.198345 0.614517 0.166096
v 0.163816 0.675217 0.156183
v 0.198516 0.498672 0.180158
v 0.207647 0.467542 0.182321
v 0.213164 0.510545 0.169787
v 0.227494 0.630983 0.126238
v 0.220936 0.647163 0.107675
v 0.211317 0.648793 0.120081
v 0.272585 0.567343 0.129718
v 0.255029 0.531110 0.136849
v 0.182073 0.698306 0.138556
v 0.235478 0.580830 0.150044
v 0.239700 0.611822 0.136345
v 0.247381 0.502334 0.155895
v 0.250067 0.629453 0.097095
v 0.240154 0.646155 0.079931
v 0.232303 0.647055 0.092904
v 0.267688 0.609409 0.105079
v 0.259999 0.580830 0.129616
v 0.277680 0.591363 0.121424
v 0.202826 0.684763 0.100682
v 0.265960 0.627344 0.065925
v 0.251017 0.642378 0.050019
v 0.247000 0.643262 0.063777
v 0.219771 0.682726 0.074841
v 0.285835 0.608896 0.071889
v 0.272561 0.626577 0.033210
v 0.253419 0.641415 0.019218
v 0.253402 0.642355 0.033210
v 0.294019 0.608450 0.036921
v 0.229354 0.676834 0.047224
v 0.270055 0.624096 0.000235
v 0.246839 0.637318 -0.011343
v 0.250825 0.638226 0.002414
v 0.231256 0.674572 0.018747
v 0.291889 0.608029 0.001541
v 0.258133 0.623084 -0.031752
v 0.231947 0.637436 -0.040415
v 0.239808 0.637379 -0.027428
v 0.225436 0.668010 -0.009339
v 0.279531 0.607668 -0.032860
v 0.237449 0.622933 -0.061550
v 0.209155 0.637609 -0.066865
v 0.220606 0.637531 -0.055140
v 0.255375 0.545246 -0.084595
v 0.252893 0.584490 -0.083477
v 0.263243 0.602592 -0.071359
v 0.272776 0.579291 -0.076859
v 0.212093 0.667993 -0.036080
v 0.285259 0.604999 -0.058294
v 0.256840 0.580927 -0.081783
v 0.257528 0.607805 -0.064953
v 0.208738 0.622736 -0.088036
v 0.179406 0.637817 -0.089660
v 0.194030 0.637727 -0.079658
v 0.218956 0.545246 -0.112367
v 0.216845 0.584490 -0.110944
v 0.231475 0.584490 -0.101077
v 0.207828 0.421103 -0.104866
v 0.212044 0.459106 -0.107709
v 0.231167 0.456249 -0.105076
v 0.191799 0.667995 -0.060433
v 0.248986 0.580927 -0.086974
v 0.226688 0.607992 -0.093478
v 0.260343 0.531308 -0.092791
v 0.232071 0.510185 -0.101884
v 0.250866 0.548808 -0.088014
v 0.173046 0.622521 -0.110192
v 0.143919 0.638031 -0.107932
v 0.161158 0.637942 -0.100057
v 0.175202 0.545246 -0.134814
v 0.173544 0.584490 -0.133140
v 0.190748 0.584490 -0.125388
v 0.166459 0.421103 -0.125993
v 0.169771 0.459106 -0.129335
v 0.186979 0.459106 -0.121581
v 0.165336 0.668024 -0.081491
v 0.212002 0.580927 -0.113859
v 0.188261 0.608204 -0.117338
v 0.213544 0.548808 -0.115127
v 0.196535 0.510185 -0.123249
v 0.203906 0.369628 -0.106358
v 0.182655 0.370024 -0.111842
v 0.198724 0.370024 -0.102948
v 0.119047 0.651415 -0.124891
v 0.123292 0.638143 -0.115589
v 0.131694 0.622320 -0.127143
v 0.140523 0.548640 -0.155149
v 0.139381 0.587897 -0.153289
v 0.143770 0.584490 -0.143873
v 0.134714 0.419593 -0.145549
v 0.137064 0.458734 -0.149374
v 0.141175 0.459106 -0.139643
v 0.139751 0.370024 -0.129523
v 0.158085 0.370024 -0.122914
v 0.162352 0.346788 -0.126872
v 0.133701 0.668090 -0.098474
v 0.167951 0.580927 -0.135362
v 0.143780 0.608410 -0.135643
v 0.169097 0.548808 -0.136808
v 0.150065 0.510185 -0.142536
v 0.073663 0.641833 0.186106
v 0.123992 0.669545 0.168877
v 0.148126 0.663417 0.160197
v 0.146306 0.459106 -0.137794
v 0.164640 0.459106 -0.131185
v 0.143510 0.421103 -0.134265
v 0.149490 0.584490 -0.141811
v 0.167824 0.584490 -0.135202
v 0.150890 0.545246 -0.143578
v 0.142775 0.638087 -0.108365
v 0.153002 0.622376 -0.119263
v 0.134750 0.622377 -0.126022
v 0.191477 0.459106 -0.119092
v 0.207546 0.459106 -0.110198
v 0.187713 0.421103 -0.115999
v 0.195761 0.584490 -0.122613
v 0.211831 0.584490 -0.113719
v 0.197646 0.545246 -0.124161
v 0.178288 0.637879 -0.090307
v 0.191687 0.622584 -0.099607
v 0.175758 0.622584 -0.108662
v 0.235590 0.584490 -0.097696
v 0.248778 0.584490 -0.086858
v 0.237886 0.545246 -0.098967
v 0.208124 0.637668 -0.067748
v 0.223999 0.622796 -0.075169
v 0.210997 0.622796 -0.086144
v 0.231099 0.637483 -0.041528
v 0.248761 0.622980 -0.046905
v 0.239151 0.622980 -0.059358
v 0.246276 0.637348 -0.012643
v 0.265084 0.623115 -0.015893
v 0.259193 0.623115 -0.029346
v 0.253109 0.640754 0.017776
v 0.272296 0.625796 0.016700
v 0.270314 0.623944 0.002759
v 0.251218 0.642366 0.048587
v 0.270221 0.626566 0.049653
v 0.272205 0.626566 0.035697
v 0.240643 0.645542 0.078549
v 0.258936 0.628841 0.081710
v 0.264826 0.627178 0.068259
v 0.221832 0.647109 0.106494
v 0.238810 0.629399 0.111663
v 0.248419 0.629399 0.099211
v 0.237566 0.531110 0.151199
v 0.196531 0.655870 0.139871
v 0.212856 0.633881 0.144188
v 0.222590 0.630581 0.131704
v 0.196481 0.559054 0.176797
v 0.212996 0.525259 0.169211
v 0.146818 0.425699 0.195162
v 0.142959 0.391739 0.188347
v 0.161332 0.391739 0.181724
v 0.149802 0.552924 0.196994
v 0.150540 0.514041 0.199844
v 0.168912 0.514041 0.193221
v 0.116816 0.425607 0.203521
v 0.096906 0.425607 0.207594
v 0.114452 0.391831 0.196330
v 0.098751 0.552884 0.209769
v 0.119113 0.514081 0.208618
v 0.108329 0.636482 0.238513
v 0.110755 0.567125 0.249570
v 0.111396 0.486017 0.255741
v 0.109070 0.413730 0.245709
v 0.105773 0.343955 0.230530
v 0.153040 0.664399 0.211515
v 0.147482 0.638031 0.230772
v 0.172656 0.609390 0.232189
v 0.173912 0.528283 0.238235
v 0.155424 0.486017 0.246734
v 0.173319 0.449636 0.239286
v 0.150828 0.413730 0.237166
v 0.166852 0.379862 0.224756
v 0.144361 0.315054 0.222636
v 0.310249 0.590360 0.104780
v 0.141919 0.609430 0.239907
v 0.327867 0.590046 0.067507
v 0.100736 0.670369 0.195610
v 0.334377 0.589943 0.028615
v 0.121285 0.678112 0.203570
v 0.143361 0.486017 0.249202
v 0.142406 0.449728 0.247068
v 0.122497 0.449728 0.251141
v 0.115097 0.343955 0.228623
v 0.329425 0.589642 -0.010385
v 0.185982 0.667183 0.203481
v 0.222242 0.639958 0.205029
v 0.212345 0.609390 0.217882
v 0.214169 0.528283 0.223723
v 0.230216 0.570975 0.212671
v 0.313293 0.589578 -0.047976
v 0.213282 0.449636 0.224881
v 0.203893 0.379862 0.211404
v 0.334866 0.590244 0.086458
v 0.214929 0.415058 0.205016
v 0.346978 0.589944 0.048188
v 0.189885 0.331476 0.195946
v 0.139304 0.687709 0.198532
v 0.188006 0.639554 0.218412
v 0.185651 0.486057 0.237386
v 0.204023 0.486057 0.230764
v 0.184091 0.449636 0.235403
v 0.172094 0.344047 0.214212
v 0.190466 0.344047 0.207589
v 0.182722 0.331476 0.198528
v 0.347790 0.589842 0.009050
v 0.233535 0.698046 0.173094
v 0.253683 0.643491 0.189028
v 0.337179 0.589552 -0.029434
v 0.265831 0.585547 0.190905
v 0.345913 0.624400 -0.034483
v 0.268540 0.523317 0.192744
v 0.299965 0.589598 -0.057133
v 0.239007 0.609226 0.204602
v 0.357252 0.624400 0.007729
v 0.272983 0.609347 0.096997
v 0.175139 0.716254 0.175323
v 0.349240 0.589945 0.018820
v 0.200302 0.721738 0.179402
v 0.257333 0.514377 0.200249
v 0.250237 0.492543 0.196645
v 0.232400 0.457676 0.214524
v 0.259207 0.684969 0.138173
v 0.278837 0.683338 0.130569
v 0.285009 0.665520 0.131926
v 0.342571 0.624348 0.092515
v 0.298671 0.637844 0.153199
v 0.308181 0.546078 0.149064
v 0.308770 0.588424 0.157075
v 0.310183 0.579444 0.143958
v 0.311499 0.528295 0.158305
v 0.274703 0.607716 -0.041111
v 0.197650 0.723930 0.156386
v 0.277504 0.640104 0.171346
v 0.292729 0.608455 0.045760
v 0.290324 0.528295 0.175706
v 0.304284 0.590378 0.113692
v 0.284756 0.683231 0.105082
v 0.302618 0.682330 0.096911
v 0.310231 0.664867 0.096268
v 0.337934 0.624348 0.102824
v 0.283340 0.607655 -0.024385
v 0.324666 0.624297 0.122305
v 0.316771 0.610511 0.133231
v 0.315609 0.637691 0.134905
v 0.293224 0.608235 0.010370
v 0.222281 0.711177 0.113531
v 0.341399 0.589545 -0.020049
v 0.212308 0.713872 0.128983
v 0.302263 0.678645 0.069539
v 0.316291 0.677760 0.060583
v 0.325125 0.661937 0.057916
v 0.354556 0.624383 0.061332
v 0.289519 0.607835 -0.007184
v 0.282056 0.609091 0.080401
v 0.242353 0.709029 0.082484
v 0.294289 0.608445 0.028060
v 0.233515 0.711240 0.098450
v 0.356121 0.624383 0.050616
v 0.347208 0.624348 0.082207
v 0.309614 0.677737 0.032299
v 0.319641 0.676798 0.023108
v 0.328761 0.661043 0.018307
v 0.358816 0.624400 0.018441
v 0.345551 0.589946 0.057966
v 0.357686 0.624383 0.039899
v 0.288637 0.608678 0.063244
v 0.330659 0.590341 0.095869
v 0.253542 0.702965 0.049313
v 0.318514 0.589559 -0.038819
v 0.249372 0.704848 0.066159
v 0.306088 0.672722 -0.005170
v 0.312113 0.671814 -0.014125
v 0.321389 0.657641 -0.021112
v 0.335669 0.624391 -0.054840
v 0.350543 0.624400 -0.024189
v 0.331895 0.589739 -0.000721
v 0.255547 0.700415 0.015191
v 0.353115 0.624400 -0.013586
v 0.255876 0.702979 0.032299
v 0.333960 0.589941 0.038410
v 0.355687 0.624400 -0.002983
v 0.292261 0.671875 -0.041428
v 0.294411 0.671931 -0.049614
v 0.302870 0.657524 -0.058773
v 0.358251 0.624391 0.029170
v 0.330055 0.624382 -0.064903
v 0.324628 0.590147 0.077048
v 0.248285 0.693509 -0.018471
v 0.350882 0.624366 0.071770
v 0.253330 0.695706 -0.001832
v 0.331300 0.624323 0.112564
v 0.341282 0.624400 -0.044778
v 0.268496 0.672027 -0.075054
v 0.267056 0.672105 -0.081977
v 0.274067 0.657350 -0.093258
v 0.310013 0.636129 -0.090855
v 0.308177 0.609209 -0.106221
v 0.308749 0.562774 -0.098429
v 0.318774 0.623405 -0.094215
v 0.308424 0.605302 -0.106332
v 0.311153 0.562151 -0.107562
v 0.074739 0.386665 0.229407
v 0.077816 0.523693 0.241926
v 0.231948 0.693377 -0.050507
v 0.077198 0.452742 0.240651
v 0.241355 0.693473 -0.034873
v 0.325085 0.636087 -0.071826
v 0.076515 0.595034 0.233787
v 0.316609 0.613208 -0.083045
v 0.235779 0.672223 -0.104755
v 0.231166 0.672313 -0.109955
v 0.236040 0.657142 -0.123236
v 0.271105 0.636325 -0.124877
v 0.264883 0.609209 -0.139643
v 0.281834 0.566058 -0.131341
v 0.279723 0.605302 -0.129918
v 0.265093 0.605302 -0.139785
v 0.267413 0.562151 -0.141350
v 0.098815 0.486131 0.240367
v 0.254356 0.416131 -0.123314
v 0.279078 0.506260 -0.129480
v 0.258625 0.453799 -0.135425
v 0.246675 0.368841 -0.127367
v 0.111075 0.526571 0.252656
v 0.085569 0.455610 0.221741
v 0.207220 0.693194 -0.079687
v 0.107421 0.378842 0.238120
v 0.220672 0.693320 -0.065653
v 0.291366 0.636274 -0.108216
v 0.287251 0.609209 -0.123417
v 0.303192 0.562151 -0.114104
v 0.290004 0.562151 -0.124941
v 0.283298 0.522308 -0.117276
v 0.195425 0.672438 -0.129408
v 0.188196 0.672527 -0.132482
v 0.190211 0.656928 -0.147535
v 0.223184 0.636540 -0.153071
v 0.212752 0.609209 -0.166726
v 0.231778 0.566058 -0.160815
v 0.230120 0.605302 -0.159141
v 0.212917 0.605302 -0.166893
v 0.214740 0.562151 -0.168733
v 0.231119 0.523527 -0.160145
v 0.221730 0.415796 -0.150669
v 0.225042 0.453799 -0.154012
v 0.207834 0.453799 -0.161766
v 0.198445 0.346068 -0.152290
v 0.190203 0.331302 -0.145228
v 0.215654 0.346068 -0.144536
v 0.110233 0.449874 0.250725
v 0.174989 0.692983 -0.104908
v 0.098222 0.561256 0.234650
v 0.192007 0.693124 -0.092993
v 0.247830 0.636486 -0.139420
v 0.239384 0.609209 -0.153756
v 0.241644 0.562151 -0.155612
v 0.256774 0.523527 -0.145946
v 0.239199 0.368841 -0.131504
v 0.223129 0.346068 -0.140398
v 0.214184 0.331235 -0.133896
v 0.143430 0.643545 -0.157106
v 0.149022 0.672639 -0.148100
v 0.122924 0.667238 -0.147256
v 0.139213 0.620788 -0.190336
v 0.168136 0.636740 -0.174385
v 0.174159 0.566058 -0.183136
v 0.173017 0.605302 -0.181276
v 0.159070 0.601908 -0.178469
v 0.152365 0.559980 -0.187908
v 0.173706 0.523527 -0.182393
v 0.167239 0.415796 -0.171863
v 0.169520 0.453799 -0.175578
v 0.147434 0.455308 -0.180021
v 0.115450 0.307397 -0.162312
v 0.164519 0.331302 -0.154487
v 0.189916 0.346068 -0.155365
v 0.171582 0.346068 -0.161974
v 0.084892 0.588265 0.214696
v 0.136422 0.692774 -0.125196
v 0.093897 0.353976 0.217878
v 0.156404 0.692908 -0.115856
v 0.196198 0.636692 -0.164261
v 0.183660 0.609209 -0.177213
v 0.185340 0.562151 -0.179331
v 0.202975 0.523527 -0.171842
v 0.083462 0.394487 0.211858
v 0.091769 0.663113 0.215654
v 0.106410 0.688134 0.207513
v 0.160661 0.699101 0.192656
v 0.096986 0.419353 0.232100
v 0.130196 0.690201 0.187626
v 0.109542 0.601804 0.244041
v 0.158081 0.706416 0.179661
v 0.189933 0.714479 0.183693
v 0.182645 0.710962 0.186075
v 0.150228 0.701204 0.182221
v 0.115171 0.692706 -0.133349
v 0.179510 0.453799 -0.171976
v 0.195047 0.415796 -0.161839
v 0.197844 0.453799 -0.165368
v 0.183800 0.605302 -0.177389
v 0.203534 0.566058 -0.172547
v 0.202134 0.605302 -0.170780
v 0.164533 0.672583 -0.141253
v 0.164748 0.656872 -0.156953
v 0.172774 0.672583 -0.139296
v 0.233799 0.453799 -0.149166
v 0.246105 0.415796 -0.137179
v 0.249868 0.453799 -0.140272
v 0.239572 0.605302 -0.153910
v 0.257526 0.566058 -0.146564
v 0.255641 0.605302 -0.145016
v 0.210378 0.672375 -0.121785
v 0.213766 0.657080 -0.135886
v 0.216295 0.672375 -0.117531
v 0.287480 0.605302 -0.123544
v 0.302964 0.566058 -0.113977
v 0.300668 0.605302 -0.112706
v 0.249953 0.672163 -0.096427
v 0.255816 0.657292 -0.108649
v 0.252944 0.672163 -0.090254
v 0.281672 0.671979 -0.066137
v 0.289323 0.657476 -0.076316
v 0.281270 0.671979 -0.058485
v 0.304254 0.671844 -0.032087
v 0.313051 0.657611 -0.040139
v 0.300134 0.671844 -0.023435
v 0.316876 0.673841 0.004389
v 0.326051 0.658883 -0.001489
v 0.308847 0.675693 0.013529
v 0.318951 0.677749 0.041858
v 0.327942 0.661948 0.038122
v 0.306955 0.677749 0.051013
v 0.310402 0.679658 0.078870
v 0.318684 0.662957 0.077229
v 0.294501 0.681321 0.087520
v 0.291623 0.683284 0.113979
v 0.298590 0.665574 0.114346
v 0.272003 0.683284 0.121629
v 0.096212 0.628813 0.224087
v 0.287800 0.588424 0.174308
v 0.261095 0.689787 0.154218
v 0.267410 0.667797 0.153734
v 0.241350 0.693086 0.161901
v 0.256806 0.541316 0.199032
v 0.241466 0.535039 0.208719
v 0.240291 0.575111 0.206618
v 0.198394 0.413821 0.221592
v 0.176163 0.379862 0.221400
v 0.180021 0.413821 0.228215
v 0.085962 0.520815 0.222361
v 0.184850 0.528283 0.234292
v 0.184112 0.567165 0.231443
v 0.137525 0.379953 0.232213
v 0.117615 0.379953 0.236286
v 0.119979 0.413730 0.243477
v 0.142867 0.528323 0.246016
v 0.122958 0.528323 0.250089
v 0.122504 0.567125 0.247166
v 0.078651 0.638245 0.176012
v 0.096065 0.674418 0.206462
v 0.084563 0.662097 0.201957
v 0.087114 0.617743 -0.168007
v 0.096456 0.577318 -0.167656
v 0.098862 0.604801 -0.159569
v 0.089825 0.507324 -0.176703
v 0.096901 0.545200 -0.169364
v 0.089394 0.584288 -0.175348
v 0.089938 0.545031 -0.177435
v 0.091570 0.556371 -0.212008
v 0.053655 0.366415 -0.152953
v 0.087214 0.415985 -0.166686
v 0.092147 0.639936 -0.180081
v 0.088333 0.455125 -0.170979
v 0.100812 0.598299 -0.204716
v 0.113910 0.562449 -0.213177
v 0.113696 0.519918 -0.212344
v 0.089180 0.451699 -0.203135
v 0.110617 0.412187 -0.200530
v 0.078222 0.617179 -0.210868
v 0.089786 0.618711 -0.148220
v 0.101137 0.647806 -0.142721
v 0.057032 0.346750 -0.186564
v 0.110729 0.633131 -0.203187
v 0.009210 0.539028 -0.169655
v -0.000717 0.538859 -0.177726
v 0.003880 0.550199 -0.212298
v 0.004937 0.360244 -0.153244
v -0.000476 0.409813 -0.166977
v -0.000173 0.578117 -0.175639
v 0.000643 0.448954 -0.171270
v 0.013122 0.592128 -0.205007
v 0.026220 0.556277 -0.213468
v 0.026006 0.513747 -0.212635
v 0.001490 0.445528 -0.203426
v 0.022927 0.406016 -0.200821
v 0.019498 0.611007 -0.211159
v 0.008314 0.340579 -0.186855
v -0.071419 0.636465 0.179616
v -0.087640 0.672266 0.210822
v -0.082565 0.621143 0.209662
v -0.084704 0.486244 0.224992
v -0.080490 0.363998 0.205226
v -0.096487 0.655299 0.175648
v -0.115923 0.649683 0.170085
v -0.122952 0.581148 0.202308
v -0.136600 0.609464 0.190286
v -0.123169 0.449527 0.207342
v -0.143570 0.485856 0.204062
v -0.118930 0.317608 0.192962
v -0.134776 0.368003 0.185008
v -0.132529 0.655545 0.164462
v -0.163362 0.612193 0.181305
v -0.189011 0.581054 0.178497
v -0.173899 0.485856 0.193130
v -0.188122 0.454996 0.183055
v -0.161105 0.368003 0.175517
v -0.161415 0.696284 0.158700
v -0.215212 0.580830 0.163284
v -0.227424 0.496744 0.170288
v -0.193314 0.687815 0.113799
v -0.201211 0.667045 0.100752
v -0.251241 0.580830 0.135832
v -0.263940 0.502334 0.141029
v -0.210636 0.684763 0.088121
v -0.218083 0.665292 0.075120
v -0.276747 0.609285 0.088914
v -0.224003 0.678785 0.061187
v -0.227903 0.660469 0.047574
v -0.289908 0.608460 0.054599
v -0.229766 0.676834 0.033045
v -0.229860 0.658363 0.019260
v -0.293028 0.608440 0.019200
v -0.227778 0.670164 0.004541
v -0.224293 0.652834 -0.008963
v -0.285618 0.607642 -0.015910
v -0.218148 0.668010 -0.022978
v -0.210967 0.652722 -0.035828
v -0.268344 0.607764 -0.049362
v -0.201210 0.667993 -0.048655
v -0.190545 0.652554 -0.060368
v -0.263082 0.580927 -0.071977
v -0.241733 0.607941 -0.079844
v -0.269039 0.550923 -0.082710
v -0.177675 0.667995 -0.071462
v -0.163763 0.652347 -0.081626
v -0.230136 0.580927 -0.101206
v -0.206878 0.608150 -0.106177
v -0.231863 0.548808 -0.102371
v -0.216178 0.510185 -0.111530
v -0.216346 0.388724 -0.101136
v -0.148444 0.668024 -0.090552
v -0.131619 0.652130 -0.098757
v -0.189367 0.580927 -0.125540
v -0.165188 0.608362 -0.127366
v -0.190724 0.548808 -0.126910
v -0.172691 0.510185 -0.133828
v -0.177685 0.370024 -0.113745
v -0.182366 0.346855 -0.117432
v -0.165117 0.346788 -0.125323
v -0.112809 0.660278 -0.118419
v -0.114620 0.668090 -0.105217
v -0.000603 0.501153 -0.176994
v -0.142343 0.580927 -0.144042
v -0.143277 0.548808 -0.145564
v -0.138666 0.510933 -0.154476
v -0.096316 0.329958 -0.130937
v -0.078896 0.645252 0.183592
v -0.123112 0.651457 0.168008
v -0.145871 0.684964 0.162335
v -0.077898 0.639338 0.194544
v -0.084158 0.555387 0.219731
v -0.083372 0.424977 0.218491
v -0.107890 0.624327 0.186400
v -0.123991 0.514081 0.207307
v -0.142532 0.552924 0.199063
v -0.117821 0.391831 0.195328
v -0.140123 0.425699 0.197023
v -0.103872 0.608780 0.198040
v -0.097048 0.639551 0.175279
v -0.098004 0.485816 0.214820
v -0.116958 0.449527 0.208613
v -0.117913 0.485816 0.210747
v -0.094274 0.346509 0.198006
v -0.111248 0.367911 0.191238
v -0.091338 0.367911 0.195311
v -0.165096 0.642411 0.165380
v -0.190215 0.516577 0.182939
v -0.180438 0.387866 0.182393
v -0.188711 0.422761 0.184714
v -0.168869 0.425699 0.186661
v -0.104571 0.662087 0.173290
v -0.166108 0.581108 0.188306
v -0.147983 0.449435 0.199926
v -0.166356 0.449435 0.193303
v -0.167916 0.485856 0.195286
v -0.142616 0.346614 0.185828
v -0.161077 0.346614 0.179174
v -0.138731 0.368003 0.183583
v -0.187910 0.639236 0.159656
v -0.217592 0.527781 0.164925
v -0.196814 0.614517 0.166096
v -0.162285 0.675217 0.156183
v -0.196985 0.498672 0.180158
v -0.206116 0.467542 0.182321
v -0.211633 0.510545 0.169787
v -0.225963 0.630983 0.126238
v -0.219405 0.647163 0.107675
v -0.209786 0.648793 0.120081
v -0.271054 0.567343 0.129718
v -0.253498 0.531110 0.136849
v -0.180542 0.698306 0.138556
v -0.233947 0.580830 0.150044
v -0.238169 0.611822 0.136345
v -0.245850 0.502334 0.155895
v -0.248536 0.629453 0.097095
v -0.238623 0.646155 0.079931
v -0.230772 0.647055 0.092904
v -0.266156 0.609409 0.105079
v -0.258468 0.580830 0.129616
v -0.276148 0.591363 0.121424
v -0.201295 0.684763 0.100682
v -0.264428 0.627344 0.065925
v -0.249486 0.642378 0.050019
v -0.245469 0.643262 0.063777
v -0.218240 0.682726 0.074841
v -0.284304 0.608896 0.071889
v -0.271030 0.626577 0.033210
v -0.251887 0.641415 0.019218
v -0.251871 0.642355 0.033210
v -0.292488 0.608450 0.036921
v -0.227823 0.676834 0.047224
v -0.268524 0.624096 0.000235
v -0.245308 0.637318 -0.011343
v -0.249294 0.638226 0.002414
v -0.229725 0.674572 0.018747
v -0.290358 0.608029 0.001541
v -0.256602 0.623084 -0.031752
v -0.230416 0.637436 -0.040415
v -0.238277 0.637379 -0.027428
v -0.223905 0.668010 -0.009339
v -0.278000 0.607668 -0.032860
v -0.235918 0.622933 -0.061550
v -0.207624 0.637609 -0.066865
v -0.219075 0.637531 -0.055140
v -0.253843 0.545246 -0.084595
v -0.251362 0.584490 -0.083477
v -0.261712 0.602592 -0.071359
v -0.271245 0.579291 -0.076859
v -0.210562 0.667993 -0.036080
v -0.283728 0.604999 -0.058294
v -0.255309 0.580927 -0.081783
v -0.255997 0.607805 -0.064953
v -0.207207 0.622736 -0.088036
v -0.177875 0.637817 -0.089660
v -0.192499 0.637727 -0.079658
v -0.217424 0.545246 -0.112367
v -0.215314 0.584490 -0.110944
v -0.229944 0.584490 -0.101077
v -0.206297 0.421103 -0.104866
v -0.210512 0.459106 -0.107709
v -0.229636 0.456249 -0.105076
v -0.190268 0.667995 -0.060433
v -0.247455 0.580927 -0.086974
v -0.225156 0.607992 -0.093478
v -0.258812 0.531308 -0.092791
v -0.230540 0.510185 -0.101884
v -0.249335 0.548808 -0.088014
v -0.171515 0.622521 -0.110192
v -0.142387 0.638031 -0.107932
v -0.159627 0.637942 -0.100057
v -0.173671 0.545246 -0.134814
v -0.172013 0.584490 -0.133140
v -0.189216 0.584490 -0.125388
v -0.164928 0.421103 -0.125993
v -0.168240 0.459106 -0.129335
v -0.185448 0.459106 -0.121581
v -0.163805 0.668024 -0.081491
v -0.210471 0.580927 -0.113859
v -0.186730 0.608204 -0.117338
v -0.212013 0.548808 -0.115127
v -0.195004 0.510185 -0.123249
v -0.202375 0.369628 -0.106358
v -0.181123 0.370024 -0.111842
v -0.197193 0.370024 -0.102948
v -0.117515 0.651415 -0.124891
v -0.121761 0.638143 -0.115589
v -0.130163 0.622320 -0.127143
v -0.138992 0.548640 -0.155149
v -0.137849 0.587897 -0.153289
v -0.142239 0.584490 -0.143873
v -0.133183 0.419593 -0.145549
v -0.135532 0.458734 -0.149374
v -0.139644 0.459106 -0.139643
v -0.138220 0.370024 -0.129523
v -0.156553 0.370024 -0.122914
v -0.160821 0.346788 -0.126872
v -0.132170 0.668090 -0.098474
v -0.166420 0.580927 -0.135362
v -0.142249 0.608410 -0.135643
v -0.167566 0.548808 -0.136808
v -0.148534 0.510185 -0.142536
v -0.072132 0.641833 0.186106
v -0.122461 0.669545 0.168877
v -0.146594 0.663417 0.160197
v -0.144775 0.459106 -0.137794
v -0.163109 0.459106 -0.131185
v -0.141979 0.421103 -0.134265
v -0.147959 0.584490 -0.141811
v -0.166293 0.584490 -0.135202
v -0.149359 0.545246 -0.143578
v -0.141244 0.638087 -0.108365
v -0.151471 0.622376 -0.119263
v -0.133219 0.622377 -0.126022
v -0.189946 0.459106 -0.119092
v -0.206015 0.459106 -0.110198
v -0.186182 0.421103 -0.115999
v -0.194230 0.584490 -0.122613
v -0.210300 0.584490 -0.113719
v -0.196115 0.545246 -0.124161
v -0.176756 0.637879 -0.090307
v -0.190155 0.622584 -0.099607
v -0.174227 0.622584 -0.108662
v -0.234059 0.584490 -0.097696
v -0.247247 0.584490 -0.086858
v -0.236355 0.545246 -0.098967
v -0.206593 0.637668 -0.067748
v -0.222468 0.622796 -0.075169
v -0.209466 0.622796 -0.086144
v -0.229568 0.637483 -0.041528
v -0.247230 0.622980 -0.046905
v -0.237620 0.622980 -0.059358
v -0.244745 0.637348 -0.012643
v -0.263553 0.623115 -0.015893
v -0.257662 0.623115 -0.029346
v -0.251578 0.640754 0.017776
v -0.270765 0.625796 0.016700
v -0.268783 0.623944 0.002759
v -0.249687 0.642366 0.048587
v -0.268689 0.626566 0.049653
v -0.270674 0.626566 0.035697
v -0.239112 0.645542 0.078549
v -0.257404 0.628841 0.081710
v -0.263295 0.627178 0.068259
v -0.220300 0.647109 0.106494
v -0.237279 0.629399 0.111663
v -0.246888 0.629399 0.099211
v -0.236035 0.531110 0.151199
v -0.195000 0.655870 0.139871
v -0.211325 0.633881 0.144188
v -0.221059 0.630581 0.131704
v -0.194949 0.559054 0.176797
v -0.211465 0.525259 0.169211
v -0.145286 0.425699 0.195162
v -0.141428 0.391739 0.188347
v -0.159801 0.391739 0.181724
v -0.148271 0.552924 0.196994
v -0.149009 0.514041 0.199844
v -0.167381 0.514041 0.193221
v -0.115284 0.425607 0.203521
v -0.095375 0.425607 0.207594
v -0.112921 0.391831 0.196330
v -0.097220 0.552884 0.209769
v -0.117582 0.514081 0.208618
v -0.106798 0.636482 0.238513
v -0.109224 0.567125 0.249570
v -0.109864 0.486017 0.255741
v -0.107538 0.413730 0.245709
v -0.104242 0.343955 0.230530
v -0.151509 0.664399 0.211515
v -0.145951 0.638031 0.230772
v -0.171124 0.609390 0.232189
v -0.172380 0.528283 0.238235
v -0.153893 0.486017 0.246734
v -0.171788 0.449636 0.239286
v -0.149296 0.413730 0.237166
v -0.165321 0.379862 0.224756
v -0.142829 0.315054 0.222636
v -0.308718 0.590360 0.104780
v -0.140387 0.609430 0.239907
v -0.326336 0.590046 0.067507
v -0.099205 0.670369 0.195610
v -0.332846 0.589943 0.028615
v -0.119754 0.678112 0.203570
v -0.141830 0.486017 0.249202
v -0.140875 0.449728 0.247068
v -0.120966 0.449728 0.251141
v -0.113566 0.343955 0.228623
v -0.327893 0.589642 -0.010385
v -0.184451 0.667183 0.203481
v -0.220711 0.639958 0.205029
v -0.210814 0.609390 0.217882
v -0.212638 0.528283 0.223723
v -0.228685 0.570975 0.212671
v -0.311762 0.589578 -0.047976
v -0.211751 0.449636 0.224881
v -0.202362 0.379862 0.211404
v -0.333335 0.590244 0.086458
v -0.213398 0.415058 0.205016
v -0.345447 0.589944 0.048188
v -0.188354 0.331476 0.195946
v -0.137773 0.687709 0.198532
v -0.186474 0.639554 0.218412
v -0.184120 0.486057 0.237386
v -0.202492 0.486057 0.230764
v -0.182560 0.449636 0.235403
v -0.170562 0.344047 0.214212
v -0.188935 0.344047 0.207589
v -0.181191 0.331476 0.198528
v -0.346259 0.589842 0.009050
v -0.232003 0.698046 0.173094
v -0.252152 0.643491 0.189028
v -0.335648 0.589552 -0.029434
v -0.264300 0.585547 0.190905
v -0.344382 0.624400 -0.034483
v -0.267009 0.523317 0.192744
v -0.298434 0.589598 -0.057133
v -0.237476 0.609226 0.204602
v -0.355721 0.624400 0.007729
v -0.271452 0.609347 0.096997
v -0.173608 0.716254 0.175323
v -0.347709 0.589945 0.018820
v -0.198771 0.721738 0.179402
v -0.255801 0.514377 0.200249
v -0.248705 0.492543 0.196645
v -0.230868 0.457676 0.214524
v -0.257676 0.684969 0.138173
v -0.277306 0.683338 0.130569
v -0.283478 0.665520 0.131926
v -0.341040 0.624348 0.092515
v -0.297140 0.637844 0.153199
v -0.306650 0.546078 0.149064
v -0.307239 0.588424 0.157075
v -0.308651 0.579444 0.143958
v -0.309968 0.528295 0.158305
v -0.273172 0.607716 -0.041111
v -0.196119 0.723930 0.156386
v -0.275973 0.640104 0.171346
v -0.291198 0.608455 0.045760
v -0.288793 0.528295 0.175706
v -0.302753 0.590378 0.113692
v -0.283225 0.683231 0.105082
v -0.301087 0.682330 0.096911
v -0.308700 0.664867 0.096268
v -0.336403 0.624348 0.102824
v -0.281809 0.607655 -0.024385
v -0.323135 0.624297 0.122305
v -0.315240 0.610511 0.133231
v -0.314078 0.637691 0.134905
v -0.291693 0.608235 0.010370
v -0.220750 0.711177 0.113531
v -0.339868 0.589545 -0.020049
v -0.210777 0.713872 0.128983
v -0.300732 0.678645 0.069539
v -0.314760 0.677760 0.060583
v -0.323594 0.661937 0.057916
v -0.353025 0.624383 0.061332
v -0.287988 0.607835 -0.007184
v -0.280525 0.609091 0.080401
v -0.240822 0.709029 0.082484
v -0.292758 0.608445 0.028060
v -0.231984 0.711240 0.098450
v -0.354590 0.624383 0.050616
v -0.345676 0.624348 0.082207
v -0.308082 0.677737 0.032299
v -0.318110 0.676798 0.023108
v -0.327230 0.661043 0.018307
v -0.357285 0.624400 0.018441
v -0.344019 0.589946 0.057966
v -0.356155 0.624383 0.039899
v -0.287106 0.608678 0.063244
v -0.329128 0.590341 0.095869
v -0.252011 0.702965 0.049313
v -0.316983 0.589559 -0.038819
v -0.247841 0.704848 0.066159
v -0.304556 0.672722 -0.005170
v -0.310582 0.671814 -0.014125
v -0.319858 0.657641 -0.021112
v -0.334138 0.624391 -0.054840
v -0.349012 0.624400 -0.024189
v -0.330364 0.589739 -0.000721
v -0.254016 0.700415 0.015191
v -0.351584 0.624400 -0.013586
v -0.254345 0.702979 0.032299
v -0.332429 0.589941 0.038410
v -0.354156 0.624400 -0.002983
v -0.290730 0.671875 -0.041428
v -0.292880 0.671931 -0.049614
v -0.301339 0.657524 -0.058773
v -0.356720 0.624391 0.029170
v -0.328524 0.624382 -0.064903
v -0.323097 0.590147 0.077048
v -0.246754 0.693509 -0.018471
v -0.349351 0.624366 0.071770
v -0.251799 0.695706 -0.001832
v -0.329769 0.624323 0.112564
v -0.339751 0.624400 -0.044778
v -0.266965 0.672027 -0.075054
v -0.265525 0.672105 -0.081977
v -0.272536 0.657350 -0.093258
v -0.308482 0.636129 -0.090855
v -0.306646 0.609209 -0.106221
v -0.307217 0.562774 -0.098429
v -0.317243 0.623405 -0.094215
v -0.306893 0.605302 -0.106332
v -0.309622 0.562151 -0.107562
v -0.073208 0.386665 0.229407
v -0.076285 0.523693 0.241926
v -0.230417 0.693377 -0.050507
v -0.075667 0.452742 0.240651
v -0.239823 0.693473 -0.034873
v -0.323554 0.636087 -0.071826
v -0.074984 0.595034 0.233787
v -0.315078 0.613208 -0.083045
v -0.234248 0.672223 -0.104755
v -0.229635 0.672313 -0.109955
v -0.234509 0.657142 -0.123236
v -0.269574 0.636325 -0.124877
v -0.263351 0.609209 -0.139643
v -0.280303 0.566058 -0.131341
v -0.278192 0.605302 -0.129918
v -0.263562 0.605302 -0.139785
v -0.265882 0.562151 -0.141350
v -0.097284 0.486131 0.240367
v -0.252825 0.416131 -0.123314
v -0.277547 0.506260 -0.129480
v -0.257093 0.453799 -0.135425
v -0.245144 0.368841 -0.127367
v -0.109544 0.526571 0.252656
v -0.084038 0.455610 0.221741
v -0.205689 0.693194 -0.079687
v -0.105890 0.378842 0.238120
v -0.219141 0.693320 -0.065653
v -0.289834 0.636274 -0.108216
v -0.285720 0.609209 -0.123417
v -0.301661 0.562151 -0.114104
v -0.288473 0.562151 -0.124941
v -0.281767 0.522308 -0.117276
v -0.193894 0.672438 -0.129408
v -0.186665 0.672527 -0.132482
v -0.188680 0.656928 -0.147535
v -0.221653 0.636540 -0.153071
v -0.211221 0.609209 -0.166726
v -0.230247 0.566058 -0.160815
v -0.228589 0.605302 -0.159141
v -0.211386 0.605302 -0.166893
v -0.213209 0.562151 -0.168733
v -0.229588 0.523527 -0.160145
v -0.220199 0.415796 -0.150669
v -0.223511 0.453799 -0.154012
v -0.206303 0.453799 -0.161766
v -0.196914 0.346068 -0.152290
v -0.188672 0.331302 -0.145228
v -0.214123 0.346068 -0.144536
v -0.108701 0.449874 0.250725
v -0.173458 0.692983 -0.104908
v -0.096691 0.561256 0.234650
v -0.190476 0.693124 -0.092993
v -0.246299 0.636486 -0.139420
v -0.237853 0.609209 -0.153756
v -0.240113 0.562151 -0.155612
v -0.255243 0.523527 -0.145946
v -0.237668 0.368841 -0.131504
v -0.221598 0.346068 -0.140398
v -0.212653 0.331235 -0.133896
v -0.141899 0.643545 -0.157106
v -0.147491 0.672639 -0.148100
v -0.121393 0.667238 -0.147256
v -0.137682 0.620788 -0.190336
v -0.166605 0.636740 -0.174385
v -0.172628 0.566058 -0.183136
v -0.171486 0.605302 -0.181276
v -0.157539 0.601908 -0.178469
v -0.150834 0.559980 -0.187908
v -0.172175 0.523527 -0.182393
v -0.165708 0.415796 -0.171863
v -0.167989 0.453799 -0.175578
v -0.145903 0.455308 -0.180021
v -0.109548 0.310293 -0.162312
v -0.162987 0.331302 -0.154487
v -0.188385 0.346068 -0.155365
v -0.170051 0.346068 -0.161974
v -0.083361 0.588265 0.214696
v -0.134891 0.692774 -0.125196
v -0.092366 0.353976 0.217878
v -0.154873 0.692908 -0.115856
v -0.194667 0.636692 -0.164261
v -0.182129 0.609209 -0.177213
v -0.183808 0.562151 -0.179331
v -0.201444 0.523527 -0.171842
v -0.081931 0.394487 0.211858
v -0.090238 0.663113 0.215654
v -0.104879 0.688134 0.207513
v -0.159130 0.699101 0.192656
v -0.095455 0.419353 0.232100
v -0.128665 0.690201 0.187626
v -0.108011 0.601804 0.244041
v -0.156550 0.706416 0.179661
v -0.188402 0.714479 0.183693
v -0.181114 0.710962 0.186075
v -0.148697 0.701204 0.182221
v -0.113640 0.692706 -0.133349
v -0.177979 0.453799 -0.171976
v -0.193516 0.415796 -0.161839
v -0.196313 0.453799 -0.165368
v -0.182269 0.605302 -0.177389
v -0.202003 0.566058 -0.172547
v -0.200602 0.605302 -0.170780
v -0.163001 0.672583 -0.141253
v -0.163217 0.656872 -0.156953
v -0.171243 0.672583 -0.139296
v -0.232267 0.453799 -0.149166
v -0.244574 0.415796 -0.137179
v -0.248337 0.453799 -0.140272
v -0.238040 0.605302 -0.153910
v -0.255995 0.566058 -0.146564
v -0.254110 0.605302 -0.145016
v -0.208847 0.672375 -0.121785
v -0.212235 0.657080 -0.135886
v -0.214764 0.672375 -0.117531
v -0.285948 0.605302 -0.123544
v -0.301433 0.566058 -0.113977
v -0.299137 0.605302 -0.112706
v -0.248422 0.672163 -0.096427
v -0.254285 0.657292 -0.108649
v -0.251413 0.672163 -0.090254
v -0.280141 0.671979 -0.066137
v -0.287792 0.657476 -0.076316
v -0.279739 0.671979 -0.058485
v -0.302723 0.671844 -0.032087
v -0.311520 0.657611 -0.040139
v -0.298603 0.671844 -0.023435
v -0.315345 0.673841 0.004389
v -0.324520 0.658883 -0.001489
v -0.307315 0.675693 0.013529
v -0.317420 0.677749 0.041858
v -0.326411 0.661948 0.038122
v -0.305424 0.677749 0.051013
v -0.308871 0.679658 0.078870
v -0.317153 0.662957 0.077229
v -0.292970 0.681321 0.087520
v -0.290092 0.683284 0.113979
v -0.297059 0.665574 0.114346
v -0.270472 0.683284 0.121629
v -0.094681 0.628813 0.224087
v -0.286268 0.588424 0.174308
v -0.259564 0.689787 0.154218
v -0.265879 0.667797 0.153734
v -0.239819 0.693086 0.161901
v -0.255275 0.541316 0.199032
v -0.239935 0.535039 0.208719
v -0.238760 0.575111 0.206618
v -0.196863 0.413821 0.221592
v -0.174632 0.379862 0.221400
v -0.178490 0.413821 0.228215
v -0.084431 0.520815 0.222361
v -0.183319 0.528283 0.234292
v -0.182581 0.567165 0.231443
v -0.135993 0.379953 0.232213
v -0.116084 0.379953 0.236286
v -0.118448 0.413730 0.243477
v -0.141335 0.528323 0.246016
v -0.121427 0.528323 0.250089
v -0.120973 0.567125 0.247166
v -0.077120 0.638245 0.176012
v -0.094534 0.674418 0.206462
v -0.083032 0.662097 0.201957
v -0.085583 0.617743 -0.168007
v -0.094924 0.577318 -0.167656
v -0.097331 0.604801 -0.159569
v -0.088294 0.507324 -0.176703
v -0.095369 0.545200 -0.169364
v -0.087863 0.584288 -0.175348
v -0.088407 0.545031 -0.177435
v -0.090039 0.556371 -0.212008
v -0.050492 0.366415 -0.152953
v -0.085683 0.415985 -0.166686
v -0.090616 0.639936 -0.180081
v -0.086802 0.455125 -0.170979
v -0.099281 0.598299 -0.204716
v -0.112379 0.562449 -0.213177
v -0.112165 0.519918 -0.212344
v -0.087649 0.451699 -0.203135
v -0.109086 0.412187 -0.200530
v -0.076691 0.617179 -0.210868
v -0.088255 0.618711 -0.148220
v -0.099606 0.647806 -0.142721
v -0.053869 0.346750 -0.186564
v -0.109198 0.633131 -0.203187
v -0.007679 0.539028 -0.169655
v -0.000717 0.538859 -0.177726
v -0.002349 0.550199 -0.212298
v -0.003405 0.360244 -0.153244
v 0.002007 0.409813 -0.166977
v -0.000173 0.578117 -0.175639
v 0.000888 0.448954 -0.171270
v -0.011591 0.592128 -0.205007
v -0.024689 0.556277 -0.213468
v -0.024475 0.513747 -0.212635
v 0.000041 0.445528 -0.203426
v -0.021396 0.406016 -0.200821
v -0.019443 0.611007 -0.211159
v -0.006782 0.340579 -0.186855
vn -0.5653 -0.1227 -0.8157
vn -0.6367 0.1071 -0.7636
vn -0.1303 -0.3424 0.9305
vn -0.0693 -0.3498 -0.9343
vn -0.2033 -0.4002 -0.8936
vn -0.2521 0.0027 -0.9677
vn -0.2559 0.0270 -0.9663
vn -0.5013 0.4564 -0.7351
vn -0.3978 -0.0725 -0.9146
vn -0.4497 0.1326 -0.8833
vn -0.7213 -0.3110 -0.6189
vn -0.5611 -0.3164 -0.7649
vn -0.5291 -0.3068 -0.7911
vn -0.5679 0.6614 -0.4900
vn -0.6744 -0.4751 -0.5652
vn 0.3431 -0.1651 -0.9247
vn -0.6113 0.6583 -0.4393
vn -0.2896 -0.8531 -0.4340
vn -0.6920 0.6723 -0.2631
vn -0.3221 -0.8807 -0.3474
vn -0.7292 0.6776 -0.0955
vn -0.3484 -0.8938 -0.2825
vn -0.7151 0.6902 0.1106
vn -0.3659 -0.9137 -0.1767
vn -0.6201 0.6949 0.3640
vn -0.3676 -0.8487 0.3801
vn -0.5228 0.6971 0.4907
vn -0.6108 -0.5390 0.5801
vn 0.3002 0.8576 -0.4176
vn -0.4131 0.7038 0.5779
vn -0.4980 -0.4970 0.7106
vn 0.1557 0.7385 -0.6560
vn -0.3011 0.7163 0.6295
vn -0.3777 -0.4589 0.8042
vn -0.4271 0.0786 0.9008
vn -0.3980 0.0072 0.9173
vn -0.3268 -0.3808 0.8650
vn -0.0912 0.9951 0.0391
vn -0.4127 -0.1297 0.9016
vn 0.3303 -0.5352 0.7775
vn -0.3057 0.0838 -0.9484
vn -0.8269 0.1131 0.5508
vn -0.0126 -0.4213 -0.9068
vn -0.6270 -0.1814 -0.7576
vn -0.4414 0.0196 0.8971
vn -0.5017 -0.0688 -0.8623
vn -0.2852 -0.0756 -0.9555
vn -0.2758 0.2204 -0.9356
vn -0.1982 -0.1492 -0.9687
vn -0.1040 -0.3236 -0.9404
vn -0.6323 -0.6655 0.3966
vn -0.7068 0.2729 0.6526
vn -0.4101 -0.1818 -0.8937
vn -0.6343 -0.0446 -0.7718
vn -0.3391 0.0042 -0.9407
vn -0.3388 0.0435 -0.9399
vn -0.6028 -0.6947 -0.3925
vn -0.4570 -0.1944 -0.8680
vn 0.0011 -0.0600 -0.9982
vn 0.3578 0.8938 0.2702
vn 0.0971 -0.8891 0.4473
vn -0.4848 -0.2975 -0.8225
vn 0.4249 -0.8697 0.2512
vn -0.5779 -0.6856 -0.4426
vn -0.6162 -0.7167 -0.3267
vn -0.6338 -0.7680 -0.0921
vn -0.6168 0.6527 -0.4398
vn -0.6289 -0.7668 -0.1280
vn -0.6349 -0.7257 -0.2652
vn -0.7263 0.6801 -0.0993
vn -0.6247 -0.7794 0.0469
vn -0.6631 0.6945 0.2792
vn -0.7344 0.6715 -0.0981
vn -0.5617 -0.7971 0.2216
vn -0.6188 -0.7776 0.1117
vn -0.5772 0.6954 0.4281
vn -0.5308 -0.7791 0.3336
vn -0.5560 -0.7931 0.2487
vn -0.0753 0.4385 -0.8956
vn -0.4698 -0.7464 0.4714
vn 0.3106 -0.2151 0.9259
vn -0.4716 0.6995 0.5369
vn 0.3678 -0.6552 0.6599
vn -0.3915 -0.7092 0.5863
vn -0.5767 -0.0606 0.8147
vn 0.3669 -0.0179 0.9301
vn -0.3592 0.7091 0.6068
vn -0.5463 -0.5128 0.6623
vn 0.3362 -0.2779 0.8999
vn -0.3008 -0.6735 0.6753
vn -0.4281 -0.0566 0.9020
vn -0.4226 0.1159 0.8989
vn -0.2634 -0.6581 0.7053
vn -0.4281 -0.4724 0.7705
vn -0.4827 0.0802 0.8721
vn 0.0429 -0.4672 0.8831
vn -0.4104 0.1120 0.9050
vn -0.7514 -0.0530 0.6577
vn -0.7771 0.2668 0.5700
vn -0.6597 0.2477 0.7095
vn -0.3058 -0.4385 0.8451
vn -0.3381 0.0756 0.9381
vn -0.0669 -0.1973 -0.9781
vn -0.3370 0.1116 0.9349
vn -0.3386 -0.0544 0.9394
vn 0.0642 0.3419 -0.9375
vn -0.4808 0.1183 0.8688
vn -0.4834 -0.0577 0.8735
vn -0.6789 0.0364 -0.7333
vn -0.6337 -0.0620 0.7711
vn -0.3590 -0.6921 0.6262
vn -0.4431 -0.7297 0.5207
vn -0.2467 -0.3640 0.8981
vn -0.3643 -0.9025 0.2298
vn -0.5797 -0.7858 0.2155
vn 0.3275 0.9344 -0.1404
vn -0.6391 -0.7526 -0.1589
vn 0.3643 0.9299 0.0507
vn -0.8022 -0.4567 0.3847
vn -0.5227 -0.0649 -0.8501
vn -0.3307 0.2217 -0.9173
vn 0.0045 0.4512 -0.8924
vn -0.4006 -0.0897 -0.9118
vn -0.3831 -0.2350 -0.8933
vn -0.2849 -0.0763 -0.9555
vn 0.2507 0.4176 0.8733
vn 0.4805 0.0095 0.8769
vn 0.2954 0.0105 0.9553
vn 0.2429 -0.1569 0.9573
vn 0.1766 0.2681 0.9471
vn -0.2764 -0.0047 -0.9610
vn -0.0114 0.4814 0.8764
vn 0.0649 -0.1390 0.9882
vn 0.2004 0.0119 0.9796
vn 0.2423 0.0883 0.9662
vn 0.3346 0.3688 0.8672
vn 0.3382 0.0752 0.9381
vn 0.3307 -0.2217 0.9173
vn 0.4363 0.3970 0.8075
vn 0.6848 0.5521 0.4756
vn 0.2537 -0.6636 0.7038
vn 0.3356 -0.1443 0.9309
vn 0.6569 0.4810 0.5807
vn 0.5281 0.0480 0.8478
vn 0.6035 0.0469 0.7960
vn 0.6517 -0.4637 -0.6002
vn 0.5244 -0.3834 0.7602
vn 0.5818 0.8133 0.0104
vn 0.5527 0.6620 0.5062
vn 0.6193 0.6561 0.4313
vn 0.8714 0.0956 0.4812
vn 0.6343 0.0446 0.7718
vn 0.3924 0.9174 -0.0662
vn 0.7831 -0.5587 0.2733
vn 0.7037 0.5438 0.4572
vn 0.7768 0.6197 0.1122
vn -0.3962 -0.8811 -0.2583
vn -0.8541 0.0020 -0.5201
vn 0.7571 0.6380 -0.1407
vn 0.7583 0.6040 0.2454
vn 0.6468 0.7321 0.2138
vn -0.8678 -0.0001 -0.4969
vn 0.8465 -0.3577 0.3944
vn -0.5700 -0.4306 0.6997
vn 0.7782 0.6276 0.0232
vn 0.6339 0.7681 0.0907
vn -0.6335 -0.7685 -0.0894
vn -0.9649 -0.0104 -0.2625
vn 0.7481 0.5431 0.3813
vn 0.7339 0.6503 -0.1960
vn 0.6100 0.7744 -0.1680
vn -1.0000 -0.0082 0.0041
vn -0.3913 -0.9070 0.1558
vn -0.5592 -0.7926 0.2430
vn 0.6798 0.6290 -0.3772
vn 0.5570 0.7934 -0.2454
vn -0.9623 -0.0179 0.2714
vn -0.3208 -0.9460 -0.0464
vn -0.5113 -0.7651 0.3914
vn 0.4846 0.7549 -0.4419
vn 0.5655 0.5630 -0.6027
vn 0.5865 -0.3186 0.7447
vn 0.3208 0.9261 -0.1987
vn -0.8653 -0.0147 0.5010
vn 0.5850 -0.0959 -0.8054
vn 0.6201 -0.7842 0.0235
vn 0.4095 0.7183 -0.5625
vn 0.4549 0.5210 -0.7223
vn 0.5298 0.0592 -0.8460
vn 0.5259 -0.0703 -0.8477
vn 0.6085 -0.2094 0.7655
vn 0.3066 0.9027 -0.3020
vn -0.7326 -0.0102 0.6806
vn 0.8764 -0.2767 -0.3942
vn 0.5327 0.5467 -0.6461
vn 0.2817 0.8663 -0.4126
vn 0.3208 0.6816 -0.6577
vn 0.3375 0.4841 -0.8073
vn 0.3830 0.0555 -0.9221
vn 0.4383 -0.0209 -0.8986
vn 0.3836 -0.1140 -0.9164
vn -0.0106 -0.9998 0.0166
vn -0.5859 -0.0054 0.8103
vn -0.9930 0.0693 0.0952
vn 0.4189 0.5057 -0.7542
vn 0.4841 -0.0213 -0.8747
vn 0.2428 0.8119 -0.5310
vn -0.2838 0.4635 -0.8394
vn 0.3920 0.3125 -0.8653
vn -0.4290 -0.2429 0.8700
vn 0.3872 -0.0642 -0.9198
vn 0.3152 -0.3123 -0.8962
vn -0.1701 -0.8651 0.4718
vn -0.0068 -0.9998 0.0187
vn -0.4377 -0.0008 0.8991
vn -0.9213 0.3110 0.2336
vn 0.3000 0.4715 -0.8293
vn 0.3390 -0.0200 -0.9406
vn -0.4862 -0.1158 0.8661
vn 0.9615 0.0381 -0.2720
vn -0.0207 0.5141 0.8575
vn 0.3370 -0.1116 -0.9349
vn 0.3386 0.0544 -0.9394
vn 0.2594 0.6598 -0.7052
vn 0.4808 -0.1183 -0.8688
vn 0.4834 0.0577 -0.8735
vn 0.3542 0.6937 -0.6271
vn 0.6337 0.0620 -0.7711
vn 0.4385 0.7311 -0.5227
vn 0.5076 0.7662 -0.3941
vn 0.3188 0.9167 -0.2408
vn 0.3507 -0.9235 0.1554
vn -0.3834 -0.8975 0.2178
vn 0.7009 0.6415 -0.3119
vn 0.5773 0.6826 0.4481
vn -0.4167 -0.9007 -0.1226
vn 0.2208 0.1613 0.9619
vn -0.4665 -0.0739 0.8814
vn -0.9294 -0.2941 0.2228
vn 0.1956 -0.2173 0.9563
vn -0.4411 -0.8221 0.3600
vn 0.4714 0.0508 0.8805
vn -0.6814 0.1918 -0.7063
vn -0.1956 0.2173 -0.9563
vn -0.5562 0.8168 -0.1534
vn -0.3384 0.0656 -0.9387
vn -0.6506 0.6795 -0.3391
vn -0.8050 -0.4033 -0.4351
vn -0.2000 0.0628 -0.9778
vn -0.5478 -0.5333 -0.6446
vn 0.8113 -0.0013 0.5846
vn 0.4491 0.7599 -0.4699
vn 0.5424 0.7849 -0.2995
vn 0.6206 0.4966 -0.6068
vn -0.6349 -0.7709 0.0510
vn -0.8289 -0.5037 -0.2432
vn -0.6892 -0.7206 0.0760
vn 0.4026 0.8263 -0.3938
vn -0.5346 -0.7821 0.3202
vn -0.8046 -0.5421 0.2423
vn -0.5220 -0.7710 0.3649
vn -0.5461 -0.7108 0.4433
vn 0.3187 0.8559 -0.4072
vn -0.3857 -0.7019 0.5987
vn 0.6634 -0.0944 -0.7423
vn 0.7089 0.0648 -0.7023
vn -0.1635 -0.5427 0.8238
vn -0.6344 0.0410 0.7720
vn 0.8968 0.4400 0.0471
vn 0.5581 0.0600 -0.8276
vn 0.6077 0.2897 -0.7395
vn -0.0714 -0.0235 0.9972
vn 0.8240 -0.0974 -0.5582
vn -0.5767 -0.4679 0.6697
vn 0.4102 0.0561 -0.9103
vn -0.3310 -0.2172 0.9183
vn -0.6435 -0.7165 0.2692
vn -0.4614 -0.7400 0.4893
vn -0.4551 -0.4210 0.7846
vn -0.2066 0.0403 -0.9776
vn 0.3282 0.2512 -0.9106
vn 0.3040 0.3580 0.8828
vn -0.2611 -0.6592 0.7052
vn -0.4872 0.6626 -0.5688
vn 0.1292 0.5231 -0.8424
vn -0.5089 0.2405 0.8266
vn -0.6152 -0.2471 -0.7486
vn -0.6110 0.6696 -0.4223
vn 0.1998 0.0759 0.9769
vn -0.6476 0.3587 0.6723
vn -0.2836 0.1275 -0.9504
vn 0.5488 -0.6330 -0.5459
vn -0.6214 0.7665 -0.1624
vn -0.4962 0.0152 -0.8681
vn -0.2877 -0.2346 -0.9286
vn -0.9499 -0.2780 0.1426
vn -0.6027 0.6609 -0.4471
vn -0.2683 -0.0757 -0.9603
vn -0.4987 -0.4835 -0.7194
vn -0.8505 -0.3588 -0.3847
vn -0.5351 -0.7184 0.4444
vn -0.7136 -0.4465 -0.5397
vn -0.7108 -0.6342 -0.3043
vn -0.6060 -0.7299 -0.3161
vn 0.3861 0.9184 0.0866
vn -0.5145 0.6704 -0.5347
vn 0.4973 -0.6956 -0.5184
vn 0.3744 0.9272 -0.0109
vn -0.8362 -0.5359 -0.1166
vn 0.3540 0.7962 -0.4907
vn 0.4845 0.1557 0.8608
vn -0.4755 -0.4244 0.7706
vn -0.7655 -0.5532 0.3286
vn -0.3615 -0.3921 0.8459
vn -0.6838 -0.5147 0.5172
vn 0.7353 0.3461 -0.5827
vn 0.9782 -0.1834 -0.0971
vn 0.2588 0.8257 -0.5012
vn -0.3087 -0.6770 0.6681
vn 0.2404 0.8082 -0.5375
vn -0.5402 0.0393 0.8406
vn -0.0348 -0.9974 0.0629
vn 0.2590 0.8256 -0.5013
vn -0.4048 -0.2229 0.8868
vn -0.3928 0.0368 0.9189
vn -0.3848 -0.7039 0.5971
vn -0.9117 -0.0459 0.4084
vn -0.5159 -0.3543 0.7800
vn 0.3939 0.1707 -0.9032
vn -0.2765 -0.0047 -0.9610
vn -0.9125 -0.3863 -0.1346
vn -0.7665 0.0732 0.6381
vn -0.1991 0.5493 -0.8115
vn -0.1998 -0.0759 -0.9769
vn -0.3715 -0.3303 -0.8677
vn 0.2857 -0.5386 -0.7927
vn -0.2500 -0.6541 0.7139
vn -0.8060 0.5903 -0.0437
vn -0.3389 0.0359 0.9401
vn -0.4081 0.1152 0.9056
vn -0.2482 0.7244 0.6432
vn -0.2917 -0.6682 0.6844
vn -0.3450 -0.6866 0.6400
vn -0.0319 -0.5557 -0.8307
vn -0.4839 0.0381 0.8743
vn -0.3421 0.0270 0.9393
vn -0.4317 -0.7241 0.5379
vn -0.4102 -0.0562 0.9103
vn 0.6151 -0.2476 -0.7485
vn -0.5042 -0.7610 0.4082
vn -0.5210 -0.7720 0.3641
vn 0.6337 0.0621 -0.7711
vn -0.5565 -0.7906 0.2553
vn 0.3005 0.8879 -0.3483
vn -0.5581 -0.0600 0.8276
vn -0.5109 -0.7640 0.3942
vn -0.5912 -0.8064 0.0122
vn -0.3500 -0.1648 0.9221
vn -0.6329 -0.7685 -0.0942
vn -0.6346 -0.7683 -0.0830
vn -0.5622 -0.7959 0.2247
vn -0.5831 -0.7398 -0.3357
vn 0.3356 0.4496 -0.8278
vn -0.0942 -0.0323 -0.9950
vn -0.5680 -0.6827 -0.4597
vn 0.0431 -0.6574 -0.7523
vn 0.0288 -0.0213 -0.9994
vn 0.2831 -0.0051 -0.9591
vn 0.1453 -0.0171 -0.9892
vn -0.3548 -0.0998 -0.9296
vn 0.2971 -0.3209 -0.8993
vn 0.3738 0.0870 0.9234
vn -0.5227 -0.0555 -0.8507
vn -0.7014 -0.5972 -0.3891
vn -0.4250 -0.1577 -0.8914
vn 0.5190 0.0487 0.8534
vn -0.3348 -0.1583 -0.9289
vn -0.1581 -0.4533 -0.8773
vn -0.2477 0.2195 -0.9437
vn 0.0485 0.5824 0.8114
vn 0.2359 0.2537 0.9381
vn 0.5931 0.1563 0.7898
vn -0.1720 -0.1006 -0.9800
vn 0.4416 0.1491 0.8847
vn -0.1755 -0.8557 -0.4869
vn 0.2000 -0.0628 0.9778
vn 0.4602 -0.1881 0.8677
vn 0.2865 -0.2207 0.9323
vn 0.4230 0.2185 0.8794
vn 0.8475 0.0035 0.5308
vn 0.6148 -0.0937 -0.7831
vn 0.4708 0.8794 -0.0709
vn 0.9903 -0.0390 0.1333
vn 0.6753 -0.3762 -0.6343
vn 0.4235 0.0745 0.9028
vn -0.6373 -0.7474 -0.1877
vn -0.6433 -0.7654 -0.0192
vn 0.5123 0.5675 -0.6446
vn -0.5901 -0.7875 0.1778
vn -0.5442 -0.7780 0.3139
vn -0.3892 0.0965 -0.9161
vn 0.5264 -0.3980 0.7513
vn 0.5069 0.7636 -0.3998
vn 0.5632 0.2826 -0.7765
vn 0.2700 0.8437 -0.4641
vn 0.3824 -0.0835 -0.9202
vn 0.4225 0.2624 -0.8675
vn 0.8312 -0.5464 -0.1028
vn -0.1996 -0.8737 0.4436
vn 0.8490 -0.1670 -0.5013
vn 0.2995 0.6765 -0.6728
vn 0.3337 0.2510 -0.9087
vn -0.3181 0.8314 0.4556
vn 0.5965 -0.3812 -0.7063
vn -0.4870 -0.2911 0.8234
vn 0.4081 -0.1152 -0.9056
vn -0.9600 0.2751 0.0523
vn -0.2723 0.8585 0.4344
vn 0.3041 0.1254 -0.9444
vn -0.0891 0.1225 -0.9885
vn -0.2947 0.7406 0.6039
vn 0.2428 0.3743 0.8949
vn 0.5633 -0.2608 -0.7840
vn 0.8654 -0.3614 0.3470
vn 0.6709 0.3944 -0.6280
vn 0.9080 -0.3363 0.2499
vn 0.6382 0.1794 0.7487
vn -0.8639 -0.3700 0.3418
vn 0.6930 -0.3310 0.6405
vn -0.3213 -0.9383 -0.1279
vn -0.2617 0.7401 0.6195
vn -0.3317 -0.8867 0.3220
vn -0.6075 -0.6905 -0.3927
vn 0.6369 0.7513 0.1727
vn 0.6337 -0.3705 0.6790
vn 0.7449 -0.3630 0.5598
vn 0.8215 -0.5688 0.0390
vn 0.5876 -0.5648 -0.5794
vn 0.8960 0.3748 0.2380
vn 0.7286 -0.5479 -0.4110
vn 0.8345 0.5248 -0.1677
vn 0.8990 -0.3569 -0.2536
vn 0.9397 0.0690 -0.3350
vn 0.8136 -0.3624 -0.4546
vn 0.3363 0.6775 -0.6541
vn 0.9538 -0.2665 -0.1390
vn -0.2890 0.3147 0.9041
vn -0.2982 -0.8781 0.3742
vn 0.1891 -0.1068 -0.9761
vn 0.2974 0.6826 -0.6676
vn 0.2230 0.7778 -0.5877
vn 0.1654 0.6983 -0.6965
vn 0.6636 -0.1852 -0.7248
vn 0.4386 0.6597 -0.6102
vn 0.4102 0.0562 -0.9103
vn 0.3781 0.6689 -0.6400
vn 0.7327 0.5806 -0.3550
vn 0.3420 -0.5539 -0.7591
vn 0.6105 -0.3610 0.7050
vn 0.3772 0.6723 -0.6370
vn 0.5516 0.7764 -0.3050
vn 0.4230 0.6594 -0.6215
vn 0.5827 0.7905 -0.1885
vn 0.6355 0.4594 -0.6205
vn 0.6540 0.7564 -0.0075
vn -0.3643 0.0316 -0.9308
vn 0.8103 0.2753 0.5173
vn 0.5652 0.5794 0.5872
vn -0.8938 -0.3215 0.3128
vn 0.7738 0.2229 -0.5929
vn 0.5383 0.1611 0.8272
vn 0.8784 -0.2687 0.3953
vn -0.6006 -0.3241 -0.7309
vn 0.5290 0.1128 0.8411
vn 0.9419 0.2747 -0.1933
vn 0.3683 0.1968 0.9086
vn 0.1262 0.5597 0.8190
vn -0.5837 -0.0474 -0.8106
vn 0.3366 0.8954 -0.2915
vn 0.5155 0.1249 0.8477
vn -0.1212 0.4471 -0.8863
vn 0.1083 0.1448 0.9835
vn -0.7329 -0.6470 -0.2102
vn 0.2778 0.8390 -0.4678
vn -0.2493 -0.5094 0.8236
vn -0.3732 -0.3176 0.8717
vn -0.3575 -0.6903 0.6290
vn 0.9546 -0.2633 0.1394
vn -0.6283 -0.7664 -0.1341
vn -0.2730 -0.2618 -0.9257
vn -0.3184 -0.9458 0.0633
vn 0.3586 0.1602 0.9196
vn -0.5311 0.3181 0.7853
vn -0.6132 -0.6899 -0.3847
vn -0.1230 0.0876 0.9885
vn 0.3139 -0.6782 0.6644
vn 0.4665 0.2681 -0.8429
vn -0.6276 -0.7572 -0.1813
vn 0.3578 0.9224 -0.1451
vn -0.4421 -0.7281 0.5238
vn -0.6438 -0.3682 0.6708
vn -0.9184 0.0927 0.3846
vn -0.9435 -0.1183 -0.3094
vn -0.6549 -0.6793 -0.3311
vn 0.2529 -0.0196 -0.9673
vn -0.6333 -0.7687 -0.0900
vn 0.5573 -0.7732 0.3026
vn -0.0796 -0.3024 0.9499
vn -0.3042 -0.9429 0.1357
vn -0.5622 -0.7984 0.2156
vn -0.3382 -0.0752 -0.9381
vn 0.4984 0.7764 -0.3857
vn -0.2619 -0.6566 0.7073
vn 0.5531 0.0060 0.8331
vn -0.1791 -0.2429 -0.9534
vn 0.5993 0.1554 0.7853
vn -0.5761 -0.6859 -0.4446
vn 0.4747 0.6370 -0.6074
vn -0.5714 -0.8131 0.1113
vn -0.5762 -0.7955 0.1876
vn 0.2977 0.8490 -0.4365
vn -0.5087 -0.3407 0.7906
vn -0.4194 -0.9077 -0.0153
vn -0.2057 -0.2964 -0.9326
vn -0.2864 -0.6912 0.6635
vn 0.7545 0.2199 0.6183
vn -0.5592 -0.7920 0.2449
vn 0.5731 0.8186 0.0374
vn 0.6676 -0.0841 -0.7397
vn -0.9230 -0.3817 0.0491
vn 0.3273 0.9188 -0.2206
vn 0.8612 0.3003 0.4101
vn -0.4265 -0.0114 -0.9044
vn 0.2412 -0.1424 0.9600
vn 0.6977 -0.5397 0.4711
vn -0.9368 0.3194 0.1428
vn -0.9560 -0.2916 0.0330
vn 0.4926 0.0698 0.8675
vn -0.1448 -0.5026 -0.8523
vn -0.9626 0.2709 -0.0093
vn -0.5423 0.6745 -0.5009
vn -0.0352 -0.1363 0.9900
vn -0.6995 -0.6453 0.3070
vn -0.0847 0.0861 -0.9927
vn -0.6600 -0.1209 -0.7414
vn 0.0657 0.1807 -0.9813
vn 0.6240 0.6856 0.3749
vn -0.1589 -0.2168 -0.9632
vn -0.1053 -0.0530 -0.9930
vn -0.6797 -0.7288 0.0830
vn -0.5620 -0.0388 -0.8262
vn -0.4054 -0.9061 0.1210
vn 0.3030 -0.5437 -0.7827
vn -0.5920 -0.6894 -0.4173
vn 0.2676 0.6763 0.6863
vn -0.5506 -0.6360 -0.5408
vn 0.3306 -0.8538 0.4023
vn -0.5563 -0.0389 -0.8301
vn 0.3925 0.8356 -0.3844
vn 0.3947 -0.1621 -0.9044
vn -0.5314 -0.6643 -0.5256
vn 0.3622 0.7757 0.5169
vn -0.6863 -0.4372 0.5812
vn -0.5681 -0.6826 -0.4598
vn -0.6344 -0.7686 -0.0829
vn 0.4125 0.9045 0.1085
vn -0.5929 -0.6882 -0.4181
vn 0.5069 0.0546 0.8603
vn 0.3631 0.8011 0.4757
vn -0.4625 -0.7385 0.4906
vn -0.5845 -0.7384 -0.3362
vn 0.4192 0.7879 -0.4512
vn 0.6743 0.1714 0.7183
vn 0.4181 0.8889 0.1872
vn -0.5776 -0.6839 -0.4457
vn -0.1985 -0.0293 -0.9797
vn -0.5629 -0.7953 0.2251
vn 0.8019 -0.5640 -0.1968
vn 0.3939 0.8998 0.1876
vn -0.6438 -0.7412 -0.1903
vn -0.3107 -0.0239 -0.9502
vn -0.5931 -0.8050 0.0125
vn 0.3283 0.8213 -0.4666
vn 0.4822 0.6205 -0.6184
vn 0.4008 0.9159 0.0210
vn -0.6337 -0.7683 -0.0901
vn -0.3535 -0.8933 0.2776
vn -0.5564 -0.7907 0.2552
vn 0.3138 0.8611 -0.4001
vn 0.5848 0.6325 -0.5079
vn 0.3758 0.9086 -0.1821
vn -0.5972 -0.7796 0.1885
vn -0.5937 -0.3545 0.7224
vn 0.3094 0.3365 -0.8894
vn 0.2949 0.8527 -0.4312
vn -0.7819 -0.0671 0.6197
vn -0.5092 -0.7658 0.3929
vn -0.5579 -0.7931 0.2443
vn -0.4574 -0.3285 0.8264
vn -0.2922 -0.6662 0.6862
vn -0.5489 0.0086 -0.8359
vn 0.8150 -0.2590 -0.5183
vn 0.2767 0.8410 -0.4649
vn -0.5573 0.0296 0.8298
vn -0.3562 -0.6931 0.6267
vn -0.4405 -0.7305 0.5218
vn -0.3226 -0.3078 0.8951
vn -0.3451 -0.6863 0.6402
vn -0.4712 -0.2307 0.8513
vn -0.7571 -0.4642 -0.4597
vn 0.2418 0.8055 -0.5410
vn -0.2501 -0.6537 0.7142
vn -0.3996 -0.0546 0.9151
vn -0.1545 0.1026 0.9827
vn -0.4851 0.0681 0.8718
vn -0.2931 0.5950 -0.7484
vn -0.1887 -0.4932 -0.8492
vn 0.2427 0.0758 0.9671
vn 0.4315 -0.3748 -0.8206
vn -0.9213 0.1971 0.3353
vn 0.3384 -0.0656 0.9387
vn -0.9770 0.2111 0.0286
vn 0.8421 0.5383 0.0330
vn -0.4800 0.0979 0.8718
vn 0.4959 0.0600 0.8663
vn 0.7051 -0.3346 -0.6252
vn 0.1288 0.4642 0.8763
vn 0.7542 -0.2997 0.5842
vn 0.5287 0.0486 0.8474
vn 0.5153 0.0600 0.8549
vn 0.4175 0.1490 0.8964
vn 0.4814 0.7916 -0.3763
vn 0.7577 0.2859 -0.5866
vn 0.3071 0.7025 0.6421
vn 0.3167 0.7243 0.6124
vn 0.3620 0.7938 0.4886
vn 0.3986 0.8485 0.3481
vn 0.4024 0.8976 0.1797
vn 0.7076 -0.3711 -0.6013
vn 0.9265 0.1489 -0.3455
vn 0.4003 0.9096 0.1114
vn 0.2928 0.6833 -0.6689
vn 0.4824 -0.0868 -0.8716
vn 0.3939 0.9164 -0.0716
vn 0.5997 -0.1645 0.7831
vn 0.4267 0.6502 -0.6286
vn 0.4768 -0.1742 -0.8616
vn 0.3380 -0.0818 -0.9376
vn 0.3470 0.8912 -0.2923
vn -0.0950 0.3109 -0.9457
vn 0.3354 0.6792 -0.6528
vn 0.4013 -0.5598 -0.7250
vn 0.2382 0.8094 -0.5367
vn 0.0251 0.9762 -0.2153
vn 0.1462 -0.2038 -0.9680
vn -0.9653 -0.2562 -0.0506
vn 0.4558 -0.1506 -0.8772
vn -0.6103 -0.0657 -0.7895
vn 0.4773 0.0088 0.8787
vn -0.9120 -0.2432 -0.3302
vn 0.3687 0.6425 0.6717
vn -0.2412 -0.1633 -0.9566
vn 0.7535 0.5804 0.3089
vn -0.6245 -0.7085 -0.3288
vn -0.6112 -0.6927 -0.3829
vn -0.8783 -0.4478 0.1675
vn 0.6972 0.3274 -0.6378
vn -0.6277 -0.7669 -0.1339
vn -0.6089 -0.7915 0.0524
vn 0.5388 0.5151 -0.6666
vn -0.5640 -0.7970 0.2160
vn -0.4755 -0.7503 0.4594
vn -0.5371 -0.7798 0.3217
vn -0.3986 -0.7133 0.5765
vn -0.4780 -0.7471 0.4619
vn -0.4007 -0.7096 0.5795
vn -0.3100 -0.6735 0.6710
vn 0.9117 0.0459 -0.4084
vn -0.7744 -0.3668 0.5155
vn 0.0219 -0.2660 -0.9637
vn -0.9375 0.3177 0.1422
vn -0.7114 0.6793 -0.1804
vn -0.0126 0.2253 -0.9742
vn -0.0691 0.9963 0.0515
vn -0.0110 0.1093 0.9939
vn -0.9504 -0.1271 0.2838
vn 0.0290 -0.2985 -0.9540
vn 0.0241 -0.2207 -0.9750
vn 0.0004 -0.0531 0.9986
vn 0.0026 0.0108 -0.9999
vn -0.4088 0.1120 0.9057
vn 0.4102 -0.2276 -0.8831
vn 0.3837 -0.5673 -0.7286
vn 0.0600 0.9636 -0.2604
vn 0.3667 -0.0315 -0.9298
vn -0.5305 -0.1235 0.8386
vn 0.2685 -0.8296 -0.4896
vn 0.4048 0.0873 -0.9102
vn -0.9918 -0.0730 0.1049
vn -0.8276 0.2682 -0.4931
vn -0.8258 -0.0289 -0.5633
vn -0.8216 -0.1406 -0.5524
vn -0.9993 0.0254 -0.0290
vn -0.9165 0.0339 -0.3987
vn -0.9926 -0.1170 -0.0313
vn -0.9245 0.2082 -0.3192
vn 0.0103 -0.1921 0.9813
vn 0.0130 -0.1384 -0.9903
vn 0.1051 -0.8537 0.5100
vn 0.0077 -0.0617 -0.9981
vn -0.0639 0.7360 0.6739
vn -0.0289 0.2745 0.9611
vn 0.5653 -0.1227 -0.8157
vn 0.6367 0.1071 -0.7636
vn 0.1303 -0.3424 0.9305
vn 0.0693 -0.3498 -0.9343
vn 0.2033 -0.4002 -0.8936
vn 0.2521 0.0027 -0.9677
vn 0.2559 0.0270 -0.9663
vn 0.5013 0.4564 -0.7351
vn 0.3978 -0.0725 -0.9146
vn 0.4497 0.1326 -0.8833
vn 0.7213 -0.3110 -0.6189
vn 0.5611 -0.3164 -0.7649
vn 0.5291 -0.3068 -0.7911
vn 0.5679 0.6614 -0.4900
vn 0.6744 -0.4751 -0.5652
vn -0.3431 -0.1651 -0.9247
vn 0.6113 0.6583 -0.4393
vn 0.2896 -0.8531 -0.4340
vn 0.6920 0.6723 -0.2631
vn 0.3221 -0.8807 -0.3474
vn 0.7292 0.6776 -0.0955
vn 0.3484 -0.8938 -0.2825
vn 0.7151 0.6902 0.1106
vn 0.3659 -0.9137 -0.1767
vn 0.6201 0.6949 0.3640
vn 0.3676 -0.8487 0.3801
vn 0.5228 0.6971 0.4907
vn 0.6108 -0.5390 0.5801
vn -0.3002 0.8576 -0.4176
vn 0.4131 0.7038 0.5779
vn 0.4980 -0.4970 0.7106
vn -0.1557 0.7385 -0.6560
vn 0.3011 0.7163 0.6295
vn 0.3777 -0.4589 0.8042
vn 0.4271 0.0786 0.9008
vn 0.3980 0.0072 0.9173
vn 0.3268 -0.3808 0.8650
vn 0.0912 0.9951 0.0391
vn 0.4127 -0.1297 0.9016
vn -0.2854 -0.5628 0.7758
vn -0.3057 -0.0838 0.9484
vn 0.8269 0.1131 0.5508
vn 0.0126 -0.4213 -0.9068
vn 0.6270 -0.1814 -0.7576
vn 0.4414 0.0196 0.8971
vn 0.5017 -0.0688 -0.8623
vn 0.2852 -0.0756 -0.9555
vn 0.2758 0.2204 -0.9356
vn 0.1982 -0.1492 -0.9687
vn 0.1040 -0.3236 -0.9404
vn 0.6323 -0.6655 0.3966
vn 0.7068 0.2729 0.6526
vn 0.4102 -0.1818 -0.8937
vn 0.6343 -0.0446 -0.7718
vn 0.3391 0.0042 -0.9407
vn 0.3388 0.0435 -0.9399
vn 0.6028 -0.6947 -0.3925
vn 0.4570 -0.1944 -0.8680
vn -0.0011 -0.0600 -0.9982
vn -0.3578 0.8938 0.2702
vn -0.0971 -0.8891 0.4473
vn 0.4848 -0.2975 -0.8225
vn -0.4249 -0.8697 0.2512
vn 0.5779 -0.6856 -0.4426
vn 0.6162 -0.7167 -0.3267
vn 0.6338 -0.7680 -0.0921
vn 0.6168 0.6527 -0.4398
vn 0.6289 -0.7668 -0.1280
vn 0.6349 -0.7257 -0.2652
vn 0.7263 0.6801 -0.0993
vn 0.6247 -0.7794 0.0469
vn 0.6631 0.6945 0.2792
vn 0.7344 0.6715 -0.0981
vn 0.5617 -0.7971 0.2216
vn 0.6188 -0.7776 0.1117
vn 0.5772 0.6954 0.4281
vn 0.5308 -0.7791 0.3336
vn 0.5560 -0.7931 0.2487
vn 0.0753 0.4385 -0.8956
vn 0.4698 -0.7464 0.4714
vn -0.3106 -0.2151 0.9259
vn 0.4716 0.6995 0.5369
vn -0.3678 -0.6552 0.6599
vn 0.3915 -0.7092 0.5863
vn 0.5767 -0.0606 0.8147
vn -0.3669 -0.0179 0.9301
vn 0.3592 0.7091 0.6068
vn 0.5463 -0.5128 0.6623
vn -0.3362 -0.2779 0.8999
vn 0.3008 -0.6734 0.6753
vn 0.4281 -0.0566 0.9020
vn 0.4226 0.1159 0.8989
vn 0.2634 -0.6581 0.7053
vn 0.4281 -0.4724 0.7705
vn 0.4827 0.0802 0.8721
vn -0.0429 -0.4672 0.8831
vn 0.4104 0.1120 0.9050
vn 0.7514 -0.0530 0.6577
vn 0.7720 0.2969 0.5621
vn 0.6597 0.2477 0.7095
vn 0.3058 -0.4385 0.8451
vn 0.3381 0.0756 0.9381
vn 0.0669 -0.1973 -0.9781
vn 0.3370 0.1116 0.9349
vn 0.3386 -0.0544 0.9394
vn -0.0642 0.3419 -0.9375
vn 0.4808 0.1183 0.8688
vn 0.4834 -0.0577 0.8735
vn -0.6789 -0.0364 0.7333
vn 0.6337 -0.0620 0.7711
vn 0.3590 -0.6921 0.6262
vn 0.4431 -0.7297 0.5207
vn 0.2467 -0.3640 0.8981
vn 0.3643 -0.9025 0.2298
vn 0.5797 -0.7858 0.2155
vn -0.3275 0.9344 -0.1404
vn 0.6391 -0.7526 -0.1589
vn -0.3643 0.9299 0.0507
vn 0.8022 -0.4567 0.3847
vn 0.5227 -0.0649 -0.8501
vn 0.3307 0.2217 -0.9173
vn -0.0045 0.4512 -0.8924
vn 0.4006 -0.0897 -0.9118
vn 0.3831 -0.2350 -0.8933
vn 0.2849 -0.0763 -0.9555
vn -0.2507 0.4176 0.8733
vn -0.4805 0.0095 0.8769
vn -0.2954 0.0105 0.9553
vn -0.2429 -0.1569 0.9573
vn -0.1766 0.2681 0.9471
vn 0.2764 -0.0047 -0.9610
vn 0.0114 0.4814 0.8764
vn -0.0649 -0.1390 0.9882
vn -0.2004 0.0119 0.9796
vn -0.2423 0.0883 0.9662
vn -0.3346 0.3688 0.8672
vn -0.3382 0.0752 0.9381
vn -0.3307 -0.2217 0.9173
vn -0.4363 0.3970 0.8075
vn -0.6848 0.5521 0.4756
vn -0.2537 -0.6636 0.7038
vn -0.3356 -0.1443 0.9309
vn -0.6569 0.4810 0.5807
vn -0.5281 0.0480 0.8479
vn -0.6035 0.0469 0.7960
vn -0.6517 -0.4637 -0.6002
vn -0.5244 -0.3834 0.7602
vn -0.5818 0.8133 0.0104
vn -0.5527 0.6620 0.5062
vn -0.6193 0.6561 0.4313
vn -0.8714 0.0956 0.4812
vn -0.6343 0.0446 0.7718
vn -0.3924 0.9174 -0.0662
vn -0.7831 -0.5587 0.2733
vn -0.7037 0.5438 0.4572
vn -0.7768 0.6197 0.1122
vn 0.3962 -0.8811 -0.2583
vn 0.8541 0.0020 -0.5201
vn -0.7570 0.6380 -0.1407
vn -0.7583 0.6040 0.2454
vn -0.6468 0.7321 0.2138
vn 0.8678 -0.0001 -0.4969
vn -0.8465 -0.3577 0.3944
vn 0.5700 -0.4306 0.6997
vn -0.7782 0.6276 0.0232
vn -0.6339 0.7681 0.0907
vn 0.6335 -0.7685 -0.0894
vn 0.9649 -0.0104 -0.2625
vn -0.7481 0.5431 0.3813
vn -0.7339 0.6503 -0.1960
vn -0.6100 0.7744 -0.1680
vn 1.0000 -0.0082 0.0041
vn 0.3913 -0.9070 0.1558
vn 0.5592 -0.7926 0.2430
vn -0.6798 0.6290 -0.3772
vn -0.5570 0.7934 -0.2454
vn 0.9623 -0.0179 0.2714
vn 0.3208 -0.9460 -0.0464
vn 0.5113 -0.7651 0.3914
vn -0.4846 0.7549 -0.4419
vn -0.5655 0.5630 -0.6027
vn -0.5865 -0.3186 0.7447
vn -0.3208 0.9261 -0.1987
vn 0.8653 -0.0147 0.5010
vn -0.5850 -0.0959 -0.8054
vn -0.6201 -0.7842 0.0235
vn -0.4095 0.7183 -0.5625
vn -0.4549 0.5210 -0.7223
vn -0.5298 0.0592 -0.8460
vn -0.5259 -0.0703 -0.8477
vn -0.6085 -0.2094 0.7655
vn -0.3066 0.9027 -0.3020
vn 0.7326 -0.0102 0.6806
vn -0.8764 -0.2767 -0.3942
vn -0.5327 0.5467 -0.6461
vn -0.2817 0.8663 -0.4126
vn -0.3208 0.6816 -0.6577
vn -0.3375 0.4841 -0.8073
vn -0.3830 0.0555 -0.9221
vn -0.4383 -0.0209 -0.8986
vn -0.3836 -0.1140 -0.9164
vn 0.0106 -0.9998 0.0166
vn 0.5859 -0.0054 0.8103
vn 0.9930 0.0693 0.0952
vn -0.4189 0.5057 -0.7542
vn -0.4841 -0.0213 -0.8747
vn -0.2428 0.8119 -0.5310
vn 0.2838 0.4635 -0.8394
vn -0.3920 0.3125 -0.8653
vn 0.4290 -0.2429 0.8700
vn -0.3872 -0.0642 -0.9198
vn -0.3212 -0.3313 -0.8872
vn 0.1701 -0.8651 0.4718
vn 0.0068 -0.9998 0.0187
vn 0.4377 -0.0008 0.8991
vn 0.9213 0.3110 0.2335
vn -0.3000 0.4715 -0.8293
vn -0.3390 -0.0200 -0.9406
vn 0.4862 -0.1158 0.8661
vn -0.9615 0.0381 -0.2720
vn 0.0207 0.5141 0.8575
vn -0.3370 -0.1116 -0.9349
vn -0.3386 0.0544 -0.9394
vn -0.2594 0.6598 -0.7052
vn -0.4808 -0.1183 -0.8688
vn -0.4834 0.0577 -0.8735
vn -0.3542 0.6937 -0.6271
vn -0.6337 0.0620 -0.7711
vn -0.4385 0.7311 -0.5227
vn -0.5076 0.7662 -0.3941
vn -0.3188 0.9167 -0.2408
vn -0.3507 -0.9235 0.1554
vn 0.3834 -0.8975 0.2178
vn -0.7009 0.6415 -0.3119
vn -0.5773 0.6826 0.4481
vn 0.4167 -0.9007 -0.1226
vn -0.2208 0.1613 0.9619
vn 0.4665 -0.0739 0.8814
vn 0.9294 -0.2941 0.2228
vn -0.1956 -0.2173 0.9563
vn 0.4411 -0.8221 0.3600
vn -0.4714 0.0508 0.8805
vn 0.6814 0.1918 -0.7063
vn 0.1956 0.2173 -0.9563
vn 0.5562 0.8168 -0.1534
vn 0.3384 0.0656 -0.9387
vn 0.6506 0.6795 -0.3391
vn 0.8050 -0.4033 -0.4351
vn 0.2000 0.0628 -0.9778
vn 0.5478 -0.5333 -0.6446
vn -0.8113 -0.0013 0.5846
vn -0.4491 0.7599 -0.4699
vn -0.5424 0.7849 -0.2995
vn -0.6206 0.4966 -0.6068
vn 0.6349 -0.7709 0.0510
vn 0.8289 -0.5037 -0.2432
vn 0.6892 -0.7206 0.0760
vn -0.4026 0.8263 -0.3938
vn 0.5346 -0.7821 0.3202
vn 0.8046 -0.5421 0.2423
vn 0.5220 -0.7710 0.3649
vn 0.5461 -0.7109 0.4433
vn -0.3187 0.8559 -0.4072
vn 0.3857 -0.7019 0.5987
vn -0.6634 -0.0944 -0.7423
vn 0.7089 -0.0648 0.7023
vn 0.1635 -0.5427 0.8238
vn 0.6344 0.0410 0.7720
vn -0.8968 0.4400 0.0471
vn 0.5581 -0.0600 0.8276
vn -0.6077 0.2897 -0.7395
vn 0.0714 -0.0235 0.9972
vn -0.8240 -0.0974 -0.5582
vn 0.5767 -0.4679 0.6697
vn 0.4102 -0.0561 0.9103
vn 0.3310 -0.2172 0.9183
vn 0.6401 -0.7188 0.2714
vn 0.4614 -0.7400 0.4893
vn 0.4551 -0.4211 0.7846
vn 0.2066 0.0403 -0.9776
vn -0.3282 0.2512 -0.9106
vn -0.3041 0.3580 0.8828
vn 0.2611 -0.6592 0.7052
vn 0.4872 0.6626 -0.5688
vn -0.1292 0.5231 -0.8424
vn 0.5089 0.2405 0.8266
vn 0.6152 -0.2471 -0.7486
vn 0.6110 0.6696 -0.4223
vn -0.1998 0.0759 0.9769
vn -0.6476 -0.3587 -0.6723
vn 0.2836 0.1275 -0.9504
vn -0.5488 -0.6330 -0.5459
vn 0.6214 0.7665 -0.1624
vn 0.4962 0.0152 -0.8681
vn 0.2877 -0.2346 -0.9286
vn 0.9499 -0.2780 0.1426
vn 0.6027 0.6609 -0.4471
vn 0.2683 -0.0757 -0.9603
vn 0.4987 -0.4835 -0.7194
vn 0.8505 -0.3588 -0.3847
vn 0.5351 -0.7184 0.4444
vn 0.7136 -0.4465 -0.5397
vn 0.7108 -0.6342 -0.3043
vn 0.6060 -0.7299 -0.3161
vn -0.3861 0.9184 0.0866
vn 0.5145 0.6704 -0.5347
vn -0.4973 -0.6956 -0.5184
vn -0.3744 0.9272 -0.0109
vn 0.8362 -0.5359 -0.1166
vn -0.3540 0.7962 -0.4907
vn -0.4845 0.1557 0.8608
vn 0.4755 -0.4244 0.7706
vn 0.7655 -0.5532 0.3286
vn 0.3615 -0.3921 0.8459
vn 0.6838 -0.5147 0.5172
vn -0.7353 0.3461 -0.5827
vn -0.9782 -0.1834 -0.0971
vn -0.2588 0.8257 -0.5012
vn 0.3087 -0.6770 0.6681
vn -0.2404 0.8082 -0.5375
vn 0.5402 0.0393 0.8406
vn 0.0348 -0.9974 0.0629
vn -0.2590 0.8256 -0.5013
vn 0.4048 -0.2229 0.8868
vn 0.3928 0.0368 0.9189
vn 0.3848 -0.7039 0.5970
vn 0.9117 -0.0459 0.4084
vn 0.5159 -0.3543 0.7800
vn -0.3939 0.1707 -0.9032
vn 0.2765 -0.0047 -0.9610
vn 0.9125 -0.3863 -0.1346
vn 0.7665 0.0732 0.6381
vn 0.1991 0.5493 -0.8115
vn 0.1998 -0.0759 -0.9769
vn 0.3715 -0.3303 -0.8677
vn -0.2857 -0.5386 -0.7927
vn 0.2500 -0.6541 0.7139
vn 0.8060 0.5903 -0.0437
vn 0.3389 0.0359 0.9401
vn 0.4081 0.1152 0.9056
vn 0.2482 0.7244 0.6432
vn 0.2917 -0.6682 0.6844
vn 0.3450 -0.6866 0.6400
vn 0.0319 -0.5557 -0.8307
vn 0.4839 0.0381 0.8743
vn 0.3421 0.0270 0.9393
vn 0.4317 -0.7241 0.5379
vn 0.4102 -0.0562 0.9103
vn -0.6151 -0.2476 -0.7486
vn 0.5042 -0.7610 0.4082
vn 0.5210 -0.7720 0.3641
vn 0.6337 -0.0621 0.7711
vn 0.5565 -0.7906 0.2553
vn -0.3005 0.8879 -0.3483
vn 0.5109 -0.7640 0.3942
vn 0.5912 -0.8064 0.0122
vn 0.3500 -0.1648 0.9221
vn 0.6329 -0.7685 -0.0942
vn 0.6346 -0.7683 -0.0830
vn 0.5622 -0.7959 0.2248
vn 0.5831 -0.7398 -0.3357
vn -0.3356 0.4496 -0.8278
vn -0.0942 0.0323 0.9950
vn 0.5680 -0.6827 -0.4597
vn -0.0431 -0.6574 -0.7523
vn -0.0288 -0.0213 -0.9994
vn -0.2831 -0.0051 -0.9591
vn -0.1453 -0.0171 -0.9892
vn 0.3548 -0.0998 -0.9296
vn -0.2971 -0.3209 -0.8993
vn -0.3738 0.0870 0.9234
vn 0.5227 -0.0555 -0.8507
vn 0.7014 -0.5972 -0.3891
vn 0.4250 -0.1577 -0.8914
vn -0.5190 0.0487 0.8534
vn 0.3348 -0.1583 -0.9289
vn 0.1581 -0.4533 -0.8773
vn 0.2477 0.2195 -0.9437
vn -0.0485 0.5824 0.8114
vn -0.2359 0.2537 0.9381
vn -0.5931 0.1563 0.7898
vn 0.1720 -0.1006 -0.9800
vn -0.4416 0.1491 0.8847
vn 0.1755 -0.8557 -0.4869
vn -0.2000 -0.0628 0.9778
vn -0.4602 -0.1881 0.8677
vn -0.2865 -0.2207 0.9323
vn -0.4230 0.2185 0.8794
vn -0.8475 0.0035 0.5308
vn -0.6148 -0.0937 -0.7831
vn -0.4708 0.8794 -0.0709
vn -0.9903 -0.0390 0.1333
vn -0.6753 -0.3762 -0.6343
vn -0.4235 0.0745 0.9028
vn 0.6373 -0.7474 -0.1877
vn 0.6433 -0.7654 -0.0192
vn -0.5123 0.5675 -0.6446
vn 0.5901 -0.7875 0.1778
vn 0.5442 -0.7780 0.3139
vn 0.3892 0.0965 -0.9161
vn -0.5264 -0.3980 0.7513
vn -0.5069 0.7636 -0.3998
vn -0.5632 0.2826 -0.7765
vn -0.2700 0.8437 -0.4641
vn -0.3824 -0.0835 -0.9202
vn -0.4225 0.2624 -0.8675
vn -0.8312 -0.5464 -0.1028
vn 0.1996 -0.8737 0.4436
vn -0.8490 -0.1670 -0.5013
vn -0.2995 0.6765 -0.6728
vn -0.3337 0.2510 -0.9087
vn 0.3181 0.8314 0.4556
vn -0.5965 -0.3812 -0.7063
vn 0.4870 -0.2911 0.8234
vn -0.4081 -0.1152 -0.9056
vn 0.9600 0.2751 0.0523
vn 0.2723 0.8585 0.4345
vn -0.3041 0.1254 -0.9444
vn 0.0891 0.1225 -0.9885
vn 0.2947 0.7406 0.6039
vn -0.2428 0.3743 0.8949
vn -0.5633 -0.2608 -0.7840
vn -0.8654 -0.3614 0.3470
vn -0.6709 0.3944 -0.6280
vn -0.9080 -0.3363 0.2499
vn -0.6382 0.1794 0.7487
vn 0.8639 -0.3700 0.3418
vn -0.6930 -0.3310 0.6405
vn 0.3213 -0.9383 -0.1279
vn 0.2617 0.7401 0.6195
vn 0.3317 -0.8867 0.3220
vn 0.6075 -0.6905 -0.3927
vn -0.6369 0.7513 0.1727
vn -0.6337 -0.3705 0.6790
vn -0.7449 -0.3630 0.5598
vn -0.8215 -0.5688 0.0390
vn -0.5876 -0.5648 -0.5794
vn -0.8960 0.3748 0.2380
vn -0.7286 -0.5479 -0.4110
vn -0.8345 0.5248 -0.1677
vn -0.8990 -0.3569 -0.2536
vn -0.9397 0.0690 -0.3350
vn -0.8136 -0.3624 -0.4546
vn -0.3363 0.6775 -0.6541
vn -0.9538 -0.2665 -0.1390
vn 0.2957 0.3352 0.8946
vn 0.2982 -0.8781 0.3742
vn -0.1891 -0.1068 -0.9761
vn -0.2974 0.6826 -0.6676
vn -0.2230 0.7778 -0.5877
vn -0.1654 0.6983 -0.6965
vn -0.6636 -0.1852 -0.7248
vn -0.4386 0.6597 -0.6102
vn -0.4102 0.0562 -0.9103
vn -0.3781 0.6689 -0.6400
vn -0.7327 0.5806 -0.3550
vn -0.3420 -0.5539 -0.7591
vn -0.5581 0.0600 -0.8276
vn -0.7089 0.0648 -0.7023
vn -0.6105 -0.3610 0.7050
vn -0.3772 0.6723 -0.6370
vn -0.5516 0.7764 -0.3050
vn -0.4230 0.6594 -0.6215
vn -0.5827 0.7905 -0.1885
vn -0.6355 0.4594 -0.6205
vn -0.6540 0.7564 -0.0075
vn 0.3643 0.0316 -0.9308
vn -0.8103 0.2753 0.5173
vn -0.5652 0.5794 0.5872
vn 0.8938 -0.3215 0.3128
vn -0.7738 0.2229 -0.5929
vn -0.5383 0.1611 0.8272
vn -0.8784 -0.2687 0.3953
vn 0.6006 -0.3241 -0.7309
vn -0.5290 0.1128 0.8411
vn -0.9419 0.2747 -0.1933
vn -0.3683 0.1968 0.9086
vn -0.1262 0.5597 0.8190
vn 0.5837 -0.0474 -0.8106
vn -0.3366 0.8954 -0.2915
vn -0.5155 0.1249 0.8477
vn 0.1212 0.4471 -0.8863
vn -0.1083 0.1448 0.9835
vn 0.7329 -0.6470 -0.2102
vn -0.2778 0.8390 -0.4678
vn 0.2493 -0.5094 0.8236
vn 0.3732 -0.3176 0.8717
vn 0.3575 -0.6903 0.6289
vn -0.9546 -0.2633 0.1394
vn 0.6283 -0.7664 -0.1341
vn 0.2730 -0.2618 -0.9257
vn 0.3184 -0.9458 0.0633
vn -0.3586 0.1602 0.9196
vn 0.5311 0.3181 0.7853
vn 0.6132 -0.6899 -0.3847
vn 0.1230 0.0876 0.9885
vn -0.3139 -0.6782 0.6644
vn -0.4665 0.2681 -0.8429
vn 0.6276 -0.7572 -0.1813
vn -0.3578 0.9224 -0.1451
vn 0.4421 -0.7281 0.5238
vn 0.6438 -0.3682 0.6708
vn 0.9184 0.0927 0.3845
vn 0.9435 -0.1183 -0.3094
vn 0.6549 -0.6793 -0.3311
vn -0.2529 -0.0196 -0.9673
vn 0.6333 -0.7687 -0.0900
vn -0.5573 -0.7732 0.3026
vn 0.0796 -0.3024 0.9499
vn 0.3042 -0.9429 0.1357
vn 0.5622 -0.7984 0.2156
vn 0.3382 -0.0752 -0.9381
vn -0.4984 0.7764 -0.3857
vn 0.2619 -0.6566 0.7073
vn -0.5531 0.0060 0.8331
vn 0.1791 -0.2429 -0.9534
vn -0.5993 0.1554 0.7853
vn 0.5761 -0.6859 -0.4446
vn -0.4747 0.6370 -0.6074
vn 0.5714 -0.8131 0.1113
vn 0.5762 -0.7955 0.1876
vn -0.2977 0.8490 -0.4365
vn 0.5087 -0.3407 0.7906
vn 0.4194 -0.9077 -0.0153
vn 0.2057 -0.2964 -0.9326
vn 0.2864 -0.6912 0.6635
vn -0.7545 0.2199 0.6183
vn 0.5592 -0.7920 0.2449
vn -0.5731 0.8186 0.0374
vn -0.6676 -0.0841 -0.7397
vn 0.9230 -0.3817 0.0491
vn -0.3273 0.9188 -0.2206
vn -0.8612 0.3003 0.4101
vn -0.4265 0.0114 0.9044
vn -0.2412 -0.1424 0.9600
vn -0.6977 -0.5397 0.4711
vn 0.9368 0.3194 0.1428
vn 0.9560 -0.2916 0.0330
vn -0.4925 0.0698 0.8675
vn 0.1448 -0.5026 -0.8523
vn 0.9626 0.2709 -0.0093
vn 0.5423 0.6745 -0.5009
vn 0.0352 -0.1363 0.9900
vn 0.6995 -0.6453 0.3070
vn 0.0847 0.0861 -0.9927
vn 0.6600 -0.1209 -0.7414
vn -0.0657 0.1807 -0.9813
vn -0.6240 0.6856 0.3749
vn 0.1589 -0.2168 -0.9632
vn 0.1053 -0.0530 -0.9930
vn 0.6797 -0.7288 0.0830
vn 0.5620 -0.0388 -0.8262
vn 0.4054 -0.9061 0.1210
vn -0.3030 -0.5437 -0.7827
vn 0.5920 -0.6894 -0.4174
vn -0.2676 0.6763 0.6863
vn 0.5506 -0.6360 -0.5407
vn -0.3306 -0.8538 0.4023
vn 0.5563 -0.0389 -0.8301
vn -0.3925 0.8356 -0.3844
vn -0.3947 -0.1621 -0.9044
vn 0.5314 -0.6643 -0.5256
vn -0.3622 0.7757 0.5169
vn 0.6863 -0.4372 0.5812
vn 0.5681 -0.6826 -0.4598
vn 0.6344 -0.7686 -0.0829
vn -0.4125 0.9045 0.1085
vn 0.5929 -0.6882 -0.4181
vn -0.5069 0.0546 0.8603
vn -0.3631 0.8011 0.4757
vn 0.4625 -0.7385 0.4906
vn 0.5845 -0.7384 -0.3362
vn -0.4192 0.7879 -0.4512
vn -0.6743 0.1714 0.7183
vn -0.4181 0.8889 0.1872
vn 0.5776 -0.6839 -0.4457
vn 0.1985 -0.0293 -0.9797
vn 0.5629 -0.7953 0.2251
vn -0.8019 -0.5640 -0.1968
vn -0.3939 0.8998 0.1876
vn 0.6438 -0.7412 -0.1903
vn -0.3107 0.0239 0.9502
vn 0.5931 -0.8050 0.0125
vn -0.3283 0.8213 -0.4666
vn -0.4822 0.6205 -0.6184
vn -0.4008 0.9159 0.0210
vn 0.6337 -0.7683 -0.0901
vn 0.3535 -0.8933 0.2776
vn 0.5564 -0.7907 0.2553
vn -0.3138 0.8611 -0.4001
vn -0.5848 0.6325 -0.5079
vn -0.3758 0.9086 -0.1821
vn 0.5972 -0.7796 0.1885
vn 0.5936 -0.3545 0.7224
vn 0.3094 -0.3365 0.8894
vn -0.2949 0.8527 -0.4312
vn 0.7819 -0.0671 0.6197
vn 0.5092 -0.7658 0.3929
vn 0.5579 -0.7931 0.2443
vn 0.4574 -0.3285 0.8264
vn 0.2922 -0.6662 0.6862
vn -0.5489 -0.0086 0.8358
vn -0.8150 -0.2590 -0.5183
vn -0.2767 0.8410 -0.4649
vn 0.5573 0.0296 0.8298
vn 0.3562 -0.6931 0.6267
vn 0.4405 -0.7305 0.5218
vn 0.3226 -0.3078 0.8951
vn 0.3451 -0.6863 0.6402
vn 0.4712 -0.2307 0.8513
vn 0.7571 -0.4642 -0.4597
vn -0.2418 0.8055 -0.5410
vn 0.2501 -0.6537 0.7142
vn 0.3996 -0.0546 0.9151
vn 0.1300 0.1011 0.9863
vn 0.4851 0.0681 0.8718
vn 0.2931 0.5950 -0.7484
vn 0.1887 -0.4932 -0.8492
vn -0.2427 0.0758 0.9671
vn -0.4315 -0.3748 -0.8206
vn 0.9213 0.1971 0.3353
vn -0.3384 -0.0656 0.9387
vn 0.9770 0.2111 0.0286
vn -0.8421 0.5383 0.0330
vn 0.4800 0.0979 0.8718
vn -0.4959 0.0600 0.8663
vn -0.7051 -0.3346 -0.6252
vn -0.1288 0.4642 0.8763
vn -0.7542 -0.2997 0.5842
vn -0.5287 0.0486 0.8474
vn -0.5153 0.0600 0.8549
vn -0.4175 0.1490 0.8964
vn -0.4814 0.7916 -0.3763
vn -0.7577 0.2859 -0.5866
vn -0.3071 0.7025 0.6421
vn -0.3167 0.7243 0.6124
vn -0.3620 0.7938 0.4886
vn -0.3986 0.8485 0.3481
vn -0.4024 0.8976 0.1797
vn -0.7076 -0.3711 -0.6013
vn -0.9265 0.1489 -0.3455
vn -0.4003 0.9096 0.1114
vn -0.2928 0.6833 -0.6689
vn -0.6337 0.0621 -0.7711
vn -0.4824 -0.0868 -0.8716
vn -0.3939 0.9164 -0.0716
vn -0.5997 -0.1645 0.7831
vn -0.4267 0.6502 -0.6286
vn -0.4768 -0.1742 -0.8615
vn -0.3380 -0.0818 -0.9376
vn -0.3470 0.8912 -0.2923
vn 0.0950 0.3109 -0.9457
vn -0.3354 0.6792 -0.6528
vn -0.4013 -0.5598 -0.7250
vn -0.2382 0.8094 -0.5367
vn -0.0251 0.9762 -0.2153
vn -0.1259 -0.2037 -0.9709
vn 0.9653 -0.2562 -0.0506
vn -0.4558 -0.1506 -0.8772
vn 0.6103 -0.0657 -0.7895
vn -0.4773 0.0088 0.8787
vn 0.9120 -0.2432 -0.3302
vn -0.3687 0.6425 0.6717
vn 0.2412 -0.1633 -0.9566
vn -0.7535 0.5804 0.3089
vn 0.6245 -0.7085 -0.3288
vn 0.6112 -0.6927 -0.3829
vn 0.8783 -0.4478 0.1675
vn -0.6972 0.3274 -0.6378
vn 0.6277 -0.7669 -0.1339
vn 0.6089 -0.7915 0.0524
vn -0.5388 0.5151 -0.6666
vn 0.5640 -0.7970 0.2160
vn 0.4755 -0.7503 0.4594
vn 0.5371 -0.7798 0.3217
vn 0.3986 -0.7133 0.5765
vn 0.4780 -0.7471 0.4619
vn 0.4007 -0.7096 0.5795
vn 0.3100 -0.6735 0.6710
vn 0.9184 0.0927 0.3846
vn 0.7744 -0.3668 0.5155
vn -0.0219 -0.2660 -0.9637
vn 0.9375 0.3177 0.1422
vn 0.7114 0.6793 -0.1804
vn 0.0126 0.2253 -0.9742
vn 0.0703 0.9967 0.0398
vn 0.0110 0.1093 0.9939
vn 0.9504 -0.1271 0.2838
vn -0.0293 -0.2993 -0.9537
vn -0.0245 -0.2211 -0.9749
vn -0.0004 -0.0531 0.9986
vn -0.0026 0.0108 -0.9999
vn 0.4088 0.1120 0.9057
vn -0.4102 -0.2276 -0.8831
vn -0.3837 -0.5673 -0.7286
vn -0.0600 0.9636 -0.2604
vn -0.3667 -0.0315 -0.9298
vn 0.5305 -0.1235 0.8386
vn -0.2685 -0.8296 -0.4896
vn -0.4048 0.0873 -0.9102
vn 0.9921 0.0054 0.1254
vn 0.8555 0.2658 -0.4443
vn 0.8258 -0.0289 -0.5633
vn 0.8216 -0.1406 -0.5524
vn -0.9993 -0.0254 0.0290
vn 0.9330 0.0062 -0.3598
vn 0.9926 -0.1170 -0.0313
vn 0.9253 0.3169 -0.2086
vn -0.0103 -0.1921 0.9813
vn -0.0130 -0.1384 -0.9903
vn -0.1087 -0.8532 0.5101
vn -0.0077 -0.0617 -0.9981
vn 0.0654 0.7359 0.6739
vn 0.0293 0.2751 0.9610
vt 0.209070 0.540290
vt 0.202328 0.574224
vt 0.218750 0.582758
vt 0.218750 0.561340
vt 0.218750 0.539921
vt 0.209209 0.477897
vt 0.209013 0.509040
vt 0.218750 0.508780
vt 0.218750 0.493677
vt 0.218750 0.478574
vt 0.835726 0.616768
vt 0.851714 0.625000
vt 0.851012 0.601836
vt 0.194677 0.592272
vt 0.179321 0.614438
vt 0.195019 0.625000
vt 0.195343 0.614292
vt 0.193467 0.553460
vt 0.180934 0.572734
vt 0.193457 0.490853
vt 0.181603 0.509059
vt 0.193409 0.522210
vt 0.197238 0.509040
vt 0.193863 0.437500
vt 0.181069 0.446697
vt 0.193771 0.459603
vt 0.196718 0.446647
vt 0.157724 0.625000
vt 0.163858 0.625000
vt 0.164213 0.614822
vt 0.151578 0.615042
vt 0.165958 0.522191
vt 0.150652 0.521295
vt 0.150351 0.552845
vt 0.165901 0.553441
vt 0.151218 0.490789
vt 0.162143 0.509059
vt 0.165910 0.490803
vt 0.162330 0.477947
vt 0.114332 0.601993
vt 0.113900 0.625000
vt 0.135519 0.625000
vt 0.132904 0.589245
vt 0.115332 0.550105
vt 0.114869 0.585414
vt 0.130835 0.550858
vt 0.115040 0.500000
vt 0.115275 0.518855
vt 0.130471 0.519305
vt 0.129838 0.500000
vt 0.098063 0.625000
vt 0.085900 0.625000
vt 0.084590 0.618916
vt 0.097511 0.618738
vt 0.092979 0.550105
vt 0.084768 0.586391
vt 0.099125 0.586109
vt 0.099707 0.550105
vt 0.099650 0.518855
vt 0.099465 0.500000
vt 0.098617 0.510249
vt 0.093750 0.520660
vt 0.070309 0.625000
vt 0.054554 0.625000
vt 0.053273 0.618991
vt 0.068993 0.618958
vt 0.064656 0.566146
vt 0.056857 0.566129
vt 0.056324 0.569758
vt 0.064122 0.569792
vt 0.038931 0.625000
vt 0.023301 0.625000
vt 0.022020 0.618977
vt 0.037682 0.618946
vt 0.033411 0.566147
vt 0.025606 0.566142
vt 0.025071 0.569785
vt 0.032877 0.569793
vt 1.000000 0.624104
vt 0.992015 0.625000
vt 0.990738 0.618957
vt 0.006405 0.618987
vt 0.502131 0.565486
vt 0.994287 0.564835
vt 0.993685 0.567170
vt 0.501566 0.568473
vt 0.976384 0.625000
vt 0.960836 0.625000
vt 0.959549 0.618819
vt 0.975128 0.618873
vt 0.970909 0.566215
vt 0.963087 0.566239
vt 0.962542 0.569977
vt 0.970370 0.569930
vt 0.945229 0.625000
vt 0.929654 0.625000
vt 0.928350 0.618711
vt 0.943915 0.618789
vt 0.939650 0.566280
vt 0.931821 0.566306
vt 0.931269 0.570112
vt 0.939105 0.570059
vt 0.914040 0.625000
vt 0.898495 0.625000
vt 0.897163 0.618557
vt 0.912707 0.618664
vt 0.912231 0.545315
vt 0.899995 0.570302
vt 0.912882 0.586087
vt 0.915679 0.570157
vt 0.853402 0.600430
vt 0.865370 0.600384
vt 0.865980 0.618375
vt 0.882872 0.625000
vt 0.867351 0.625000
vt 0.881515 0.618498
vt 0.880949 0.545315
vt 0.868726 0.570524
vt 0.881650 0.585886
vt 0.884414 0.570357
vt 0.822110 0.600609
vt 0.834161 0.600567
vt 0.834787 0.618190
vt 0.836209 0.625000
vt 0.850328 0.618312
vt 0.849699 0.545315
vt 0.837466 0.570744
vt 0.850418 0.585661
vt 0.853149 0.570582
vt 0.837816 0.493334
vt 0.849647 0.517185
vt 0.853442 0.493334
vt 0.849851 0.475416
vt 0.837504 0.462084
vt 0.850183 0.444166
vt 0.837412 0.437500
vt 0.834557 0.444166
vt 0.835468 0.601991
vt 0.819819 0.602051
vt 0.820555 0.625000
vt 0.812500 0.514620
vt 0.818397 0.517185
vt 0.812500 0.493233
vt 0.822541 0.437500
vt 0.812500 0.443312
vt 0.818933 0.444166
vt 0.821693 0.444166
vt 0.135861 0.615191
vt 0.151130 0.625000
vt 0.218750 0.612625
vt 0.218750 0.625000
vt 0.213253 0.572846
vt 0.216002 0.577802
vt 0.220539 0.620669
vt 0.210938 0.625000
vt 0.218750 0.446810
vt 0.209406 0.437500
vt 0.209539 0.446647
vt 0.216159 0.461690
vt 0.216228 0.477444
vt 0.213706 0.476314
vt 0.213569 0.460689
vt 0.146402 0.541324
vt 0.177793 0.522191
vt 0.181546 0.540309
vt 0.178166 0.459553
vt 0.181400 0.477947
vt 0.147896 0.595831
vt 0.208439 0.445064
vt 0.192807 0.445064
vt 0.179776 0.625000
vt 0.181021 0.616272
vt 0.188449 0.625000
vt 0.177850 0.490803
vt 0.165981 0.509059
vt 0.165595 0.459553
vt 0.178299 0.446697
vt 0.165543 0.437500
vt 0.162659 0.446697
vt 0.086609 0.601113
vt 0.135189 0.511606
vt 0.146104 0.510482
vt 0.143923 0.493404
vt 0.153007 0.475236
vt 0.072232 0.599803
vt 0.071919 0.569826
vt 0.082258 0.554234
vt 0.072989 0.562500
vt 0.072454 0.566163
vt 0.103538 0.570368
vt 0.129451 0.510072
vt 0.114242 0.510249
vt 0.085267 0.601110
vt 0.071461 0.586429
vt 0.069674 0.601064
vt 0.053498 0.586485
vt 0.055407 0.601011
vt 0.069179 0.586434
vt 0.009446 0.569775
vt 0.022242 0.586466
vt 0.017259 0.569780
vt 0.024157 0.601035
vt 0.037902 0.586438
vt 0.048504 0.569780
vt 0.040683 0.569802
vt 0.990987 0.586440
vt 0.992818 0.597951
vt 1.000000 0.587118
vt 0.959759 0.586271
vt 0.961613 0.601225
vt 0.975366 0.586352
vt 0.985942 0.568527
vt 0.978198 0.569883
vt 0.928532 0.586136
vt 0.930312 0.601356
vt 0.944120 0.586239
vt 0.954742 0.569992
vt 0.946941 0.570006
vt 0.142094 0.625000
vt 0.897308 0.585946
vt 0.899000 0.601544
vt 0.900358 0.514065
vt 0.910948 0.540647
vt 0.906250 0.516630
vt 0.906250 0.516651
vt 0.902744 0.545315
vt 0.927664 0.562500
vt 0.917695 0.554140
vt 0.866079 0.585725
vt 0.867686 0.601765
vt 0.869108 0.514065
vt 0.880955 0.548435
vt 0.884733 0.514065
vt 0.880897 0.517185
vt 0.868755 0.462084
vt 0.877887 0.474523
vt 0.875000 0.462877
vt 0.875000 0.443922
vt 0.896574 0.545315
vt 0.880625 0.493334
vt 0.896307 0.500000
vt 0.887947 0.494644
vt 0.834841 0.585504
vt 0.836383 0.601988
vt 0.837858 0.514065
vt 0.849705 0.548435
vt 0.853483 0.514065
vt 0.853130 0.462084
vt 0.821439 0.585454
vt 0.865324 0.545315
vt 0.865272 0.517185
vt 0.869066 0.493334
vt 0.865475 0.475416
vt 0.852943 0.444166
vt 0.865683 0.437500
vt 0.853798 0.437500
vt 0.850024 0.437500
vt 0.812500 0.475392
vt 0.812500 0.462273
vt 0.822233 0.514065
vt 0.818455 0.548435
vt 0.821880 0.462084
vt 0.818601 0.475416
vt 0.165209 0.616435
vt 0.172491 0.625000
vt 0.834074 0.545315
vt 0.821888 0.570796
vt 0.822192 0.493334
vt 0.834022 0.517185
vt 0.834225 0.475416
vt 0.834079 0.548435
vt 0.865807 0.444166
vt 0.865329 0.548435
vt 0.896579 0.548435
vt 0.896522 0.517185
vt 0.866666 0.601768
vt 0.852703 0.585669
vt 0.897855 0.601548
vt 0.883971 0.585894
vt 0.882204 0.601612
vt 0.867042 0.616992
vt 0.017791 0.566140
vt 0.009976 0.566138
vt 0.991449 0.601056
vt 0.977765 0.586363
vt 0.975840 0.601149
vt 0.947271 0.599956
vt 0.053970 0.601014
vt 0.040236 0.586444
vt 0.038382 0.601064
vt 0.009786 0.599765
vt 0.023550 0.617715
vt 0.135116 0.519800
vt 0.177969 0.477947
vt 0.173019 0.614130
vt 0.162947 0.572634
vt 0.170542 0.570940
vt 0.182556 0.555009
vt 0.192938 0.571723
vt 0.181388 0.594461
vt 0.145241 0.522685
vt 0.136143 0.509531
vt 0.150243 0.492384
vt 0.176749 0.507491
vt 0.182563 0.492395
vt 0.192366 0.507475
vt 0.182603 0.523759
vt 0.192534 0.476314
vt 0.182303 0.461145
vt 0.197948 0.461186
vt 0.198189 0.555025
vt 0.193738 0.616185
vt 0.208014 0.523775
vt 0.198259 0.507475
vt 0.208048 0.492436
vt 0.213882 0.507475
vt 0.198237 0.523775
vt 0.162218 0.591077
vt 0.150589 0.570406
vt 0.161191 0.555010
vt 0.161143 0.523760
vt 0.176771 0.523759
vt 0.176796 0.538741
vt 0.166835 0.476355
vt 0.161170 0.492395
vt 0.161429 0.461145
vt 0.132320 0.617297
vt 0.120847 0.600735
vt 0.130927 0.570476
vt 0.113496 0.600547
vt 0.104931 0.587264
vt 0.114315 0.569490
vt 0.177198 0.445105
vt 0.166561 0.445105
vt 0.166229 0.437500
vt 0.176807 0.492395
vt 0.167003 0.507491
vt 0.136057 0.521846
vt 0.129737 0.541019
vt 0.114289 0.541499
vt 0.136318 0.500000
vt 0.065190 0.562500
vt 0.057391 0.562500
vt 0.113168 0.618248
vt 0.088235 0.587659
vt 0.083221 0.568583
vt 0.098584 0.568863
vt 0.097831 0.600015
vt 0.090066 0.538619
vt 0.098664 0.541499
vt 0.041016 0.599792
vt 0.041749 0.562500
vt 0.033945 0.562500
vt 0.041216 0.566151
vt 0.072591 0.587695
vt 0.057002 0.587750
vt 0.026140 0.562500
vt 0.025754 0.587726
vt 0.010128 0.587734
vt 0.010507 0.562500
vt 0.018324 0.562500
vt 0.085973 0.617639
vt 0.994888 0.562500
vt 0.994506 0.587718
vt 0.978887 0.587645
vt 0.979263 0.562500
vt 0.987075 0.562500
vt 0.041362 0.587710
vt 0.052716 0.599759
vt 0.054805 0.617737
vt 0.971447 0.562500
vt 0.963632 0.562500
vt 0.961010 0.617528
vt 0.502697 0.562500
vt 0.021461 0.599773
vt 0.022713 0.601034
vt 0.009004 0.586475
vt 0.007100 0.601023
vt 0.926994 0.568802
vt 0.932373 0.562500
vt 0.931958 0.587461
vt 0.963232 0.587570
vt 0.990199 0.599796
vt 0.992341 0.617701
vt 0.049037 0.566140
vt 0.960249 0.601227
vt 0.946506 0.586243
vt 0.944615 0.601260
vt 0.947628 0.587544
vt 0.940195 0.562500
vt 0.948016 0.562500
vt 0.958989 0.599934
vt 0.929046 0.601360
vt 0.915240 0.586093
vt 0.913402 0.601411
vt 0.912135 0.600087
vt 0.900683 0.587306
vt 0.911350 0.568839
vt 0.916364 0.587421
vt 0.895760 0.568961
vt 0.901326 0.548290
vt 0.911196 0.558570
vt 0.931586 0.600037
vt 0.929697 0.617398
vt 0.879876 0.517040
vt 0.870128 0.514210
vt 0.885753 0.514210
vt 0.880925 0.600254
vt 0.869411 0.587123
vt 0.880110 0.569007
vt 0.885097 0.587256
vt 0.864522 0.569145
vt 0.870076 0.548290
vt 0.864251 0.517040
vt 0.870080 0.545460
vt 0.869949 0.474262
vt 0.879852 0.489480
vt 0.900287 0.600191
vt 0.898371 0.617213
vt 0.955824 0.562500
vt 0.955283 0.566246
vt 0.885702 0.548290
vt 0.868988 0.600374
vt 0.849721 0.600440
vt 0.838149 0.586939
vt 0.848870 0.569193
vt 0.853830 0.587071
vt 0.833279 0.569326
vt 0.838826 0.548290
vt 0.833000 0.517040
vt 0.838878 0.514210
vt 0.848626 0.517040
vt 0.838830 0.545460
vt 0.848650 0.494488
vt 0.854503 0.514210
vt 0.833282 0.463238
vt 0.838423 0.443012
vt 0.848907 0.463238
vt 0.838699 0.474262
vt 0.849076 0.443012
vt 0.838115 0.437500
vt 0.812500 0.614023
vt 0.819139 0.618134
vt 0.854452 0.548290
vt 0.864275 0.494488
vt 0.837697 0.600558
vt 0.818514 0.600618
vt 0.812500 0.582393
vt 0.817629 0.569369
vt 0.822566 0.586892
vt 0.817376 0.517040
vt 0.812500 0.545904
vt 0.818449 0.545315
vt 0.812500 0.547830
vt 0.817657 0.463238
vt 0.834443 0.437500
vt 0.833451 0.443012
vt 0.218750 0.462692
vt 0.823202 0.548290
vt 0.823253 0.514210
vt 0.833025 0.494488
vt 0.216316 0.508127
vt 0.216304 0.523725
vt 0.213859 0.523100
vt 0.148419 0.616706
vt 0.822799 0.443012
vt 0.823074 0.474262
vt 0.823205 0.545460
vt 0.864532 0.463238
vt 0.854324 0.474262
vt 0.854049 0.443012
vt 0.854455 0.545460
vt 0.895501 0.517040
vt 0.885706 0.545460
vt 0.896573 0.600201
vt 0.927776 0.600045
vt 0.915989 0.600080
vt 0.901378 0.514210
vt 0.947479 0.566253
vt 0.084003 0.599833
vt 0.213835 0.538725
vt 0.216293 0.539323
vt 0.216147 0.558563
vt 0.213544 0.555786
vt 0.177066 0.461145
vt 0.208165 0.476314
vt 0.198207 0.492436
vt 0.178158 0.437500
vt 0.151469 0.539274
vt 0.197166 0.490853
vt 0.197047 0.477897
vt 0.208307 0.461186
vt 0.137854 0.572180
vt 0.196852 0.459603
vt 0.081820 0.555109
vt 0.056661 0.599751
vt 0.105288 0.600212
vt 0.005845 0.599764
vt 1.000000 0.597966
vt 0.025411 0.599774
vt 0.962876 0.599929
vt 0.912231 0.564289
vt 0.900295 0.548435
vt 0.869045 0.548435
vt 0.895544 0.545460
vt 0.901330 0.545460
vt 0.837795 0.548435
vt 0.884671 0.548435
vt 0.817420 0.545460
vt 0.833044 0.545460
vt 0.142121 0.616568
vt 0.853275 0.475416
vt 0.203449 0.620532
vt 0.201966 0.625000
vt 0.210938 0.625000
vt 0.833175 0.474262
vt 0.218750 0.524350
vt 0.098663 0.601348
vt 0.103975 0.585934
vt 0.007701 0.625000
vt 0.994106 0.598020
vt 0.853421 0.548435
vt 0.812500 0.547900
vt 0.216091 0.445937
vt 0.213432 0.445064
vt 0.817401 0.494488
vt 0.812500 0.514636
vt 0.812500 0.605025
vt 0.213362 0.625000
vt 0.197216 0.522210
vt 0.819184 0.585447
vt 0.218962 0.618879
vt 0.868899 0.475416
vt 0.837649 0.475416
vt 0.822171 0.548435
vt 0.864294 0.545460
vt 0.895497 0.514210
vt 0.884697 0.600244
vt 0.006629 0.586477
vt 0.089629 0.539493
vt 0.176924 0.476355
vt 0.208039 0.538725
vt 0.145503 0.554211
vt 0.161918 0.437500
vt 0.156250 0.459275
vt 0.153310 0.474630
vt 0.978545 0.599858
vt 0.974587 0.599873
vt 0.864701 0.443012
vt 0.879919 0.545460
vt 0.848670 0.545460
vt 0.869673 0.443012
vt 0.216272 0.492786
vt 0.213794 0.491894
vt 0.817551 0.474262
vt 0.037121 0.599800
vt 0.978731 0.566192
vt 0.986509 0.565513
vt 0.943355 0.599962
vt 0.049570 0.562500
vt 0.848801 0.474262
vt 0.812500 0.474775
vt 0.864425 0.474262
vt 1.000000 0.597766
vt 0.087873 0.599841
vt 0.145392 0.539634
vt 0.812500 0.604243
vt 1.000000 0.621503
vt 0.177828 0.540309
vt 0.068404 0.599796
vt 0.822025 0.475416
vt 0.218750 0.625000
vt 0.812500 0.575025
s 0
usemtl Material.004
f 867/274/473 676/278/473 1087/277/473 605/276/473 683/275/473
f 865/279/474 677/283/474 1034/282/474 606/281/474 685/280/474
f 657/284/475 775/286/475 656/285/475
f 678/287/476 684/290/476 608/289/476 609/288/476
f 610/291/477 683/275/477 678/287/477 611/292/477
f 612/293/478 687/296/478 679/295/478 613/294/478
f 614/297/479 689/300/479 681/299/479 615/298/479
f 1102/301/480 809/304/480 616/303/480 1105/302/480
f 863/305/481 697/308/481 618/307/481 692/306/481
f 620/309/482 695/312/482 699/311/482 619/310/482
f 853/313/483 704/316/483 622/315/483 716/314/483
f 717/317/484 623/319/484 704/316/484 854/318/484
f 719/320/485 624/323/485 705/322/485 852/321/485
f 625/324/486 957/327/486 955/326/486 726/325/486
f 724/328/487 627/331/487 711/330/487 850/329/487
f 715/332/488 936/335/488 939/334/488 628/333/488
f 629/336/489 966/339/489 964/338/489 730/337/489
f 883/340/490 924/343/490 631/342/490 976/341/490
f 632/344/491 979/347/491 977/346/491 736/345/491
f 885/348/492 975/351/492 634/350/492 973/349/492
f 635/352/493 988/355/493 986/354/493 740/353/493
f 887/356/494 965/359/494 637/358/494 926/357/494
f 638/360/495 999/363/495 997/362/495 745/361/495
f 893/364/496 962/367/496 640/366/496 956/365/496
f 641/368/497 1015/371/497 1013/370/497 754/369/497
f 899/372/498 940/375/498 643/374/498 921/373/498
f 644/376/499 1037/379/499 1035/378/499 767/377/499
f 646/380/500 757/383/500 747/382/500 647/381/500
f 1122/384/501 1060/386/501 1124/385/501
f 649/387/502 1062/389/502 1060/386/502 782/388/502
f 651/390/503 769/393/503 758/392/503 652/391/503
f 1113/394/504 1088/396/504 1115/395/504
f 656/285/505 1090/398/505 1088/396/505 802/397/505
f 658/399/506 784/402/506 773/401/506 659/400/506
f 661/403/507 781/406/507 786/405/507 660/404/507
f 779/407/508 800/410/508 664/409/508 662/408/508
f 816/411/509 802/397/509 666/413/509 791/412/509
f 793/414/510 1178/414/510 1176/415/510 669/415/510
f 669/415/511 1176/415/511 1175/416/511 670/416/511
f 1084/417/512 799/420/512 671/419/512 1083/418/512
f 809/304/513 674/422/513 707/421/513
f 605/276/514 1149/426/514 869/425/514 1171/424/514 675/423/514
f 683/275/515 1169/428/515 807/427/515 684/290/515 678/287/515
f 607/429/516 690/431/516 688/430/516
f 1011/432/517 1036/435/517 872/434/517 1099/433/517
f 856/436/518 692/306/518 618/307/518
f 862/437/519 613/294/519 679/295/519 680/438/519
f 859/439/520 615/298/520 681/299/520 682/440/520
f 690/431/521 689/300/521 688/430/521
f 691/441/522 616/303/522 809/304/522
f 614/297/523 882/443/523 892/442/523 688/430/523
f 1100/444/524 696/446/524 906/445/524
f 611/292/525 680/438/525 610/291/525
f 715/332/526 852/321/526 717/317/526 627/331/526
f 698/447/527 613/294/527 862/437/527 700/448/527
f 860/449/528 621/452/528 702/451/528 703/450/528
f 850/329/529 711/330/529 712/453/529
f 710/454/530 709/456/530 708/455/530
f 694/457/531 620/309/531 708/455/531 709/456/531
f 1146/458/532 966/339/532 955/326/532
f 723/459/533 945/462/533 951/461/533 725/460/533
f 717/317/534 854/318/534 718/463/534
f 719/320/535 944/465/535 920/464/535 624/323/535
f 849/466/536 722/468/536 851/467/536
f 847/469/537 631/342/537 720/471/537 721/470/537
f 735/472/538 943/474/538 634/350/538 844/473/538
f 979/347/539 632/344/539 730/337/539 964/338/539
f 844/473/540 634/350/540 727/476/540 728/475/540
f 847/469/541 731/478/541 963/477/541 631/342/541
f 988/355/542 635/352/542 736/345/542 977/346/542
f 841/479/543 637/358/543 732/481/543 733/480/543
f 1015/371/544 641/368/544 745/361/544 997/362/544
f 999/363/545 638/360/545 740/353/545 986/354/545
f 838/482/546 640/366/546 737/484/546 738/483/546
f 841/479/547 741/486/547 954/485/547 637/358/547
f 1037/379/548 644/376/548 754/369/548 1013/370/548
f 835/487/549 643/374/549 742/489/549 743/488/549
f 838/482/550 746/491/550 950/490/550 640/366/550
f 707/421/551 674/422/551 925/492/551
f 832/493/552 647/381/552 747/382/552 748/494/552
f 750/495/553 648/498/553 1007/497/553 753/496/553
f 1062/389/554 649/387/554 767/377/554 1035/378/554
f 756/499/555 753/496/555 1018/501/555 755/500/555
f 826/502/556 652/391/556 758/392/556 759/503/556
f 761/504/557 653/507/557 830/506/557 763/505/557
f 764/508/558 655/511/558 1029/510/558 766/509/558
f 1090/398/559 656/285/559 782/388/559 1060/386/559
f 768/512/560 647/381/560 832/493/560 769/393/560
f 771/513/561 766/509/561 1042/515/561 770/514/561
f 817/516/562 659/400/562 773/401/562 774/517/562
f 776/518/563 660/404/563 824/520/563 778/519/563
f 779/407/564 662/408/564 821/521/564 781/406/564
f 816/411/565 791/412/565 818/522/565
f 783/523/566 652/391/566 826/502/566 784/402/566
f 786/405/567 820/526/567 654/525/567 785/524/567
f 788/527/568 663/530/568 1069/529/568 787/528/568
f 797/531/569 1183/531/569 1181/532/569 796/532/569
f 815/533/570 795/534/570 793/414/570 669/415/570
f 812/535/571 798/536/571 796/532/571 671/419/571
f 1105/302/572 808/538/572 1098/537/572
f 803/539/573 659/400/573 817/516/573 804/540/573
f 806/541/574 811/543/574 661/403/574 805/542/574
f 610/291/575 867/274/575 683/275/575
f 800/410/576 812/535/576 799/420/576
f 812/535/576 800/410/576 779/407/576 811/543/576
f 815/533/577 805/542/577 776/518/577 814/544/577
f 616/303/578 808/538/578 1105/302/578
f 821/521/579 789/545/579 764/508/579 820/526/579
f 824/520/580 785/524/580 761/504/580 823/546/580
f 802/397/581 816/411/581 657/284/581
f 830/506/582 772/548/582 750/495/582 829/547/582
f 825/549/583 775/286/583 827/550/583
f 831/551/584 760/553/584 833/552/584
f 650/554/585 760/553/585 649/387/585
f 735/472/586 989/556/586 904/555/586 943/474/586
f 840/557/587 739/559/587 842/558/587
f 1134/560/588 1015/371/588 997/362/588
f 846/561/589 729/563/589 848/562/589
f 1140/564/590 988/355/590 977/346/590
f 633/565/591 729/563/591 632/344/591
f 857/566/592 708/455/592 692/306/592 856/436/592
f 699/311/593 695/312/593 860/449/593 858/567/593
f 673/568/594 696/446/594 1100/444/594
f 619/310/595 863/305/595 692/306/595
f 618/307/596 697/308/596 617/569/596
f 689/300/597 614/297/597 688/430/597
f 907/570/598 874/573/598 875/572/598 876/571/598
f 1155/574/599 930/576/599 928/575/599
f 908/577/600 877/580/600 878/579/600 879/578/600
f 880/581/601 1163/583/601 882/443/601 881/582/601
f 875/572/602 869/425/602 884/584/602
f 609/288/603 608/289/603 696/446/603
f 874/573/604 906/445/604 888/585/604
f 1163/583/605 892/442/605 882/443/605
f 1167/586/606 871/589/606 891/588/606 889/587/606
f 877/580/607 1166/590/607 878/579/607
f 894/591/608 907/570/608 896/593/608 895/592/608
f 897/594/609 896/593/609 1162/596/609 1161/595/609
f 1157/597/610 901/599/610 900/598/610
f 927/600/611 916/602/611 915/601/611
f 1153/603/612 942/605/612 1152/604/612
f 911/606/613 913/608/613 912/607/613
f 910/609/614 1157/597/614 900/598/614 909/610/614
f 942/605/615 1153/603/615 915/601/615 916/602/615
f 1154/611/616 920/464/616 918/612/616
f 1150/613/617 918/612/617 920/464/617 944/465/617
f 624/323/618 920/464/618 929/614/618
f 1000/615/619 883/340/619 976/341/619 949/616/619
f 915/601/620 941/617/620 927/600/620
f 933/618/621 935/620/621 953/619/621
f 931/621/622 1152/604/622 935/620/622 933/618/622
f 938/622/623 953/619/623 935/620/623 937/623/623
f 937/623/624 1150/613/624 944/465/624 939/334/624
f 1143/624/625 979/347/625 964/338/625
f 968/625/626 996/627/626 885/348/626 998/626/626
f 1147/628/627 951/461/627 1000/615/627 949/616/627 948/629/627
f 961/630/628 967/634/628 974/633/628 1141/632/628 960/631/628
f 945/462/629 723/459/629 924/343/629 883/340/629
f 625/324/630 726/325/630 626/635/630
f 972/636/631 923/640/631 990/639/631 1138/638/631 971/637/631
f 1144/641/632 968/625/632 998/626/632 961/630/632 960/631/632
f 1145/642/633 948/629/633 1144/641/633
f 629/336/634 730/337/634 630/643/634
f 987/644/635 893/364/635 956/365/635 984/645/635
f 639/646/636 739/559/636 638/360/636
f 1141/632/637 974/633/637 994/647/637 972/636/637 971/637/637
f 1142/648/638 960/631/638 1141/632/638
f 843/649/639 734/651/639 845/650/639
f 632/344/640 736/345/640 633/565/640
f 1016/652/641 993/654/641 995/653/641
f 1138/638/642 990/639/642 987/644/642 984/645/642 982/655/642
f 1139/656/643 971/637/643 1138/638/643
f 635/352/644 740/353/644 636/657/644
f 996/627/645 902/658/645 963/477/645 731/478/645
f 837/659/646 744/661/646 839/660/646
f 1135/662/647 1001/664/647 983/663/647 995/653/647 993/654/647
f 1136/665/648 982/655/648 1135/662/648
f 638/360/649 745/361/649 639/646/649
f 943/474/650 904/555/650 973/349/650 634/350/650
f 834/666/651 749/668/651 836/667/651
f 1002/669/652 1132/672/652 1005/671/652 1004/670/652
f 1038/673/653 1004/670/653 1005/671/653 1006/674/653
f 1018/501/654 753/496/654 1007/497/654 1008/675/654
f 992/676/655 1013/370/655 1015/371/655
f 641/368/656 754/369/656 642/677/656
f 1024/678/657 1041/680/657 1027/679/657
f 995/653/658 755/500/658 1018/501/658 1016/652/658
f 1019/681/659 1129/684/659 1022/683/659 1021/682/659
f 1063/685/660 1021/682/660 1022/683/660 1023/686/660
f 1120/687/661 1026/688/661 1024/678/661 1027/679/661
f 1027/679/662 1041/680/662 1030/690/662 1031/689/662
f 1042/515/663 766/509/663 1029/510/663 1030/690/663
f 1003/691/664 1035/378/664 1037/379/664
f 644/376/665 767/377/665 645/692/665
f 919/693/666 984/645/666 956/365/666 917/694/666
f 1022/683/667 1129/684/667 1038/673/667 1039/695/667
f 1020/696/668 1060/386/668 1062/389/668
f 1043/697/669 1123/700/669 1046/699/669 1045/698/669
f 1091/701/670 1045/698/670 1046/699/670 1047/702/670
f 1111/703/671 1050/706/671 1048/705/671 1051/704/671
f 1048/705/672 1065/708/672 1052/707/672 1051/704/672
f 1108/709/673 1055/712/673 1053/711/673 1056/710/673
f 1069/529/674 663/530/674 1057/714/674 1058/713/674
f 649/387/675 782/388/675 650/554/675
f 666/413/676 1106/716/676 665/715/676
f 1046/699/677 1123/700/677 1063/685/677 1064/717/677
f 1120/687/678 1027/679/678 1066/718/678 1065/708/678
f 1044/719/679 1088/396/679 1090/398/679
f 1071/720/680 1114/723/680 1074/722/680 1070/721/680
f 1075/724/681 1185/724/681 1184/725/681 1077/725/681
f 804/540/682 1174/540/682 1173/726/682 668/726/682
f 1073/727/683 1189/727/683 1193/722/683 1074/722/683
f 1083/418/684 1192/418/684 1188/728/684 1080/728/684
f 801/729/685 1057/714/685 664/409/685
f 1057/714/686 801/729/686 1084/417/686 1085/730/686
f 656/285/687 802/397/687 657/284/687
f 1095/731/688 1011/432/688 1099/433/688 677/283/688
f 1074/722/689 1114/723/689 1091/701/689 1092/732/689
f 1111/703/690 1051/704/690 1094/734/690 1093/733/690
f 1028/735/691 871/589/691 1033/737/691 1012/736/691
f 937/623/692 939/334/692 936/335/692
f 1098/537/693 894/591/693 1104/738/693 1105/302/693
f 1086/739/694 1108/709/694 1085/730/694
f 1108/709/694 1086/739/694 1080/728/694 1107/740/694
f 1111/703/695 1093/733/695 1075/724/695 1110/741/695
f 1115/395/696 1045/698/696 1091/701/696 1114/723/696
f 1117/742/697 1068/744/697 1053/711/697 1116/743/697
f 1120/687/698 1065/708/698 1048/705/698 1119/745/698
f 1124/385/699 1021/682/699 1063/685/699 1123/700/699
f 1126/746/700 1041/680/700 1024/678/700 1125/747/700
f 1130/748/701 1004/670/701 1038/673/701 1129/684/701
f 1133/749/702 993/654/702 1016/652/702 1132/672/702
f 1131/750/703 1037/379/703 1013/370/703
f 1007/497/704 648/498/704 1010/751/704
f 978/752/705 746/491/705 940/375/705 899/372/705
f 984/645/706 919/693/706 1001/664/706 1135/662/706 982/655/706
f 1148/753/707 933/618/707 953/619/707 1147/628/707
f 996/627/708 731/478/708 975/351/708 885/348/708
f 1162/596/709 896/593/709 907/570/709
f 870/754/710 1101/757/710 1017/756/710 1061/755/710
f 1158/758/610 912/607/610 901/599/610 1157/597/610
f 1061/755/711 1017/756/711 1087/277/711 676/278/711
f 880/581/712 890/760/712 1165/759/712 1163/583/712
f 911/606/713 701/761/713 913/608/713
f 898/762/714 897/594/714 1155/574/714
f 865/279/715 690/431/715 607/429/715 1095/731/715 677/283/715
f 686/763/716 612/293/716 864/764/716
f 872/434/712 1164/765/712 1165/759/712
f 906/445/717 696/446/717 608/289/717 888/585/717
f 619/310/718 699/311/718 700/448/718
f 622/315/719 707/421/719 925/492/719 927/600/719
f 706/766/720 704/316/720 623/319/720
f 687/296/721 612/293/721 686/763/721
f 704/316/722 853/313/722 854/318/722
f 690/431/716 866/767/716 689/300/716
f 951/461/723 953/619/723 952/768/723
f 1145/642/724 964/338/724 947/769/724
f 931/621/725 957/327/725 1151/770/725
f 1140/564/726 1141/632/726 969/771/726
f 734/772/727 733/480/727 732/481/727
f 729/563/728 846/561/728 730/337/728 632/344/728
f 721/470/729 630/643/729 846/561/729
f 1142/648/730 977/346/730 959/773/730
f 744/661/731 743/488/731 742/489/731
f 739/559/732 840/557/732 740/353/732 638/360/732
f 835/487/733 743/488/733 834/666/733
f 733/480/734 636/657/734 840/557/734
f 1136/665/735 997/362/735 981/774/735
f 826/502/736 759/503/736 825/549/736
f 1027/679/737 1031/689/737 1066/718/737
f 646/380/738 751/776/738 752/775/738
f 750/495/739 772/548/739 770/514/739 648/498/739
f 830/506/740 653/507/740 771/513/740 772/548/740
f 1131/750/741 1133/749/741 1132/672/741
f 651/390/742 762/777/742 763/505/742
f 1127/778/743 1039/695/743 1038/673/743 1006/674/743
f 764/508/744 789/545/744 787/528/744 655/511/744
f 1007/497/745 1009/779/745 1008/675/745
f 1039/695/700 1127/778/700 1125/747/700
f 760/553/746 831/551/746 767/377/746 649/387/746
f 658/399/747 777/780/747 778/519/747
f 664/409/748 800/410/748 801/729/748
f 671/419/749 1180/419/749 1192/418/749 1083/418/749
f 828/781/582 830/506/582 829/547/582
f 748/494/750 645/692/750 831/551/750
f 775/286/751 825/549/751 782/388/751 656/285/751
f 1075/724/752 1077/725/752 1076/782/752
f 1112/783/753 1092/732/753 1091/701/753 1047/702/753
f 895/592/754 916/602/754 927/600/754 1103/784/754 1104/738/754
f 1112/783/695 1111/703/695 1110/741/695
f 819/785/579 786/405/579 781/406/579
f 816/411/755 818/522/755 817/516/755
f 808/538/756 673/568/756 1100/444/756 1098/537/756
f 1097/786/757 888/585/757 886/787/757
f 1012/736/758 1033/737/758 870/754/758 1061/755/758
f 627/331/759 717/317/759 718/463/759
f 608/289/760 684/290/760 886/787/760 888/585/760
f 1167/586/761 870/754/761 1033/737/761 871/589/761
f 1170/788/762 1171/424/762 869/425/762
f 866/767/716 864/764/716 681/299/716
f 698/447/763 682/440/763 612/293/763 613/294/763
f 701/761/764 911/606/764 882/443/764 614/297/764
f 941/617/765 716/314/765 622/315/765 927/600/765
f 1109/789/694 1108/709/694 1107/740/694
f 708/455/766 620/309/766 619/310/766 692/306/766
f 859/439/593 860/449/593 703/450/593
f 617/569/767 697/308/767 611/292/767
f 606/281/768 1028/735/768 1012/736/768 1160/790/768
f 966/339/769 629/336/769 726/325/769 955/326/769
f 680/438/770 679/295/770 610/291/770
f 724/328/771 850/329/771 723/459/771
f 713/791/772 853/313/772 716/314/772 625/324/772
f 841/479/773 733/480/773 840/557/773
f 722/468/774 849/466/774 726/325/774 629/336/774
f 853/313/775 713/791/775 855/792/775
f 722/468/776 630/643/776 721/470/776
f 947/769/777 964/338/777 966/339/777
f 957/327/778 625/324/778 716/314/778 941/617/778
f 725/460/779 951/461/779 952/768/779
f 959/773/780 977/346/780 979/347/780
f 734/772/781 843/649/781 736/345/781 635/793/781
f 1139/656/782 986/354/782 970/794/782
f 1143/624/783 1145/642/783 1144/641/783
f 642/677/784 744/661/784 641/368/784
f 744/661/785 837/659/785 745/361/785 641/368/785
f 645/692/786 749/668/786 644/376/786
f 749/668/787 834/666/787 754/369/787 644/376/787
f 757/383/788 646/380/788 756/499/788
f 1042/515/789 1030/690/789 1041/680/789
f 1124/385/790 1060/386/790 1020/696/790
f 775/286/791 774/517/791 773/401/791
f 1115/395/792 1088/396/792 1044/719/792
f 828/781/582 763/505/582 830/506/582
f 785/524/793 654/525/793 653/507/793 761/504/793
f 789/545/794 788/527/794 787/528/794
f 1043/697/795 1090/398/795 1122/384/795
f 662/408/796 664/409/796 663/530/796
f 822/795/580 778/519/580 824/520/580
f 805/542/797 661/403/797 660/404/797 776/518/797
f 759/503/798 650/554/798 825/549/798
f 793/414/799 795/534/799 794/796/799
f 1089/797/800 873/798/800 1036/435/800 1011/432/800
f 1079/799/801 1186/799/801 1179/800/801 1078/800/801
f 609/288/802 696/446/802 673/568/802
f 791/412/803 665/715/803 790/801/803
f 670/416/804 798/536/804 806/541/804 669/415/804
f 684/290/805 672/802/805 886/787/805
f 685/280/806 868/803/806 687/296/806
f 706/766/807 618/307/807 617/569/807 691/441/807
f 1056/710/808 1057/714/808 1085/730/808
f 777/780/577 814/544/577 776/518/577
f 799/420/748 801/729/748 800/410/748
f 818/522/809 791/412/809 792/804/809
f 672/802/810 807/427/810 1096/805/810 1097/786/810
f 669/415/811 806/541/811 805/542/811 815/533/811
f 765/806/579 820/526/579 764/508/579
f 779/407/812 781/406/812 780/807/812
f 803/539/695 813/808/695 814/544/695
f 1106/716/813 666/413/813 802/397/813 1088/396/813
f 762/777/580 823/546/580 761/504/580
f 774/517/814 657/284/814 816/411/814
f 819/785/579 781/406/579 821/521/579
f 827/550/815 775/286/815 773/401/815
f 1073/727/816 1076/782/816 1077/725/816
f 660/404/817 786/405/817 785/524/817 824/520/817
f 751/776/582 829/547/582 750/495/582
f 771/513/818 654/525/818 765/806/818 766/509/818
f 783/523/698 822/795/698 823/546/698
f 1064/717/698 1121/809/698 1119/745/698
f 833/552/819 760/553/819 758/392/819
f 776/518/820 778/519/820 777/780/820
f 1040/810/821 1042/515/821 1041/680/821
f 836/667/822 749/668/822 747/382/822
f 743/488/823 642/677/823 834/666/823
f 768/512/824 828/781/824 829/547/824
f 839/660/825 744/661/825 742/489/825
f 1128/811/826 1062/389/826 1035/378/826
f 761/504/827 763/505/827 762/777/827
f 836/667/828 757/383/828 835/487/828
f 842/558/829 739/559/829 737/484/829
f 750/495/830 753/496/830 752/775/830 751/776/830
f 845/650/831 734/651/831 732/812/831
f 728/475/832 633/565/832 843/649/832
f 738/483/833 639/646/833 837/659/833
f 848/562/834 729/563/834 727/476/834
f 1006/674/835 1005/671/835 1008/675/835
f 740/353/836 840/557/836 636/657/836
f 851/467/837 722/468/837 720/471/837
f 725/460/838 724/328/838 723/459/838
f 736/345/839 843/649/839 633/565/839
f 726/325/840 849/466/840 626/635/840
f 730/337/841 846/561/841 630/643/841
f 627/331/842 724/328/842 714/813/842 715/332/842
f 936/335/843 715/332/843 714/813/843
f 1151/770/844 1153/603/844 1152/604/844
f 856/436/845 623/319/845 705/322/845 857/566/845
f 853/313/846 855/792/846 854/318/846
f 623/319/847 856/436/847 706/766/847
f 1154/611/848 1155/574/848 928/575/848
f 858/567/593 860/449/593 859/439/593
f 701/761/849 703/450/849 702/451/849
f 1166/590/761 1167/586/761 889/587/761
f 864/764/716 866/767/716 865/279/716
f 616/303/850 691/441/850 617/569/850
f 612/293/851 682/440/851 681/299/851 864/764/851
f 875/572/852 874/573/852 888/585/852
f 1164/765/712 872/434/712 1036/435/712 873/798/712
f 884/584/853 876/571/853 875/572/853
f 1162/596/609 876/571/609 877/580/609
f 879/578/610 1159/814/610 910/609/610
f 1166/590/761 884/584/761 1168/815/761
f 1150/613/854 942/605/854 916/602/854 918/612/854
f 615/298/855 701/761/855 614/297/855
f 896/593/856 898/762/856 922/816/856 895/592/856
f 702/451/857 913/608/857 701/761/857
f 905/817/613 912/607/613 913/608/613
f 889/587/858 891/588/858 890/760/858
f 881/582/859 882/443/859 911/606/859
f 1159/814/860 879/578/860 880/581/860 881/582/860
f 895/592/861 922/816/861 916/602/861
f 891/588/712 1165/759/712 890/760/712
f 953/619/862 938/622/862 952/768/862
f 694/457/863 903/819/863 693/818/863
f 1151/770/864 957/327/864 941/617/864
f 938/622/865 937/623/865 936/335/865
f 903/819/866 709/456/866 929/614/866 930/576/866
f 896/593/867 897/594/867 898/762/867
f 634/350/868 975/351/868 731/478/868 727/476/868
f 637/358/869 965/359/869 735/472/869 732/812/869
f 1137/820/870 1138/638/870 980/821/870
f 640/366/871 962/367/871 741/486/871 737/484/871
f 643/374/872 940/375/872 746/491/872 742/489/872
f 807/427/873 672/802/873 684/290/873
f 1067/822/874 787/528/874 1069/529/874
f 1132/672/875 1016/652/875 1005/671/875
f 1025/823/876 1023/686/876 1022/683/876 1039/695/876
f 1122/384/877 1090/398/877 1060/386/877
f 1052/707/878 1055/712/878 1094/734/878 1051/704/878
f 1049/824/879 1047/702/879 1046/699/879 1064/717/879
f 1067/822/880 1069/529/880 1068/744/880
f 1057/714/881 663/530/881 664/409/881
f 909/610/609 897/594/609 1161/595/609
f 1117/742/882 1031/689/882 1029/510/882 1032/825/882
f 1113/394/883 1114/723/883 1071/720/883
f 1074/722/884 1092/732/884 1076/782/884 1073/727/884
f 906/445/885 1098/537/885 1100/444/885
f 1001/664/886 919/693/886 917/694/886 978/752/886
f 872/434/887 1059/827/887 1014/826/887 1099/433/887
f 1056/710/888 1053/711/888 1058/713/888
f 1160/790/889 1012/736/889 1061/755/889 676/278/889
f 1104/738/890 1103/784/890 1102/301/890
f 707/421/891 622/315/891 704/316/891
f 686/763/892 865/279/892 685/280/892
f 1102/301/893 1105/302/893 1104/738/893
f 890/760/858 878/579/858 889/587/858
f 1104/738/894 894/591/894 895/592/894
f 1107/740/694 1080/728/694 1081/828/694
f 709/456/895 903/819/895 694/457/895
f 912/607/896 905/817/896 901/599/896
f 1143/624/897 1144/641/897 958/829/897
f 928/575/898 930/576/898 929/614/898
f 935/620/899 942/605/899 1150/613/899 937/623/899
f 718/463/900 711/330/900 627/331/900
f 929/614/901 920/464/901 928/575/901
f 902/658/902 976/341/902 631/342/902 963/477/902
f 1103/784/903 927/600/903 925/492/903
f 985/830/904 914/831/904 954/485/904 741/486/904
f 631/342/905 924/343/905 723/459/905 720/471/905
f 958/829/906 1144/641/906 960/631/906
f 998/626/907 885/348/907 973/349/907 961/630/907
f 994/647/908 887/356/908 926/357/908 972/636/908
f 974/633/909 989/556/909 887/356/909 994/647/909
f 983/663/910 899/372/910 921/373/910 995/653/910
f 991/832/911 993/654/911 992/676/911
f 1001/664/912 978/752/912 899/372/912 983/663/912
f 1002/669/913 1004/670/913 1003/691/913
f 968/625/914 934/833/914 902/658/914 996/627/914
f 1126/746/915 1009/779/915 1007/497/915 1010/751/915
f 1026/688/698 1120/687/698 1121/809/698
f 989/556/916 974/633/916 967/634/916 904/555/916
f 1122/384/917 1123/700/917 1043/697/917
f 1054/834/697 1052/707/697 1116/743/697
f 1050/706/695 1111/703/695 1112/783/695
f 1055/712/694 1108/709/694 1109/789/694
f 923/640/918 972/636/918 926/357/918 914/831/918
f 1085/730/694 1108/709/694 1056/710/694
f 1081/828/694 1079/799/694 1107/740/694
f 796/532/919 1181/532/919 1180/419/919 671/419/919
f 978/752/920 917/694/920 950/490/920 746/491/920
f 1082/835/921 1079/799/921 1081/828/921
f 1044/719/922 1045/698/922 1115/395/922
f 1110/741/695 1075/724/695 1076/782/695
f 1113/394/923 1106/716/923 1088/396/923
f 1113/394/924 1115/395/924 1114/723/924
f 1109/789/694 1094/734/694 1055/712/694
f 1068/744/925 1117/742/925 1067/822/925
f 1050/706/695 1112/783/695 1047/702/695
f 1119/745/698 1048/705/698 1049/824/698
f 1110/741/695 1076/782/695 1092/732/695
f 1122/384/926 1124/385/926 1123/700/926
f 1118/836/697 1066/718/697 1031/689/697
f 1047/702/927 1049/824/927 1050/706/927
f 1003/691/928 1004/670/928 1130/748/928
f 1026/688/698 1121/809/698 1023/686/698
f 1031/689/697 1117/742/697 1118/836/697
f 1128/811/929 1130/748/929 1129/684/929
f 1056/710/930 1058/713/930 1057/714/930
f 1023/686/742 1025/823/742 1026/688/742
f 1009/779/700 1127/778/700 1006/674/700
f 1009/779/700 1126/746/700 1127/778/700
f 1006/674/738 1008/675/738 1009/779/738
f 1040/810/931 770/514/931 1042/515/931
f 1128/811/932 1129/684/932 1019/681/932
f 991/832/933 1135/662/933 993/654/933
f 1131/750/934 1132/672/934 1002/669/934
f 980/821/935 1138/638/935 982/655/935
f 959/773/936 960/631/936 1142/648/936
f 969/837/937 1141/632/937 971/637/937
f 673/568/938 808/538/938 616/303/938
f 980/821/939 982/655/939 981/774/939
f 1152/604/940 942/605/940 935/620/940
f 791/412/941 666/413/941 665/715/941
f 932/838/942 933/618/942 1148/753/942
f 958/829/943 960/631/943 959/773/943
f 934/833/944 949/616/944 976/341/944 902/658/944
f 628/333/945 719/320/945 852/321/945 715/332/945
f 918/612/946 916/602/946 922/816/946 1156/839/946
f 1151/770/947 1152/604/947 931/621/947
f 931/621/948 933/618/948 932/838/948
f 1159/814/610 1158/758/610 1157/597/610
f 1163/583/712 1165/759/712 1164/765/712
f 869/425/949 875/572/949 888/585/949 1097/786/949 1096/805/949 1170/788/949
f 717/317/950 852/321/950 705/322/950 623/319/950
f 1137/820/951 999/363/951 986/354/951
f 876/571/952 1162/596/952 907/570/952
f 1072/840/953 1106/716/953 1071/720/953
f 870/754/954 1168/815/954 884/584/954 869/425/954 1101/757/954
f 1159/814/610 881/582/610 1158/758/610
f 1169/428/955 683/275/955 605/276/955 675/423/955
f 867/274/806 610/291/806 679/295/806 868/803/806
f 1130/748/956 1035/378/956 1003/691/956
f 755/500/957 757/383/957 756/499/957
f 803/539/958 777/780/958 658/399/958 659/400/958
f 827/550/959 784/402/959 826/502/959
f 904/555/960 967/634/960 961/630/960 973/349/960
f 729/563/961 728/475/961 727/476/961
f 714/813/962 724/328/962 725/460/962
f 914/831/963 926/357/963 637/358/963 954/485/963
f 1146/458/964 1148/753/964 1147/628/964
f 1101/757/965 869/425/965 1149/426/965 1017/756/965
f 713/791/966 712/453/966 711/330/966
f 764/508/967 766/509/967 765/806/967
f 787/528/968 1067/822/968 1032/825/968 655/511/968
f 790/801/803 792/804/803 791/412/803
f 1121/809/969 1064/717/969 1063/685/969 1023/686/969
f 848/562/970 731/478/970 847/469/970
f 970/794/971 986/354/971 988/841/971
f 833/552/972 769/393/972 832/493/972
f 768/512/973 751/776/973 646/380/973 647/381/973
f 796/532/974 798/536/974 797/531/974
f 1072/840/975 665/715/975 1106/716/975
f 855/792/976 718/463/976 854/318/976
f 1093/733/977 1079/799/977 1078/800/977 1075/724/977
f 1118/836/697 1117/742/697 1116/743/697
f 845/650/978 735/472/978 844/473/978
f 770/514/979 1040/810/979 1010/751/979 648/498/979
f 772/548/980 771/513/980 770/514/980
f 1086/739/808 1085/730/808 1084/417/808
f 917/694/981 956/365/981 640/366/981 950/490/981
f 739/559/982 738/483/982 737/484/982
f 700/448/983 863/305/983 619/310/983
f 1148/753/984 955/326/984 932/838/984
f 892/442/712 1164/765/712 873/798/712
f 818/522/985 804/540/985 817/516/985
f 909/610/986 900/598/986 897/594/986
f 755/500/987 995/653/987 921/373/987 643/374/987
f 1140/564/988 1142/648/988 1141/632/988
f 851/467/989 723/459/989 850/329/989
f 1134/560/990 1135/662/990 991/832/990
f 688/430/991 892/442/991 873/798/991 1089/797/991 607/429/991
f 842/558/992 741/486/992 841/479/992
f 1133/749/993 1013/370/993 992/676/993
f 783/523/994 762/777/994 651/390/994 652/391/994
f 989/556/995 735/472/995 965/359/995 887/356/995
f 691/441/996 809/304/996 707/421/996 704/316/996 706/766/996
f 792/804/997 1190/804/997 1174/540/997 804/540/997
f 1137/820/998 1139/656/998 1138/638/998
f 839/660/999 746/491/999 838/482/999
f 1153/603/1000 941/617/1000 915/601/1000
f 621/452/1001 693/818/1001 901/599/1001 905/817/1001
f 626/635/1002 713/791/1002 625/324/1002
f 981/774/1003 997/362/1003 999/363/1003
f 1134/560/1004 1136/665/1004 1135/662/1004
f 780/807/576 811/543/576 779/407/576
f 767/377/1005 831/551/1005 645/692/1005
f 880/581/1006 879/578/1006 878/579/1006 890/760/1006
f 951/461/1007 945/462/1007 883/340/1007 1000/615/1007
f 1014/826/1008 1028/735/1008 606/281/1008 1034/282/1008
f 1099/433/1009 1014/826/1009 1034/282/1009 677/283/1009
f 1156/839/1010 922/816/1010 898/762/1010
f 1164/765/712 892/442/712 1163/583/712
f 611/292/1011 678/287/1011 609/288/1011
f 862/437/983 680/438/983 861/842/983
f 1017/756/1012 1149/426/1012 605/276/1012 1087/277/1012
f 865/279/716 686/763/716 864/764/716
f 674/422/1013 809/304/1013 1102/301/1013 1103/784/1013
f 871/589/1014 1059/827/1014 872/434/1014 891/588/1014
f 868/803/806 679/295/806 687/296/806
f 859/439/593 682/440/593 858/567/593
f 682/440/593 698/447/593 858/567/593
f 615/298/593 859/439/593 703/450/593
f 866/767/716 681/299/716 689/300/716
f 799/420/1015 1084/417/1015 801/729/1015
f 687/296/721 686/763/721 685/280/721
f 698/447/718 700/448/718 699/311/718
f 813/808/577 815/533/577 814/544/577
f 693/818/1016 695/312/1016 694/457/1016
f 706/766/1017 856/436/1017 618/307/1017
f 860/449/1018 695/312/1018 693/818/1018 621/452/1018
f 868/803/806 685/280/806 867/274/806
f 861/842/983 863/305/983 862/437/983
f 946/843/1019 1147/628/1019 948/629/1019
f 702/451/857 905/817/857 913/608/857
f 710/454/1020 705/322/1020 624/323/1020
f 620/309/1021 694/457/1021 695/312/1021
f 697/308/983 863/305/983 861/842/983
f 847/469/1022 721/470/1022 846/561/1022
f 857/566/1023 705/322/1023 710/454/1023
f 985/830/1024 741/486/1024 962/367/1024 893/364/1024
f 710/454/1025 624/323/1025 929/614/1025 709/456/1025
f 850/329/1026 712/453/1026 849/466/1026
f 1146/458/1027 955/326/1027 1148/753/1027
f 698/447/593 699/311/593 858/567/593
f 855/792/1028 711/330/1028 718/463/1028
f 628/333/1029 939/334/1029 944/465/1029 719/320/1029
f 708/455/1030 857/566/1030 710/454/1030
f 969/771/1031 988/355/1031 1140/564/1031
f 938/622/1032 936/335/1032 714/813/1032
f 855/792/1033 713/791/1033 711/330/1033
f 1143/624/1034 964/338/1034 1145/642/1034
f 636/657/1035 734/772/1035 635/793/1035
f 851/467/1036 720/471/1036 723/459/1036
f 844/473/1037 728/475/1037 843/649/1037
f 932/838/1038 955/326/1038 957/327/1038
f 712/453/1039 626/635/1039 849/466/1039
f 918/612/1040 1156/839/1040 1154/611/1040
f 1140/564/1041 977/346/1041 1142/648/1041
f 832/493/1042 748/494/1042 831/551/1042
f 848/562/1043 727/476/1043 731/478/1043
f 958/829/1044 979/347/1044 1143/624/1044
f 969/837/1045 971/637/1045 970/794/1045
f 1137/820/1046 986/354/1046 1139/656/1046
f 849/466/1047 851/467/1047 850/329/1047
f 745/361/1048 837/659/1048 639/646/1048
f 845/650/831 732/812/831 735/472/831
f 838/482/1049 738/483/1049 837/659/1049
f 990/639/1050 985/830/1050 893/364/1050 987/644/1050
f 1134/560/1051 997/362/1051 1136/665/1051
f 846/561/1052 848/562/1052 847/469/1052
f 754/369/1053 834/666/1053 642/677/1053
f 842/558/1054 737/484/1054 741/486/1054
f 980/821/1055 999/363/1055 1137/820/1055
f 981/774/1056 982/655/1056 1136/665/1056
f 1131/750/1057 1013/370/1057 1133/749/1057
f 843/649/1058 845/650/1058 844/473/1058
f 835/487/1059 757/383/1059 755/500/1059 643/374/1059
f 839/660/1060 742/489/1060 746/491/1060
f 991/832/1061 1015/371/1061 1134/560/1061
f 1019/681/1062 1021/682/1062 1020/696/1062
f 1128/811/1063 1035/378/1063 1130/748/1063
f 840/557/1064 842/558/1064 841/479/1064
f 651/390/1065 828/781/1065 768/512/1065 769/393/1065
f 836/667/822 747/382/822 757/383/822
f 753/496/1066 756/499/1066 752/775/1066
f 751/776/700 768/512/700 829/547/700
f 1002/669/1067 1037/379/1067 1131/750/1067
f 1058/713/697 1053/711/697 1068/744/697
f 752/775/1068 756/499/1068 646/380/1068
f 1125/747/700 1024/678/700 1025/823/700
f 834/666/1069 836/667/1069 835/487/1069
f 837/659/1070 839/660/1070 838/482/1070
f 658/399/1071 822/795/1071 783/523/1071 784/402/1071
f 833/552/819 758/392/819 769/393/819
f 828/781/700 651/390/700 763/505/700
f 762/777/698 783/523/698 823/546/698
f 817/516/1072 774/517/1072 816/411/1072
f 782/388/1073 825/549/1073 650/554/1073
f 1029/510/1074 1031/689/1074 1030/690/1074
f 1019/681/1075 1062/389/1075 1128/811/1075
f 1121/809/698 1120/687/698 1119/745/698
f 654/525/1076 771/513/1076 653/507/1076
f 1116/743/697 1053/711/697 1054/834/697
f 825/549/1077 827/550/1077 826/502/1077
f 831/551/1078 833/552/1078 832/493/1078
f 668/726/1079 813/808/1079 803/539/1079 804/540/1079
f 827/550/1080 773/401/1080 784/402/1080
f 822/795/698 658/399/698 778/519/698
f 777/780/695 803/539/695 814/544/695
f 662/408/1081 663/530/1081 788/527/1081
f 781/406/812 661/403/812 780/807/812
f 820/526/579 786/405/579 819/785/579
f 788/527/579 821/521/579 662/408/579
f 1092/732/695 1112/783/695 1110/741/695
f 1070/721/1082 790/801/1082 1072/840/1082
f 1071/720/1083 1106/716/1083 1113/394/1083
f 818/522/1084 792/804/1084 804/540/1084
f 813/808/695 668/726/695 795/534/695
f 813/808/577 795/534/577 815/533/577
f 794/796/1085 1177/796/1085 1178/414/1085 793/414/1085
f 799/420/1086 812/535/1086 671/419/1086
f 811/543/576 806/541/576 810/844/576
f 810/844/576 806/541/576 798/536/576
f 810/844/576 798/536/576 812/535/576
f 1080/728/921 1082/835/921 1081/828/921
f 925/492/1087 674/422/1087 1103/784/1087
f 886/787/1088 672/802/1088 1097/786/1088
f 822/795/580 824/520/580 823/546/580
f 609/288/1089 673/568/1089 616/303/1089 617/569/1089 611/292/1089
f 1165/759/712 891/588/712 872/434/712
f 810/844/576 812/535/576 811/543/576
f 884/584/1090 1166/590/1090 877/580/1090 876/571/1090
f 725/460/1091 952/768/1091 938/622/1091 714/813/1091
f 765/806/579 654/525/579 820/526/579
f 780/807/576 661/403/576 811/543/576
f 603/845/1092 807/427/1092 1096/805/1092 604/845/1092
f 1162/596/609 877/580/609 1161/595/609
f 866/767/716 690/431/716 865/279/716
f 910/609/1093 908/577/1093 879/578/1093
f 889/587/761 878/579/761 1166/590/761
f 877/580/609 908/577/609 1161/595/609
f 1169/428/1094 675/423/1094 1171/424/1094
f 912/607/610 1158/758/610 911/606/610
f 953/619/1095 951/461/1095 1147/628/1095
f 881/582/610 911/606/610 1158/758/610
f 1059/827/1096 871/589/1096 1028/735/1096 1014/826/1096
f 898/762/1097 1155/574/1097 1156/839/1097
f 901/599/1098 693/818/1098 903/819/1098
f 1166/590/761 1168/815/761 1167/586/761
f 908/577/1093 910/609/1093 909/610/1093
f 907/570/1099 894/591/1099 1098/537/1099 906/445/1099 874/573/1099
f 909/610/609 1161/595/609 908/577/609
f 930/576/1100 900/598/1100 901/599/1100 903/819/1100
f 928/575/1101 920/464/1101 1154/611/1101
f 1154/611/1102 1156/839/1102 1155/574/1102
f 946/843/1103 948/629/1103 947/769/1103
f 946/843/1104 966/339/1104 1146/458/1104
f 1146/458/1105 1147/628/1105 946/843/1105
f 932/838/1106 957/327/1106 931/621/1106
f 947/769/1107 966/339/1107 946/843/1107
f 959/773/1108 979/347/1108 958/829/1108
f 970/794/1109 988/841/1109 969/837/1109
f 1041/680/700 1126/746/700 1040/810/700
f 981/774/1110 999/363/1110 980/821/1110
f 990/639/1111 923/640/1111 914/831/1111 985/830/1111
f 1008/675/1112 1005/671/1112 1016/652/1112 1018/501/1112
f 992/676/1113 1015/371/1113 991/832/1113
f 1043/697/1114 1045/698/1114 1044/719/1114
f 1040/810/824 1126/746/824 1010/751/824
f 1066/718/1115 1116/743/1115 1052/707/1115 1065/708/1115
f 1125/747/700 1025/823/700 1039/695/700
f 1003/691/1116 1037/379/1116 1002/669/1116
f 1116/743/697 1066/718/697 1118/836/697
f 1024/678/742 1026/688/742 1025/823/742
f 1029/510/1117 655/511/1117 1032/825/1117
f 992/676/1118 993/654/1118 1133/749/1118
f 1067/822/1119 1117/742/1119 1032/825/1119
f 1094/734/1120 1107/740/1120 1079/799/1120 1093/733/1120
f 1119/745/698 1049/824/698 1064/717/698
f 1020/696/1121 1062/389/1121 1019/681/1121
f 1107/740/694 1094/734/694 1109/789/694
f 1048/705/927 1050/706/927 1049/824/927
f 1055/712/888 1052/707/888 1054/834/888
f 1127/778/700 1126/746/700 1125/747/700
f 1053/711/888 1055/712/888 1054/834/888
f 1072/840/1122 1071/720/1122 1070/721/1122
f 1020/696/1123 1021/682/1123 1124/385/1123
f 1069/529/1124 1058/713/1124 1068/744/1124
f 1044/719/1125 1090/398/1125 1043/697/1125
f 1070/721/1126 1182/721/1126 1191/801/1126 790/801/1126
f 1080/728/1127 1086/739/1127 1084/417/1127 1083/418/1127
f 607/429/1128 1089/797/1128 1011/432/1128 1095/731/1128
f 702/451/1129 621/452/1129 905/817/1129
f 867/274/1130 685/280/1130 606/281/1130 1160/790/1130 676/278/1130
f 870/754/761 1167/586/761 1168/815/761
f 1157/597/610 910/609/610 1159/814/610
f 930/576/1131 1155/574/1131 897/594/1131 900/598/1131
f 665/715/1132 1072/840/1132 790/801/1132
f 863/305/983 700/448/983 862/437/983
f 703/450/849 701/761/849 615/298/849
f 1151/770/1133 941/617/1133 1153/603/1133
f 861/842/1134 680/438/1134 611/292/1134 697/308/1134
f 949/616/1135 934/833/1135 968/625/1135 1144/641/1135 948/629/1135
f 722/468/1136 721/470/1136 720/471/1136
f 713/791/1137 626/635/1137 712/453/1137
f 630/643/1138 722/468/1138 629/336/1138
f 947/769/1139 948/629/1139 1145/642/1139
f 729/563/1140 633/565/1140 728/475/1140
f 734/772/1141 636/657/1141 733/480/1141
f 970/794/1142 971/637/1142 1139/656/1142
f 739/559/1143 639/646/1143 738/483/1143
f 749/668/1144 748/494/1144 747/382/1144
f 744/661/1145 642/677/1145 743/488/1145
f 760/553/1146 759/503/1146 758/392/1146
f 749/668/1147 645/692/1147 748/494/1147
f 760/553/1148 650/554/1148 759/503/1148
f 775/286/1149 657/284/1149 774/517/1149
f 819/785/579 821/521/579 820/526/579
f 789/545/579 821/521/579 788/527/579
f 668/726/1150 794/796/1150 795/534/1150
f 798/536/974 670/416/974 797/531/974
f 1173/726/1151 1174/540/1151 1190/804/1151 1172/846/1151
f 1179/800/1152 1196/800/1152 1202/724/1152 1185/724/1152
f 1182/721/1153 1172/846/1153 1190/804/1153 1191/801/1153
f 1189/727/1154 1172/846/1154 1182/721/1154 1193/722/1154
f 1185/724/1155 1202/724/1155 1201/725/1155 1184/725/1155
f 1178/414/1156 1195/414/1156 1194/415/1156 1176/415/1156
f 1175/416/1157 667/416/1157 1200/531/1157 1183/531/1157
f 1177/796/1158 1173/726/1158 1172/846/1158 1189/727/1158
f 1184/725/1159 1201/725/1159 1206/727/1159 1189/727/1159
f 1183/531/1157 1200/531/1157 1198/532/1157 1181/532/1157
f 1192/418/1160 1207/418/1160 1205/728/1160 1188/728/1160
f 1177/796/1161 1199/796/1161 1195/414/1161 1178/414/1161
f 1186/799/1162 1203/799/1162 1196/800/1162 1179/800/1162
f 670/416/1163 1175/416/1163 1183/531/1163 797/531/1163
f 1082/835/1164 1187/835/1164 1186/799/1164 1079/799/1164
f 668/726/1165 1173/726/1165 1177/796/1165 794/796/1165
f 1074/722/1166 1193/722/1166 1182/721/1166 1070/721/1166
f 1077/725/1167 1184/725/1167 1189/727/1167 1073/727/1167
f 790/801/1168 1191/801/1168 1190/804/1168 792/804/1168
f 1078/800/1169 1179/800/1169 1185/724/1169 1075/724/1169
f 1080/728/1170 1188/728/1170 1187/835/1170 1082/835/1170
f 1194/415/1171 1195/414/1171 1196/800/1171 667/416/1171
f 1196/800/1172 1195/414/1172 1201/725/1172 1202/724/1172
f 1204/835/1173 667/416/1173 1196/800/1173 1203/799/1173
f 1207/418/1174 1198/532/1174 1204/835/1174 1205/728/1174
f 667/416/1175 1204/835/1175 1200/531/1175
f 1199/796/1176 1201/725/1176 1195/414/1176
f 1198/532/1177 1207/418/1177 1197/419/1177
f 1199/796/1178 1206/727/1178 1201/725/1178
f 1200/531/1175 1204/835/1175 1198/532/1175
f 1176/415/1179 1194/415/1179 667/416/1179 1175/416/1179
f 1187/835/1180 1204/835/1180 1203/799/1180 1186/799/1180
f 1180/419/1181 1197/419/1181 1207/418/1181 1192/418/1181
f 1188/728/1182 1205/728/1182 1204/835/1182 1187/835/1182
f 1189/727/1183 1206/727/1183 1199/796/1183 1177/796/1183
f 1181/532/1184 1198/532/1184 1197/419/1184 1180/419/1184
f 1472/274/1185 1288/275/1185 1210/276/1185 1692/277/1185 1281/278/1185
f 1470/279/1186 1290/280/1186 1211/281/1186 1639/282/1186 1282/283/1186
f 1262/284/1187 1261/285/1187 1380/286/1187
f 1283/287/1188 1214/288/1188 1213/289/1188 1289/290/1188
f 1215/291/1189 1216/292/1189 1283/287/1189 1288/275/1189
f 1217/293/1190 1218/294/1190 1284/295/1190 1292/296/1190
f 1219/297/1191 1220/298/1191 1286/299/1191 1294/300/1191
f 1707/301/1192 1710/302/1192 1221/303/1192 1414/304/1192
f 1468/305/1193 1297/306/1193 1223/307/1193 1302/308/1193
f 1225/309/1194 1224/310/1194 1304/311/1194 1300/312/1194
f 1458/313/1195 1321/314/1195 1227/315/1195 1309/316/1195
f 1322/317/1196 1459/318/1196 1309/316/1196 1228/319/1196
f 1324/320/1197 1457/321/1197 1310/322/1197 1229/323/1197
f 1230/324/1198 1331/325/1198 1560/326/1198 1562/327/1198
f 1329/328/1199 1455/329/1199 1316/330/1199 1232/331/1199
f 1320/332/1200 1233/333/1200 1544/334/1200 1541/335/1200
f 1234/336/1201 1335/337/1201 1569/338/1201 1571/339/1201
f 1488/340/1202 1581/341/1202 1236/342/1202 1529/343/1202
f 1237/344/1203 1341/345/1203 1582/346/1203 1584/347/1203
f 1490/348/1204 1578/349/1204 1239/350/1204 1580/351/1204
f 1240/352/1205 1345/353/1205 1591/354/1205 1593/355/1205
f 1492/356/1206 1531/357/1206 1242/358/1206 1570/359/1206
f 1243/360/1207 1350/361/1207 1602/362/1207 1604/363/1207
f 1498/364/1208 1561/365/1208 1245/366/1208 1567/367/1208
f 1246/368/1209 1359/369/1209 1618/370/1209 1620/371/1209
f 1504/372/1210 1526/373/1210 1248/374/1210 1545/375/1210
f 1249/376/1211 1372/377/1211 1640/378/1211 1642/379/1211
f 1251/380/1212 1252/381/1212 1352/382/1212 1362/383/1212
f 1727/384/1213 1729/385/1213 1665/386/1213
f 1254/387/1214 1387/388/1214 1665/386/1214 1667/389/1214
f 1256/390/1215 1257/391/1215 1363/392/1215 1374/393/1215
f 1718/394/1216 1720/395/1216 1693/396/1216
f 1261/285/1217 1407/397/1217 1693/396/1217 1695/398/1217
f 1263/399/1218 1264/400/1218 1378/401/1218 1389/402/1218
f 1266/403/1219 1265/404/1219 1391/405/1219 1386/406/1219
f 1384/407/1220 1267/408/1220 1269/409/1220 1405/410/1220
f 1421/411/1221 1396/412/1221 1271/413/1221 1407/397/1221
f 1398/414/1222 1274/415/1222 1781/415/1222 1783/414/1222
f 1274/415/1223 1275/416/1223 1780/416/1223 1781/415/1223
f 1689/417/1224 1688/418/1224 1276/419/1224 1404/420/1224
f 1414/304/1225 1279/422/1225 1312/421/1225
f 1210/276/1226 1280/423/1226 1776/424/1226 1474/425/1226 1754/426/1226
f 1288/275/1227 1283/287/1227 1289/290/1227 1412/427/1227 1774/428/1227
f 1212/429/1228 1293/430/1228 1295/431/1228
f 1616/432/1229 1704/433/1229 1477/434/1229 1641/435/1229
f 1461/436/1230 1223/307/1230 1297/306/1230
f 1467/437/1231 1285/438/1231 1284/295/1231 1218/294/1231
f 1464/439/1232 1287/440/1232 1286/299/1232 1220/298/1232
f 1295/431/1233 1293/430/1233 1294/300/1233
f 1296/441/1234 1414/304/1234 1221/303/1234
f 1219/297/1235 1293/430/1235 1497/442/1235 1487/443/1235
f 1705/444/1236 1511/445/1236 1301/446/1236
f 1216/292/1237 1215/291/1237 1285/438/1237
f 1320/332/1238 1232/331/1238 1322/317/1238 1457/321/1238
f 1303/447/1239 1305/448/1239 1467/437/1239 1218/294/1239
f 1465/449/1240 1308/450/1240 1307/451/1240 1226/452/1240
f 1455/329/1241 1317/453/1241 1316/330/1241
f 1315/454/1242 1313/455/1242 1314/456/1242
f 1299/457/1243 1314/456/1243 1313/455/1243 1225/309/1243
f 1751/458/1244 1560/326/1244 1571/339/1244
f 1328/459/1245 1330/460/1245 1556/461/1245 1550/462/1245
f 1322/317/1246 1323/463/1246 1459/318/1246
f 1324/320/1247 1229/323/1247 1525/464/1247 1549/465/1247
f 1454/466/1248 1456/467/1248 1327/468/1248
f 1452/469/1249 1326/470/1249 1325/471/1249 1236/342/1249
f 1340/472/1250 1449/473/1250 1239/350/1250 1548/474/1250
f 1584/347/1251 1569/338/1251 1335/337/1251 1237/344/1251
f 1449/473/1252 1333/475/1252 1332/476/1252 1239/350/1252
f 1452/469/1253 1236/342/1253 1568/477/1253 1336/478/1253
f 1593/355/1254 1582/346/1254 1341/345/1254 1240/352/1254
f 1446/479/1255 1338/480/1255 1337/481/1255 1242/358/1255
f 1620/371/1256 1602/362/1256 1350/361/1256 1246/368/1256
f 1604/363/1257 1591/354/1257 1345/353/1257 1243/360/1257
f 1443/482/1258 1343/483/1258 1342/484/1258 1245/366/1258
f 1446/479/1259 1242/358/1259 1559/485/1259 1346/486/1259
f 1642/379/1260 1618/370/1260 1359/369/1260 1249/376/1260
f 1440/487/1261 1348/488/1261 1347/489/1261 1248/374/1261
f 1443/482/1262 1245/366/1262 1555/490/1262 1351/491/1262
f 1312/421/1263 1530/492/1263 1279/422/1263
f 1437/493/1264 1353/494/1264 1352/382/1264 1252/381/1264
f 1355/495/1265 1358/496/1265 1612/497/1265 1253/498/1265
f 1667/389/1266 1640/378/1266 1372/377/1266 1254/387/1266
f 1361/499/1267 1360/500/1267 1623/501/1267 1358/496/1267
f 1431/502/1268 1364/503/1268 1363/392/1268 1257/391/1268
f 1366/504/1269 1368/505/1269 1435/506/1269 1258/507/1269
f 1369/508/1270 1371/509/1270 1634/510/1270 1260/511/1270
f 1695/398/1271 1665/386/1271 1387/388/1271 1261/285/1271
f 1373/512/1272 1374/393/1272 1437/493/1272 1252/381/1272
f 1376/513/1273 1375/514/1273 1647/515/1273 1371/509/1273
f 1422/516/1274 1379/517/1274 1378/401/1274 1264/400/1274
f 1381/518/1275 1383/519/1275 1429/520/1275 1265/404/1275
f 1384/407/1276 1386/406/1276 1426/521/1276 1267/408/1276
f 1421/411/1277 1423/522/1277 1396/412/1277
f 1388/523/1278 1389/402/1278 1431/502/1278 1257/391/1278
f 1391/405/1279 1390/524/1279 1259/525/1279 1425/526/1279
f 1393/527/1280 1392/528/1280 1674/529/1280 1268/530/1280
f 1402/531/1281 1401/532/1281 1786/532/1281 1788/531/1281
f 1420/533/1282 1274/415/1282 1398/414/1282 1400/534/1282
f 1417/535/1283 1276/419/1283 1401/532/1283 1403/536/1283
f 1710/302/1284 1703/537/1284 1413/538/1284
f 1408/539/1285 1409/540/1285 1422/516/1285 1264/400/1285
f 1411/541/1286 1410/542/1286 1266/403/1286 1416/543/1286
f 1215/291/1287 1288/275/1287 1472/274/1287
f 1405/410/1288 1404/420/1288 1417/535/1288
f 1417/535/1288 1416/543/1288 1384/407/1288 1405/410/1288
f 1420/533/1289 1419/544/1289 1381/518/1289 1410/542/1289
f 1221/303/1290 1710/302/1290 1413/538/1290
f 1426/521/1291 1425/526/1291 1369/508/1291 1394/545/1291
f 1429/520/1292 1428/546/1292 1366/504/1292 1390/524/1292
f 1407/397/1293 1421/411/1293 1262/284/1293
f 1435/506/1294 1434/547/1294 1355/495/1294 1377/548/1294
f 1430/549/1295 1432/550/1295 1380/286/1295
f 1436/551/1296 1438/552/1296 1365/553/1296
f 1255/554/1297 1254/387/1297 1365/553/1297
f 1340/472/1298 1548/474/1298 1509/555/1298 1594/556/1298
f 1445/557/1299 1447/558/1299 1344/559/1299
f 1739/560/1300 1602/362/1300 1620/371/1300
f 1451/561/1301 1453/562/1301 1334/563/1301
f 1745/564/1302 1582/346/1302 1593/355/1302
f 1238/565/1303 1237/344/1303 1334/563/1303
f 1462/566/1304 1461/436/1304 1297/306/1304 1313/455/1304
f 1304/311/1305 1463/567/1305 1465/449/1305 1300/312/1305
f 1278/568/1306 1705/444/1306 1301/446/1306
f 1224/310/1307 1297/306/1307 1468/305/1307
f 1223/307/1308 1222/569/1308 1302/308/1308
f 1294/300/1309 1293/430/1309 1219/297/1309
f 1512/570/1310 1481/571/1310 1480/572/1310 1479/573/1310
f 1760/574/1311 1533/575/1311 1535/576/1311
f 1513/577/1312 1484/578/1312 1483/579/1312 1482/580/1312
f 1485/581/1313 1486/582/1313 1487/443/1313 1768/583/1313
f 1480/572/1314 1489/584/1314 1474/425/1314
f 1214/288/1315 1301/446/1315 1213/289/1315
f 1479/573/1316 1493/585/1316 1511/445/1316
f 1768/583/1317 1487/443/1317 1497/442/1317
f 1772/586/1318 1494/587/1318 1496/588/1318 1476/589/1318
f 1482/580/1319 1483/579/1319 1771/590/1319
f 1499/591/1320 1500/592/1320 1501/593/1320 1512/570/1320
f 1502/594/1321 1766/595/1321 1767/596/1321 1501/593/1321
f 1762/597/1322 1505/598/1322 1506/599/1322
f 1532/600/1323 1520/601/1323 1521/602/1323
f 1758/603/1324 1757/604/1324 1547/605/1324
f 1516/606/1325 1517/607/1325 1518/608/1325
f 1515/609/1326 1514/610/1326 1505/598/1326 1762/597/1326
f 1547/605/1327 1521/602/1327 1520/601/1327 1758/603/1327
f 1759/611/1328 1523/612/1328 1525/464/1328
f 1755/613/1329 1549/465/1329 1525/464/1329 1523/612/1329
f 1229/323/1330 1534/614/1330 1525/464/1330
f 1605/615/1331 1554/616/1331 1581/341/1331 1488/340/1331
f 1520/601/1332 1532/600/1332 1546/617/1332
f 1538/618/1333 1558/619/1333 1540/620/1333
f 1536/621/1334 1538/618/1334 1540/620/1334 1757/604/1334
f 1543/622/1335 1542/623/1335 1540/620/1335 1558/619/1335
f 1542/623/1336 1544/334/1336 1549/465/1336 1755/613/1336
f 1748/624/1337 1569/338/1337 1584/347/1337
f 1573/625/1338 1603/626/1338 1490/348/1338 1601/627/1338
f 1752/628/1339 1553/629/1339 1554/616/1339 1605/615/1339 1556/461/1339
f 1566/630/1340 1565/631/1340 1746/632/1340 1579/633/1340 1572/634/1340
f 1550/462/1341 1488/340/1341 1529/343/1341 1328/459/1341
f 1230/324/1342 1231/635/1342 1331/325/1342
f 1577/636/1343 1576/637/1343 1743/638/1343 1595/639/1343 1528/640/1343
f 1749/641/1344 1565/631/1344 1566/630/1344 1603/626/1344 1573/625/1344
f 1750/642/1345 1749/641/1345 1553/629/1345
f 1234/336/1346 1235/643/1346 1335/337/1346
f 1592/644/1347 1589/645/1347 1561/365/1347 1498/364/1347
f 1244/646/1348 1243/360/1348 1344/559/1348
f 1746/632/1349 1576/637/1349 1577/636/1349 1599/647/1349 1579/633/1349
f 1747/648/1350 1746/632/1350 1565/631/1350
f 1448/649/1351 1450/650/1351 1339/651/1351
f 1237/344/1352 1238/565/1352 1341/345/1352
f 1621/652/1353 1600/653/1353 1598/654/1353
f 1743/638/1354 1587/655/1354 1589/645/1354 1592/644/1354 1595/639/1354
f 1744/656/1355 1743/638/1355 1576/637/1355
f 1240/352/1356 1241/657/1356 1345/353/1356
f 1601/627/1357 1336/478/1357 1568/477/1357 1507/658/1357
f 1442/659/1358 1444/660/1358 1349/661/1358
f 1740/662/1359 1598/654/1359 1600/653/1359 1588/663/1359 1606/664/1359
f 1741/665/1360 1740/662/1360 1587/655/1360
f 1243/360/1361 1244/646/1361 1350/361/1361
f 1548/474/1362 1239/350/1362 1578/349/1362 1509/555/1362
f 1439/666/1363 1441/667/1363 1354/668/1363
f 1607/669/1364 1609/670/1364 1610/671/1364 1737/672/1364
f 1643/673/1365 1611/674/1365 1610/671/1365 1609/670/1365
f 1623/501/1366 1613/675/1366 1612/497/1366 1358/496/1366
f 1597/676/1367 1620/371/1367 1618/370/1367
f 1246/368/1368 1247/677/1368 1359/369/1368
f 1629/678/1369 1632/679/1369 1646/680/1369
f 1600/653/1370 1621/652/1370 1623/501/1370 1360/500/1370
f 1624/681/1371 1626/682/1371 1627/683/1371 1734/684/1371
f 1668/685/1372 1628/686/1372 1627/683/1372 1626/682/1372
f 1725/687/1373 1632/679/1373 1629/678/1373 1631/688/1373
f 1632/679/1374 1636/689/1374 1635/690/1374 1646/680/1374
f 1647/515/1375 1635/690/1375 1634/510/1375 1371/509/1375
f 1608/691/1376 1642/379/1376 1640/378/1376
f 1249/376/1377 1250/692/1377 1372/377/1377
f 1524/693/1378 1522/694/1378 1561/365/1378 1589/645/1378
f 1627/683/1379 1644/695/1379 1643/673/1379 1734/684/1379
f 1625/696/1380 1667/389/1380 1665/386/1380
f 1648/697/1381 1650/698/1381 1651/699/1381 1728/700/1381
f 1696/701/1382 1652/702/1382 1651/699/1382 1650/698/1382
f 1716/703/1383 1656/704/1383 1653/705/1383 1655/706/1383
f 1653/705/1384 1656/704/1384 1657/707/1384 1670/708/1384
f 1713/709/1385 1661/710/1385 1658/711/1385 1660/712/1385
f 1674/529/1386 1663/713/1386 1662/714/1386 1268/530/1386
f 1254/387/1387 1255/554/1387 1387/388/1387
f 1271/413/1388 1270/715/1388 1711/716/1388
f 1651/699/1389 1669/717/1389 1668/685/1389 1728/700/1389
f 1725/687/1390 1670/708/1390 1671/718/1390 1632/679/1390
f 1649/719/1391 1695/398/1391 1693/396/1391
f 1676/720/1392 1675/721/1392 1679/722/1392 1719/723/1392
f 1680/724/1393 1682/725/1393 1789/725/1393 1790/724/1393
f 1409/540/1394 1273/726/1394 1778/726/1394 1779/540/1394
f 1678/727/1395 1679/722/1395 1798/722/1395 1794/727/1395
f 1688/418/1396 1685/728/1396 1793/728/1396 1797/418/1396
f 1406/729/1397 1269/409/1397 1662/714/1397
f 1662/714/1398 1690/730/1398 1689/417/1398 1406/729/1398
f 1261/285/1399 1262/284/1399 1407/397/1399
f 1700/731/1400 1282/283/1400 1704/433/1400 1616/432/1400
f 1679/722/1401 1697/732/1401 1696/701/1401 1719/723/1401
f 1716/703/1402 1698/733/1402 1699/734/1402 1656/704/1402
f 1633/735/1403 1617/736/1403 1638/737/1403 1476/589/1403
f 1542/623/1404 1541/335/1404 1544/334/1404
f 1703/537/1405 1710/302/1405 1709/738/1405 1499/591/1405
f 1691/739/1406 1690/730/1406 1713/709/1406
f 1713/709/1406 1712/740/1406 1685/728/1406 1691/739/1406
f 1716/703/1407 1715/741/1407 1680/724/1407 1698/733/1407
f 1720/395/1408 1719/723/1408 1696/701/1408 1650/698/1408
f 1722/742/1409 1721/743/1409 1658/711/1409 1673/744/1409
f 1725/687/1410 1724/745/1410 1653/705/1410 1670/708/1410
f 1729/385/1411 1728/700/1411 1668/685/1411 1626/682/1411
f 1731/746/1412 1730/747/1412 1629/678/1412 1646/680/1412
f 1735/748/1413 1734/684/1413 1643/673/1413 1609/670/1413
f 1738/749/1414 1737/672/1414 1621/652/1414 1598/654/1414
f 1736/750/1415 1618/370/1415 1642/379/1415
f 1612/497/1416 1615/751/1416 1253/498/1416
f 1583/752/1417 1504/372/1417 1545/375/1417 1351/491/1417
f 1589/645/1418 1587/655/1418 1740/662/1418 1606/664/1418 1524/693/1418
f 1753/753/1419 1752/628/1419 1558/619/1419 1538/618/1419
f 1601/627/1420 1490/348/1420 1580/351/1420 1336/478/1420
f 1767/596/1421 1512/570/1421 1501/593/1421
f 1475/754/1422 1666/755/1422 1622/756/1422 1706/757/1422
f 1763/758/1322 1762/597/1322 1506/599/1322 1517/607/1322
f 1666/755/1423 1281/278/1423 1692/277/1423 1622/756/1423
f 1485/581/1424 1768/583/1424 1770/759/1424 1495/760/1424
f 1516/606/1425 1518/608/1425 1306/761/1425
f 1503/762/1426 1760/574/1426 1502/594/1426
f 1470/279/1427 1282/283/1427 1700/731/1427 1212/429/1427 1295/431/1427
f 1291/763/1428 1469/764/1428 1217/293/1428
f 1477/434/1424 1770/759/1424 1769/765/1424
f 1511/445/1429 1493/585/1429 1213/289/1429 1301/446/1429
f 1224/310/1430 1305/448/1430 1304/311/1430
f 1227/315/1431 1532/600/1431 1530/492/1431 1312/421/1431
f 1311/766/1432 1228/319/1432 1309/316/1432
f 1292/296/1433 1291/763/1433 1217/293/1433
f 1309/316/1434 1459/318/1434 1458/313/1434
f 1295/431/1428 1294/300/1428 1471/767/1428
f 1556/461/1435 1557/768/1435 1558/619/1435
f 1750/642/1436 1552/769/1436 1569/338/1436
f 1536/621/1437 1756/770/1437 1562/327/1437
f 1745/564/1438 1574/771/1438 1746/632/1438
f 1339/772/1439 1337/481/1439 1338/480/1439
f 1334/563/1440 1237/344/1440 1335/337/1440 1451/561/1440
f 1326/470/1441 1451/561/1441 1235/643/1441
f 1747/648/1442 1564/773/1442 1582/346/1442
f 1349/661/1443 1347/489/1443 1348/488/1443
f 1344/559/1444 1243/360/1444 1345/353/1444 1445/557/1444
f 1440/487/1445 1439/666/1445 1348/488/1445
f 1338/480/1446 1445/557/1446 1241/657/1446
f 1741/665/1447 1586/774/1447 1602/362/1447
f 1431/502/1448 1430/549/1448 1364/503/1448
f 1632/679/1449 1671/718/1449 1636/689/1449
f 1251/380/1450 1356/776/1450 1357/775/1450
f 1355/495/1451 1253/498/1451 1375/514/1451 1377/548/1451
f 1435/506/1452 1377/548/1452 1376/513/1452 1258/507/1452
f 1736/750/1453 1737/672/1453 1738/749/1453
f 1256/390/1454 1367/777/1454 1368/505/1454
f 1732/778/1455 1611/674/1455 1643/673/1455 1644/695/1455
f 1369/508/1456 1260/511/1456 1392/528/1456 1394/545/1456
f 1612/497/1457 1613/675/1457 1614/779/1457
f 1644/695/1412 1730/747/1412 1732/778/1412
f 1365/553/1458 1254/387/1458 1372/377/1458 1436/551/1458
f 1263/399/1459 1382/780/1459 1383/519/1459
f 1269/409/1460 1406/729/1460 1405/410/1460
f 1276/419/1461 1688/418/1461 1797/418/1461 1785/419/1461
f 1433/781/1294 1434/547/1294 1435/506/1294
f 1353/494/1462 1436/551/1462 1250/692/1462
f 1380/286/1463 1261/285/1463 1387/388/1463 1430/549/1463
f 1680/724/1464 1681/782/1464 1682/725/1464
f 1717/783/1465 1652/702/1465 1696/701/1465 1697/732/1465
f 1500/592/1466 1709/738/1466 1708/784/1466 1532/600/1466 1521/602/1466
f 1717/783/1407 1715/741/1407 1716/703/1407
f 1424/785/1291 1386/406/1291 1391/405/1291
f 1421/411/1467 1422/516/1467 1423/522/1467
f 1413/538/1468 1703/537/1468 1705/444/1468 1278/568/1468
f 1702/786/1469 1491/787/1469 1493/585/1469
f 1617/736/1470 1666/755/1470 1475/754/1470 1638/737/1470
f 1232/331/1471 1323/463/1471 1322/317/1471
f 1213/289/1472 1493/585/1472 1491/787/1472 1289/290/1472
f 1772/586/1473 1476/589/1473 1638/737/1473 1475/754/1473
f 1775/788/1474 1776/424/1474 1474/425/1474
f 1471/767/1428 1286/299/1428 1469/764/1428
f 1303/447/1475 1218/294/1475 1217/293/1475 1287/440/1475
f 1306/761/1476 1219/297/1476 1487/443/1476 1516/606/1476
f 1546/617/1477 1532/600/1477 1227/315/1477 1321/314/1477
f 1714/789/1406 1712/740/1406 1713/709/1406
f 1313/455/1478 1297/306/1478 1224/310/1478 1225/309/1478
f 1464/439/1305 1308/450/1305 1465/449/1305
f 1222/569/1479 1216/292/1479 1302/308/1479
f 1211/281/1480 1765/790/1480 1617/736/1480 1633/735/1480
f 1571/339/1481 1560/326/1481 1331/325/1481 1234/336/1481
f 1285/438/1482 1215/291/1482 1284/295/1482
f 1329/328/1483 1328/459/1483 1455/329/1483
f 1318/791/1484 1230/324/1484 1321/314/1484 1458/313/1484
f 1446/479/1485 1445/557/1485 1338/480/1485
f 1327/468/1486 1234/336/1486 1331/325/1486 1454/466/1486
f 1458/313/1487 1460/792/1487 1318/791/1487
f 1327/468/1488 1326/470/1488 1235/643/1488
f 1552/769/1489 1571/339/1489 1569/338/1489
f 1562/327/1490 1546/617/1490 1321/314/1490 1230/324/1490
f 1330/460/1491 1557/768/1491 1556/461/1491
f 1564/773/1492 1584/347/1492 1582/346/1492
f 1339/772/1493 1240/793/1493 1341/345/1493 1448/649/1493
f 1744/656/1494 1575/794/1494 1591/354/1494
f 1748/624/1495 1749/641/1495 1750/642/1495
f 1247/677/1496 1246/368/1496 1349/661/1496
f 1349/661/1497 1246/368/1497 1350/361/1497 1442/659/1497
f 1250/692/1498 1249/376/1498 1354/668/1498
f 1354/668/1499 1249/376/1499 1359/369/1499 1439/666/1499
f 1362/383/1500 1361/499/1500 1251/380/1500
f 1647/515/1501 1646/680/1501 1635/690/1501
f 1729/385/1502 1625/696/1502 1665/386/1502
f 1380/286/1503 1378/401/1503 1379/517/1503
f 1720/395/1504 1649/719/1504 1693/396/1504
f 1433/781/1294 1435/506/1294 1368/505/1294
f 1390/524/1505 1366/504/1505 1258/507/1505 1259/525/1505
f 1394/545/1506 1392/528/1506 1393/527/1506
f 1648/697/1507 1727/384/1507 1695/398/1507
f 1267/408/1508 1268/530/1508 1269/409/1508
f 1427/795/1292 1429/520/1292 1383/519/1292
f 1410/542/1509 1381/518/1509 1265/404/1509 1266/403/1509
f 1364/503/1510 1430/549/1510 1255/554/1510
f 1398/414/1511 1399/796/1511 1400/534/1511
f 1694/797/1512 1616/432/1512 1641/435/1512 1478/798/1512
f 1684/799/1513 1683/800/1513 1784/800/1513 1791/799/1513
f 1214/288/1514 1278/568/1514 1301/446/1514
f 1396/412/1515 1395/801/1515 1270/715/1515
f 1275/416/1516 1274/415/1516 1411/541/1516 1403/536/1516
f 1289/290/1517 1491/787/1517 1277/802/1517
f 1290/280/1518 1292/296/1518 1473/803/1518
f 1311/766/1519 1296/441/1519 1222/569/1519 1223/307/1519
f 1661/710/1520 1690/730/1520 1662/714/1520
f 1382/780/1289 1381/518/1289 1419/544/1289
f 1404/420/1460 1405/410/1460 1406/729/1460
f 1423/522/1521 1397/804/1521 1396/412/1521
f 1277/802/1522 1702/786/1522 1701/805/1522 1412/427/1522
f 1274/415/1523 1420/533/1523 1410/542/1523 1411/541/1523
f 1370/806/1291 1369/508/1291 1425/526/1291
f 1384/407/1524 1385/807/1524 1386/406/1524
f 1408/539/1289 1418/808/1289 1419/544/1289
f 1711/716/1525 1693/396/1525 1407/397/1525 1271/413/1525
f 1367/777/1292 1366/504/1292 1428/546/1292
f 1379/517/1526 1421/411/1526 1262/284/1526
f 1424/785/1291 1426/521/1291 1386/406/1291
f 1432/550/1527 1378/401/1527 1380/286/1527
f 1678/727/1528 1682/725/1528 1681/782/1528
f 1265/404/1529 1429/520/1529 1390/524/1529 1391/405/1529
f 1356/776/1294 1355/495/1294 1434/547/1294
f 1376/513/1530 1371/509/1530 1370/806/1530 1259/525/1530
f 1388/523/1292 1427/795/1292 1428/546/1292
f 1669/717/1410 1724/745/1410 1726/809/1410
f 1438/552/1531 1363/392/1531 1365/553/1531
f 1381/518/1532 1382/780/1532 1383/519/1532
f 1645/810/1533 1646/680/1533 1647/515/1533
f 1441/667/1534 1352/382/1534 1354/668/1534
f 1348/488/1535 1439/666/1535 1247/677/1535
f 1373/512/1536 1433/781/1536 1434/547/1536
f 1444/660/1537 1347/489/1537 1349/661/1537
f 1733/811/1538 1640/378/1538 1667/389/1538
f 1366/504/1454 1367/777/1454 1368/505/1454
f 1441/667/1539 1440/487/1539 1362/383/1539
f 1447/558/1540 1342/484/1540 1344/559/1540
f 1355/495/1541 1356/776/1541 1357/775/1541 1358/496/1541
f 1450/650/1542 1337/812/1542 1339/651/1542
f 1333/475/1543 1448/649/1543 1238/565/1543
f 1343/483/1544 1442/659/1544 1244/646/1544
f 1453/562/1545 1332/476/1545 1334/563/1545
f 1611/674/1546 1613/675/1546 1610/671/1546
f 1345/353/1547 1445/557/1547 1241/657/1547
f 1456/467/1548 1325/471/1548 1327/468/1548
f 1330/460/1549 1328/459/1549 1329/328/1549
f 1341/345/1550 1238/565/1550 1448/649/1550
f 1331/325/1551 1231/635/1551 1454/466/1551
f 1335/337/1552 1235/643/1552 1451/561/1552
f 1232/331/1553 1320/332/1553 1319/813/1553 1329/328/1553
f 1541/335/1554 1319/813/1554 1320/332/1554
f 1756/770/1555 1757/604/1555 1758/603/1555
f 1461/436/1556 1462/566/1556 1310/322/1556 1228/319/1556
f 1458/313/1557 1459/318/1557 1460/792/1557
f 1228/319/1558 1311/766/1558 1461/436/1558
f 1759/611/1559 1533/575/1559 1760/574/1559
f 1463/567/1305 1464/439/1305 1465/449/1305
f 1306/761/1560 1307/451/1560 1308/450/1560
f 1771/590/1473 1494/587/1473 1772/586/1473
f 1469/764/1428 1470/279/1428 1471/767/1428
f 1221/303/1561 1222/569/1561 1296/441/1561
f 1217/293/1562 1469/764/1562 1286/299/1562 1287/440/1562
f 1480/572/1563 1493/585/1563 1479/573/1563
f 1769/765/1424 1478/798/1424 1641/435/1424 1477/434/1424
f 1489/584/1564 1480/572/1564 1481/571/1564
f 1767/596/1321 1482/580/1321 1481/571/1321
f 1484/578/1322 1515/609/1322 1764/814/1322
f 1771/590/1473 1773/815/1473 1489/584/1473
f 1755/613/1565 1523/612/1565 1521/602/1565 1547/605/1565
f 1220/298/1566 1219/297/1566 1306/761/1566
f 1501/593/1567 1500/592/1567 1527/816/1567 1503/762/1567
f 1307/451/1568 1306/761/1568 1518/608/1568
f 1510/817/1325 1518/608/1325 1517/607/1325
f 1494/587/1569 1495/760/1569 1496/588/1569
f 1486/582/1570 1516/606/1570 1487/443/1570
f 1764/814/1571 1486/582/1571 1485/581/1571 1484/578/1571
f 1500/592/1572 1521/602/1572 1527/816/1572
f 1496/588/1424 1495/760/1424 1770/759/1424
f 1558/619/1573 1557/768/1573 1543/622/1573
f 1299/457/1574 1298/818/1574 1508/819/1574
f 1756/770/1575 1546/617/1575 1562/327/1575
f 1543/622/1576 1541/335/1576 1542/623/1576
f 1508/819/1577 1535/576/1577 1534/614/1577 1314/456/1577
f 1501/593/1578 1503/762/1578 1502/594/1578
f 1239/350/1579 1332/476/1579 1336/478/1579 1580/351/1579
f 1242/358/1580 1337/812/1580 1340/472/1580 1570/359/1580
f 1742/820/1581 1585/821/1581 1743/638/1581
f 1245/366/1582 1342/484/1582 1346/486/1582 1567/367/1582
f 1248/374/1583 1347/489/1583 1351/491/1583 1545/375/1583
f 1412/427/1584 1289/290/1584 1277/802/1584
f 1672/822/1585 1674/529/1585 1392/528/1585
f 1737/672/1586 1610/671/1586 1621/652/1586
f 1630/823/1587 1644/695/1587 1627/683/1587 1628/686/1587
f 1727/384/1588 1665/386/1588 1695/398/1588
f 1657/707/1589 1656/704/1589 1699/734/1589 1660/712/1589
f 1654/824/1590 1669/717/1590 1651/699/1590 1652/702/1590
f 1672/822/1591 1673/744/1591 1674/529/1591
f 1662/714/1592 1269/409/1592 1268/530/1592
f 1514/610/1321 1766/595/1321 1502/594/1321
f 1722/742/1593 1637/825/1593 1634/510/1593 1636/689/1593
f 1718/394/1594 1676/720/1594 1719/723/1594
f 1679/722/1595 1678/727/1595 1681/782/1595 1697/732/1595
f 1511/445/1596 1705/444/1596 1703/537/1596
f 1606/664/1597 1583/752/1597 1522/694/1597 1524/693/1597
f 1477/434/1598 1704/433/1598 1619/826/1598 1664/827/1598
f 1661/710/1599 1663/713/1599 1658/711/1599
f 1765/790/1600 1281/278/1600 1666/755/1600 1617/736/1600
f 1709/738/1601 1707/301/1601 1708/784/1601
f 1312/421/1602 1309/316/1602 1227/315/1602
f 1291/763/1603 1290/280/1603 1470/279/1603
f 1707/301/1604 1709/738/1604 1710/302/1604
f 1495/760/1569 1494/587/1569 1483/579/1569
f 1709/738/1605 1500/592/1605 1499/591/1605
f 1712/740/1406 1686/828/1406 1685/728/1406
f 1314/456/1606 1299/457/1606 1508/819/1606
f 1517/607/1607 1506/599/1607 1510/817/1607
f 1748/624/1608 1563/829/1608 1749/641/1608
f 1533/575/1609 1534/614/1609 1535/576/1609
f 1540/620/1610 1542/623/1610 1755/613/1610 1547/605/1610
f 1323/463/1611 1232/331/1611 1316/330/1611
f 1534/614/1612 1533/575/1612 1525/464/1612
f 1507/658/1613 1568/477/1613 1236/342/1613 1581/341/1613
f 1708/784/1614 1530/492/1614 1532/600/1614
f 1590/830/1615 1346/486/1615 1559/485/1615 1519/831/1615
f 1236/342/1616 1325/471/1616 1328/459/1616 1529/343/1616
f 1563/829/1617 1565/631/1617 1749/641/1617
f 1603/626/1618 1566/630/1618 1578/349/1618 1490/348/1618
f 1599/647/1619 1577/636/1619 1531/357/1619 1492/356/1619
f 1579/633/1620 1599/647/1620 1492/356/1620 1594/556/1620
f 1588/663/1621 1600/653/1621 1526/373/1621 1504/372/1621
f 1596/832/1622 1597/676/1622 1598/654/1622
f 1606/664/1623 1588/663/1623 1504/372/1623 1583/752/1623
f 1607/669/1624 1608/691/1624 1609/670/1624
f 1573/625/1625 1601/627/1625 1507/658/1625 1539/833/1625
f 1731/746/1626 1615/751/1626 1612/497/1626 1614/779/1626
f 1631/688/1410 1726/809/1410 1725/687/1410
f 1594/556/1627 1509/555/1627 1572/634/1627 1579/633/1627
f 1727/384/1628 1648/697/1628 1728/700/1628
f 1659/834/1409 1721/743/1409 1657/707/1409
f 1655/706/1407 1717/783/1407 1716/703/1407
f 1660/712/1406 1714/789/1406 1713/709/1406
f 1528/640/1629 1519/831/1629 1531/357/1629 1577/636/1629
f 1690/730/1406 1661/710/1406 1713/709/1406
f 1686/828/1406 1712/740/1406 1684/799/1406
f 1401/532/1630 1276/419/1630 1785/419/1630 1786/532/1630
f 1583/752/1631 1351/491/1631 1555/490/1631 1522/694/1631
f 1687/835/1632 1686/828/1632 1684/799/1632
f 1649/719/1633 1720/395/1633 1650/698/1633
f 1715/741/1407 1681/782/1407 1680/724/1407
f 1718/394/1634 1693/396/1634 1711/716/1634
f 1718/394/1635 1719/723/1635 1720/395/1635
f 1714/789/1406 1660/712/1406 1699/734/1406
f 1673/744/1636 1672/822/1636 1722/742/1636
f 1655/706/1407 1652/702/1407 1717/783/1407
f 1724/745/1410 1654/824/1410 1653/705/1410
f 1715/741/1407 1697/732/1407 1681/782/1407
f 1727/384/1637 1728/700/1637 1729/385/1637
f 1723/836/1409 1636/689/1409 1671/718/1409
f 1652/702/1638 1655/706/1638 1654/824/1638
f 1608/691/1639 1735/748/1639 1609/670/1639
f 1631/688/1410 1628/686/1410 1726/809/1410
f 1636/689/1409 1723/836/1409 1722/742/1409
f 1733/811/1640 1734/684/1640 1735/748/1640
f 1661/710/1641 1662/714/1641 1663/713/1641
f 1628/686/1642 1631/688/1642 1630/823/1642
f 1614/779/1412 1611/674/1412 1732/778/1412
f 1614/779/1412 1732/778/1412 1731/746/1412
f 1611/674/1643 1614/779/1643 1613/675/1643
f 1645/810/1644 1647/515/1644 1375/514/1644
f 1733/811/1645 1624/681/1645 1734/684/1645
f 1596/832/1646 1598/654/1646 1740/662/1646
f 1736/750/1647 1607/669/1647 1737/672/1647
f 1585/821/1648 1587/655/1648 1743/638/1648
f 1564/773/1649 1747/648/1649 1565/631/1649
f 1574/837/1650 1576/637/1650 1746/632/1650
f 1278/568/1651 1221/303/1651 1413/538/1651
f 1585/821/1652 1586/774/1652 1587/655/1652
f 1757/604/1653 1540/620/1653 1547/605/1653
f 1396/412/1654 1270/715/1654 1271/413/1654
f 1537/838/1655 1753/753/1655 1538/618/1655
f 1563/829/1656 1564/773/1656 1565/631/1656
f 1539/833/1657 1507/658/1657 1581/341/1657 1554/616/1657
f 1233/333/1658 1320/332/1658 1457/321/1658 1324/320/1658
f 1523/612/1659 1761/839/1659 1527/816/1659 1521/602/1659
f 1756/770/1660 1536/621/1660 1757/604/1660
f 1536/621/1661 1537/838/1661 1538/618/1661
f 1764/814/1322 1762/597/1322 1763/758/1322
f 1768/583/1424 1769/765/1424 1770/759/1424
f 1474/425/1662 1775/788/1662 1701/805/1662 1702/786/1662 1493/585/1662 1480/572/1662
f 1322/317/1663 1228/319/1663 1310/322/1663 1457/321/1663
f 1742/820/1664 1591/354/1664 1604/363/1664
f 1481/571/1665 1512/570/1665 1767/596/1665
f 1677/840/1666 1676/720/1666 1711/716/1666
f 1475/754/1667 1706/757/1667 1474/425/1667 1489/584/1667 1773/815/1667
f 1764/814/1322 1763/758/1322 1486/582/1322
f 1774/428/1668 1280/423/1668 1210/276/1668 1288/275/1668
f 1472/274/1518 1473/803/1518 1284/295/1518 1215/291/1518
f 1735/748/1669 1608/691/1669 1640/378/1669
f 1360/500/1670 1361/499/1670 1362/383/1670
f 1408/539/1671 1264/400/1671 1263/399/1671 1382/780/1671
f 1432/550/1672 1431/502/1672 1389/402/1672
f 1509/555/1673 1578/349/1673 1566/630/1673 1572/634/1673
f 1334/563/1674 1332/476/1674 1333/475/1674
f 1319/813/1675 1330/460/1675 1329/328/1675
f 1519/831/1676 1559/485/1676 1242/358/1676 1531/357/1676
f 1751/458/1677 1752/628/1677 1753/753/1677
f 1706/757/1678 1622/756/1678 1754/426/1678 1474/425/1678
f 1318/791/1679 1316/330/1679 1317/453/1679
f 1369/508/1680 1370/806/1680 1371/509/1680
f 1392/528/1681 1260/511/1681 1637/825/1681 1672/822/1681
f 1395/801/1515 1396/412/1515 1397/804/1515
f 1726/809/1682 1628/686/1682 1668/685/1682 1669/717/1682
f 1453/562/1683 1452/469/1683 1336/478/1683
f 1575/794/1684 1593/841/1684 1591/354/1684
f 1438/552/1685 1437/493/1685 1374/393/1685
f 1373/512/1686 1252/381/1686 1251/380/1686 1356/776/1686
f 1401/532/1687 1402/531/1687 1403/536/1687
f 1677/840/1688 1711/716/1688 1270/715/1688
f 1460/792/1689 1459/318/1689 1323/463/1689
f 1698/733/1690 1680/724/1690 1683/800/1690 1684/799/1690
f 1723/836/1409 1721/743/1409 1722/742/1409
f 1450/650/1691 1449/473/1691 1340/472/1691
f 1375/514/1692 1253/498/1692 1615/751/1692 1645/810/1692
f 1377/548/1693 1375/514/1693 1376/513/1693
f 1691/739/1520 1689/417/1520 1690/730/1520
f 1522/694/1694 1555/490/1694 1245/366/1694 1561/365/1694
f 1344/559/1695 1342/484/1695 1343/483/1695
f 1305/448/1696 1224/310/1696 1468/305/1696
f 1753/753/1697 1537/838/1697 1560/326/1697
f 1497/442/1424 1478/798/1424 1769/765/1424
f 1423/522/1698 1422/516/1698 1409/540/1698
f 1514/610/1699 1502/594/1699 1505/598/1699
f 1360/500/1700 1248/374/1700 1526/373/1700 1600/653/1700
f 1745/564/1701 1746/632/1701 1747/648/1701
f 1456/467/1702 1455/329/1702 1328/459/1702
f 1739/560/1703 1596/832/1703 1740/662/1703
f 1293/430/1704 1212/429/1704 1694/797/1704 1478/798/1704 1497/442/1704
f 1447/558/1705 1446/479/1705 1346/486/1705
f 1738/749/1706 1597/676/1706 1618/370/1706
f 1388/523/1707 1257/391/1707 1256/390/1707 1367/777/1707
f 1594/556/1708 1492/356/1708 1570/359/1708 1340/472/1708
f 1296/441/1709 1311/766/1709 1309/316/1709 1312/421/1709 1414/304/1709
f 1397/804/1710 1409/540/1710 1779/540/1710 1795/804/1710
f 1742/820/1711 1743/638/1711 1744/656/1711
f 1444/660/1712 1443/482/1712 1351/491/1712
f 1758/603/1713 1520/601/1713 1546/617/1713
f 1226/452/1714 1510/817/1714 1506/599/1714 1298/818/1714
f 1231/635/1715 1230/324/1715 1318/791/1715
f 1586/774/1716 1604/363/1716 1602/362/1716
f 1739/560/1717 1740/662/1717 1741/665/1717
f 1385/807/1288 1384/407/1288 1416/543/1288
f 1372/377/1718 1436/551/1718 1250/692/1718
f 1485/581/1719 1495/760/1719 1483/579/1719 1484/578/1719
f 1556/461/1720 1605/615/1720 1488/340/1720 1550/462/1720
f 1619/826/1721 1639/282/1721 1211/281/1721 1633/735/1721
f 1704/433/1722 1282/283/1722 1639/282/1722 1619/826/1722
f 1761/839/1723 1503/762/1723 1527/816/1723
f 1769/765/1424 1768/583/1424 1497/442/1424
f 1216/292/1724 1214/288/1724 1283/287/1724
f 1467/437/1696 1466/842/1696 1285/438/1696
f 1622/756/1725 1692/277/1725 1210/276/1725 1754/426/1725
f 1470/279/1428 1469/764/1428 1291/763/1428
f 1279/422/1726 1708/784/1726 1707/301/1726 1414/304/1726
f 1476/589/1727 1496/588/1727 1477/434/1727 1664/827/1727
f 1473/803/1518 1292/296/1518 1284/295/1518
f 1464/439/1305 1463/567/1305 1287/440/1305
f 1287/440/1305 1463/567/1305 1303/447/1305
f 1220/298/1305 1308/450/1305 1464/439/1305
f 1471/767/1428 1294/300/1428 1286/299/1428
f 1404/420/1728 1406/729/1728 1689/417/1728
f 1292/296/1433 1290/280/1433 1291/763/1433
f 1303/447/1430 1304/311/1430 1305/448/1430
f 1418/808/1289 1419/544/1289 1420/533/1289
f 1298/818/1729 1299/457/1729 1300/312/1729
f 1311/766/1730 1223/307/1730 1461/436/1730
f 1465/449/1731 1226/452/1731 1298/818/1731 1300/312/1731
f 1473/803/1518 1472/274/1518 1290/280/1518
f 1466/842/1696 1467/437/1696 1468/305/1696
f 1551/843/1732 1553/629/1732 1752/628/1732
f 1307/451/1568 1518/608/1568 1510/817/1568
f 1315/454/1733 1229/323/1733 1310/322/1733
f 1225/309/1734 1300/312/1734 1299/457/1734
f 1302/308/1696 1466/842/1696 1468/305/1696
f 1452/469/1735 1451/561/1735 1326/470/1735
f 1462/566/1736 1315/454/1736 1310/322/1736
f 1590/830/1737 1498/364/1737 1567/367/1737 1346/486/1737
f 1315/454/1738 1314/456/1738 1534/614/1738 1229/323/1738
f 1455/329/1739 1454/466/1739 1317/453/1739
f 1751/458/1740 1753/753/1740 1560/326/1740
f 1303/447/1305 1463/567/1305 1304/311/1305
f 1460/792/1741 1323/463/1741 1316/330/1741
f 1233/333/1742 1324/320/1742 1549/465/1742 1544/334/1742
f 1313/455/1743 1315/454/1743 1462/566/1743
f 1574/771/1744 1745/564/1744 1593/355/1744
f 1543/622/1745 1319/813/1745 1541/335/1745
f 1460/792/1746 1316/330/1746 1318/791/1746
f 1748/624/1747 1750/642/1747 1569/338/1747
f 1241/657/1748 1240/793/1748 1339/772/1748
f 1456/467/1749 1328/459/1749 1325/471/1749
f 1449/473/1750 1448/649/1750 1333/475/1750
f 1537/838/1751 1562/327/1751 1560/326/1751
f 1317/453/1752 1454/466/1752 1231/635/1752
f 1523/612/1753 1759/611/1753 1761/839/1753
f 1745/564/1754 1747/648/1754 1582/346/1754
f 1437/493/1755 1436/551/1755 1353/494/1755
f 1453/562/1756 1336/478/1756 1332/476/1756
f 1563/829/1757 1748/624/1757 1584/347/1757
f 1574/837/1758 1575/794/1758 1576/637/1758
f 1742/820/1759 1744/656/1759 1591/354/1759
f 1454/466/1760 1455/329/1760 1456/467/1760
f 1350/361/1761 1244/646/1761 1442/659/1761
f 1450/650/1542 1340/472/1542 1337/812/1542
f 1443/482/1762 1442/659/1762 1343/483/1762
f 1595/639/1763 1592/644/1763 1498/364/1763 1590/830/1763
f 1739/560/1764 1741/665/1764 1602/362/1764
f 1451/561/1765 1452/469/1765 1453/562/1765
f 1359/369/1766 1439/666/1766 1247/677/1766
f 1447/558/1767 1346/486/1767 1342/484/1767
f 1585/821/1768 1742/820/1768 1604/363/1768
f 1586/774/1769 1741/665/1769 1587/655/1769
f 1736/750/1770 1738/749/1770 1618/370/1770
f 1448/649/1771 1449/473/1771 1450/650/1771
f 1440/487/1772 1248/374/1772 1360/500/1772 1362/383/1772
f 1444/660/1773 1351/491/1773 1347/489/1773
f 1596/832/1774 1739/560/1774 1620/371/1774
f 1624/681/1775 1625/696/1775 1626/682/1775
f 1733/811/1776 1735/748/1776 1640/378/1776
f 1445/557/1777 1446/479/1777 1447/558/1777
f 1256/390/1778 1374/393/1778 1373/512/1778 1433/781/1778
f 1441/667/1534 1362/383/1534 1352/382/1534
f 1358/496/1779 1361/499/1779 1357/775/1779
f 1356/776/1294 1373/512/1294 1434/547/1294
f 1607/669/1780 1736/750/1780 1642/379/1780
f 1663/713/1409 1673/744/1409 1658/711/1409
f 1357/775/1781 1251/380/1781 1361/499/1781
f 1730/747/1412 1630/823/1412 1629/678/1412
f 1439/666/1782 1440/487/1782 1441/667/1782
f 1442/659/1783 1443/482/1783 1444/660/1783
f 1263/399/1784 1389/402/1784 1388/523/1784 1427/795/1784
f 1438/552/1531 1374/393/1531 1363/392/1531
f 1433/781/1294 1256/390/1294 1368/505/1294
f 1367/777/1292 1388/523/1292 1428/546/1292
f 1422/516/1785 1421/411/1785 1379/517/1785
f 1387/388/1786 1430/549/1786 1255/554/1786
f 1634/510/1787 1635/690/1787 1636/689/1787
f 1624/681/1788 1733/811/1788 1667/389/1788
f 1726/809/1410 1724/745/1410 1725/687/1410
f 1259/525/1789 1258/507/1789 1376/513/1789
f 1721/743/1409 1659/834/1409 1658/711/1409
f 1430/549/1790 1431/502/1790 1432/550/1790
f 1436/551/1791 1437/493/1791 1438/552/1791
f 1273/726/1792 1409/540/1792 1408/539/1792 1418/808/1792
f 1432/550/1793 1389/402/1793 1378/401/1793
f 1427/795/1292 1263/399/1292 1383/519/1292
f 1382/780/1289 1408/539/1289 1419/544/1289
f 1267/408/1794 1393/527/1794 1268/530/1794
f 1386/406/1524 1385/807/1524 1266/403/1524
f 1425/526/1291 1424/785/1291 1391/405/1291
f 1393/527/1291 1267/408/1291 1426/521/1291
f 1697/732/1407 1715/741/1407 1717/783/1407
f 1675/721/1795 1677/840/1795 1395/801/1795
f 1676/720/1796 1718/394/1796 1711/716/1796
f 1423/522/1797 1409/540/1797 1397/804/1797
f 1418/808/1289 1273/726/1289 1400/534/1289
f 1418/808/1289 1420/533/1289 1400/534/1289
f 1399/796/1798 1398/414/1798 1783/414/1798 1782/796/1798
f 1404/420/1799 1276/419/1799 1417/535/1799
f 1416/543/1288 1415/844/1288 1411/541/1288
f 1415/844/1288 1403/536/1288 1411/541/1288
f 1415/844/1288 1417/535/1288 1403/536/1288
f 1685/728/1632 1686/828/1632 1687/835/1632
f 1530/492/1800 1708/784/1800 1279/422/1800
f 1491/787/1801 1702/786/1801 1277/802/1801
f 1427/795/1292 1428/546/1292 1429/520/1292
f 1214/288/1802 1216/292/1802 1222/569/1802 1221/303/1802 1278/568/1802
f 1770/759/1424 1477/434/1424 1496/588/1424
f 1415/844/1288 1416/543/1288 1417/535/1288
f 1489/584/1803 1481/571/1803 1482/580/1803 1771/590/1803
f 1330/460/1804 1319/813/1804 1543/622/1804 1557/768/1804
f 1370/806/1291 1425/526/1291 1259/525/1291
f 1385/807/1288 1416/543/1288 1266/403/1288
f 1208/845/1805 1209/845/1805 1701/805/1805 1412/427/1805
f 1767/596/1321 1766/595/1321 1482/580/1321
f 1471/767/1428 1470/279/1428 1295/431/1428
f 1515/609/1806 1484/578/1806 1513/577/1806
f 1494/587/1473 1771/590/1473 1483/579/1473
f 1482/580/1321 1766/595/1321 1513/577/1321
f 1774/428/1807 1776/424/1807 1280/423/1807
f 1517/607/1322 1516/606/1322 1763/758/1322
f 1558/619/1808 1752/628/1808 1556/461/1808
f 1486/582/1322 1763/758/1322 1516/606/1322
f 1664/827/1809 1619/826/1809 1633/735/1809 1476/589/1809
f 1503/762/1810 1761/839/1810 1760/574/1810
f 1506/599/1811 1508/819/1811 1298/818/1811
f 1771/590/1473 1772/586/1473 1773/815/1473
f 1513/577/1806 1514/610/1806 1515/609/1806
f 1512/570/1812 1479/573/1812 1511/445/1812 1703/537/1812 1499/591/1812
f 1514/610/1321 1513/577/1321 1766/595/1321
f 1535/576/1813 1508/819/1813 1506/599/1813 1505/598/1813
f 1533/575/1814 1759/611/1814 1525/464/1814
f 1759/611/1815 1760/574/1815 1761/839/1815
f 1551/843/1816 1552/769/1816 1553/629/1816
f 1551/843/1817 1751/458/1817 1571/339/1817
f 1751/458/1818 1551/843/1818 1752/628/1818
f 1537/838/1819 1536/621/1819 1562/327/1819
f 1552/769/1820 1551/843/1820 1571/339/1820
f 1564/773/1821 1563/829/1821 1584/347/1821
f 1575/794/1822 1574/837/1822 1593/841/1822
f 1646/680/1412 1645/810/1412 1731/746/1412
f 1586/774/1823 1585/821/1823 1604/363/1823
f 1595/639/1824 1590/830/1824 1519/831/1824 1528/640/1824
f 1613/675/1825 1623/501/1825 1621/652/1825 1610/671/1825
f 1597/676/1826 1596/832/1826 1620/371/1826
f 1648/697/1827 1649/719/1827 1650/698/1827
f 1645/810/1828 1615/751/1828 1731/746/1828
f 1671/718/1829 1670/708/1829 1657/707/1829 1721/743/1829
f 1730/747/1412 1644/695/1412 1630/823/1412
f 1608/691/1830 1607/669/1830 1642/379/1830
f 1721/743/1409 1723/836/1409 1671/718/1409
f 1629/678/1642 1630/823/1642 1631/688/1642
f 1634/510/1831 1637/825/1831 1260/511/1831
f 1597/676/1832 1738/749/1832 1598/654/1832
f 1672/822/1833 1637/825/1833 1722/742/1833
f 1699/734/1834 1698/733/1834 1684/799/1834 1712/740/1834
f 1724/745/1410 1669/717/1410 1654/824/1410
f 1625/696/1835 1624/681/1835 1667/389/1835
f 1712/740/1406 1714/789/1406 1699/734/1406
f 1653/705/1638 1654/824/1638 1655/706/1638
f 1660/712/1599 1659/834/1599 1657/707/1599
f 1732/778/1412 1730/747/1412 1731/746/1412
f 1658/711/1599 1659/834/1599 1660/712/1599
f 1677/840/1836 1675/721/1836 1676/720/1836
f 1625/696/1837 1729/385/1837 1626/682/1837
f 1674/529/1838 1673/744/1838 1663/713/1838
f 1649/719/1839 1648/697/1839 1695/398/1839
f 1675/721/1840 1395/801/1840 1796/801/1840 1787/721/1840
f 1685/728/1841 1688/418/1841 1689/417/1841 1691/739/1841
f 1212/429/1842 1700/731/1842 1616/432/1842 1694/797/1842
f 1307/451/1843 1510/817/1843 1226/452/1843
f 1472/274/1844 1281/278/1844 1765/790/1844 1211/281/1844 1290/280/1844
f 1475/754/1473 1773/815/1473 1772/586/1473
f 1762/597/1322 1764/814/1322 1515/609/1322
f 1535/576/1845 1505/598/1845 1502/594/1845 1760/574/1845
f 1270/715/1846 1395/801/1846 1677/840/1846
f 1468/305/1696 1467/437/1696 1305/448/1696
f 1308/450/1560 1220/298/1560 1306/761/1560
f 1756/770/1847 1758/603/1847 1546/617/1847
f 1466/842/1848 1302/308/1848 1216/292/1848 1285/438/1848
f 1554/616/1849 1553/629/1849 1749/641/1849 1573/625/1849 1539/833/1849
f 1327/468/1850 1325/471/1850 1326/470/1850
f 1318/791/1851 1317/453/1851 1231/635/1851
f 1235/643/1852 1234/336/1852 1327/468/1852
f 1552/769/1853 1750/642/1853 1553/629/1853
f 1334/563/1854 1333/475/1854 1238/565/1854
f 1339/772/1855 1338/480/1855 1241/657/1855
f 1575/794/1856 1744/656/1856 1576/637/1856
f 1344/559/1857 1343/483/1857 1244/646/1857
f 1354/668/1858 1352/382/1858 1353/494/1858
f 1349/661/1859 1348/488/1859 1247/677/1859
f 1365/553/1860 1363/392/1860 1364/503/1860
f 1354/668/1861 1353/494/1861 1250/692/1861
f 1365/553/1862 1364/503/1862 1255/554/1862
f 1380/286/1863 1379/517/1863 1262/284/1863
f 1424/785/1291 1425/526/1291 1426/521/1291
f 1394/545/1291 1393/527/1291 1426/521/1291
f 1273/726/1511 1399/796/1511 1400/534/1511
f 1403/536/1864 1402/531/1864 1275/416/1864
f 1778/726/1865 1777/846/1865 1795/804/1865 1779/540/1865
f 1784/800/1866 1790/724/1866 1807/724/1866 1801/800/1866
f 1787/721/1867 1796/801/1867 1795/804/1867 1777/846/1867
f 1794/727/1868 1798/722/1868 1787/721/1868 1777/846/1868
f 1790/724/1869 1789/725/1869 1806/725/1869 1807/724/1869
f 1783/414/1870 1781/415/1870 1799/415/1870 1800/414/1870
f 1780/416/1871 1788/531/1871 1805/531/1871 1272/416/1871
f 1782/796/1872 1794/727/1872 1777/846/1872 1778/726/1872
f 1789/725/1873 1794/727/1873 1811/727/1873 1806/725/1873
f 1788/531/1871 1786/532/1871 1803/532/1871 1805/531/1871
f 1797/418/1874 1793/728/1874 1810/728/1874 1812/418/1874
f 1782/796/1875 1783/414/1875 1800/414/1875 1804/796/1875
f 1791/799/1876 1784/800/1876 1801/800/1876 1808/799/1876
f 1275/416/1877 1402/531/1877 1788/531/1877 1780/416/1877
f 1687/835/1878 1684/799/1878 1791/799/1878 1792/835/1878
f 1273/726/1879 1399/796/1879 1782/796/1879 1778/726/1879
f 1679/722/1880 1675/721/1880 1787/721/1880 1798/722/1880
f 1682/725/1881 1678/727/1881 1794/727/1881 1789/725/1881
f 1395/801/1882 1397/804/1882 1795/804/1882 1796/801/1882
f 1683/800/1883 1680/724/1883 1790/724/1883 1784/800/1883
f 1685/728/1884 1687/835/1884 1792/835/1884 1793/728/1884
f 1799/415/1885 1272/416/1885 1801/800/1885 1800/414/1885
f 1801/800/1886 1807/724/1886 1806/725/1886 1800/414/1886
f 1809/835/1887 1808/799/1887 1801/800/1887 1272/416/1887
f 1812/418/1888 1810/728/1888 1809/835/1888 1803/532/1888
f 1272/416/1889 1809/835/1889 1805/531/1889
f 1804/796/1890 1800/414/1890 1806/725/1890
f 1803/532/1891 1802/419/1891 1812/418/1891
f 1804/796/1892 1806/725/1892 1811/727/1892
f 1805/531/1889 1809/835/1889 1803/532/1889
f 1781/415/1893 1780/416/1893 1272/416/1893 1799/415/1893
f 1792/835/1894 1791/799/1894 1808/799/1894 1809/835/1894
f 1785/419/1895 1797/418/1895 1812/418/1895 1802/419/1895
f 1793/728/1896 1792/835/1896 1809/835/1896 1810/728/1896
f 1794/727/1897 1782/796/1897 1804/796/1897 1811/727/1897
f 1786/532/1898 1785/419/1898 1802/419/1898 1803/532/1898
o left_antler
v 0.116286 0.967653 0.069538
v 0.122661 1.002297 0.150148
v 0.108381 0.970999 0.068725
v 0.114755 1.005642 0.149336
v 0.099967 0.972878 0.068583
v 0.106341 1.007522 0.149193
v 0.091367 0.973220 0.069116
v 0.097742 1.007863 0.149727
v 0.082913 0.972009 0.070305
v 0.089288 1.006653 0.150916
v 0.074929 0.969294 0.072103
v 0.081303 1.003938 0.152714
v 0.067722 0.965178 0.074441
v 0.074096 0.999822 0.155052
v 0.061569 0.959820 0.077231
v 0.067943 0.994464 0.157842
v 0.056706 0.953426 0.080363
v 0.063080 0.988069 0.160974
v 0.053320 0.946241 0.083719
v 0.059695 0.980884 0.164330
v 0.051542 0.938541 0.087169
v 0.057916 0.973184 0.167780
v 0.051439 0.930622 0.090580
v 0.057814 0.965266 0.171191
v 0.053016 0.922789 0.093822
v 0.059391 0.957433 0.174433
v 0.056213 0.915343 0.096769
v 0.062587 0.949986 0.177380
v 0.060905 0.908569 0.099309
v 0.067279 0.943213 0.179920
v 0.066913 0.902729 0.101344
v 0.073288 0.937372 0.181955
v 0.074006 0.898046 0.102796
v 0.080381 0.932689 0.183406
v 0.081912 0.894700 0.103608
v 0.088286 0.929344 0.184219
v 0.090326 0.892821 0.103751
v 0.096700 0.927464 0.184361
v 0.098925 0.892480 0.103217
v 0.105300 0.927123 0.183828
v 0.107379 0.893690 0.102028
v 0.113754 0.928333 0.182639
v 0.115364 0.896405 0.100230
v 0.121738 0.931049 0.180841
v 0.122571 0.900521 0.097892
v 0.128945 0.935164 0.178503
v 0.128724 0.905879 0.095102
v 0.135098 0.940522 0.175713
v 0.133587 0.912273 0.091970
v 0.139961 0.946917 0.172581
v 0.136972 0.919459 0.088614
v 0.143347 0.954102 0.169225
v 0.138751 0.927158 0.085164
v 0.145125 0.961802 0.165775
v 0.138853 0.935077 0.081753
v 0.145228 0.969720 0.162364
v 0.137276 0.942910 0.078511
v 0.143651 0.977553 0.159122
v 0.134080 0.950356 0.075564
v 0.140454 0.985000 0.156175
v 0.129388 0.957130 0.073024
v 0.135762 0.991773 0.153635
v 0.123379 0.962970 0.070989
v 0.129754 0.997614 0.151600
v 0.124282 1.035325 0.191479
v 0.132125 1.031782 0.192000
v 0.116050 1.037790 0.192201
v 0.107748 1.039081 0.194137
v 0.099693 1.039150 0.197214
v 0.092196 1.037993 0.201313
v 0.085544 1.035655 0.206277
v 0.079993 1.032226 0.211915
v 0.075757 1.027837 0.218009
v 0.072998 1.022658 0.224327
v 0.071822 1.016887 0.230625
v 0.072275 1.010746 0.236661
v 0.074339 1.004472 0.242204
v 0.077934 0.998304 0.247039
v 0.082923 0.992481 0.250982
v 0.089114 0.987225 0.253881
v 0.096269 0.982740 0.255625
v 0.104113 0.979197 0.256146
v 0.112344 0.976732 0.255424
v 0.120647 0.975441 0.253488
v 0.128702 0.975372 0.250411
v 0.136199 0.976529 0.246312
v 0.142851 0.978867 0.241348
v 0.148402 0.982296 0.235710
v 0.152638 0.986685 0.229616
v 0.155397 0.991864 0.223298
v 0.156573 0.997635 0.217000
v 0.156120 1.003776 0.210964
v 0.154056 1.010050 0.205421
v 0.150460 1.016218 0.200586
v 0.145471 1.022041 0.196642
v 0.139280 1.027297 0.193744
v 0.140535 1.084474 0.208102
v 0.148190 1.080671 0.206964
v 0.133358 1.088380 0.210857
v 0.126936 1.092239 0.215124
v 0.121515 1.095903 0.220740
v 0.117302 1.099231 0.227488
v 0.114462 1.102095 0.235108
v 0.113101 1.104386 0.243309
v 0.113273 1.106015 0.251775
v 0.114971 1.106919 0.260180
v 0.118130 1.107064 0.268202
v 0.122628 1.106444 0.275532
v 0.128293 1.105083 0.281889
v 0.134907 1.103034 0.287028
v 0.142215 1.100375 0.290752
v 0.149937 1.097208 0.292918
v 0.157776 1.093655 0.293442
v 0.165431 1.089852 0.292305
v 0.172608 1.085946 0.289549
v 0.179030 1.082087 0.285282
v 0.184451 1.078423 0.279666
v 0.188663 1.075095 0.272919
v 0.191504 1.072230 0.265298
v 0.192865 1.069940 0.257097
v 0.192693 1.068311 0.248632
v 0.190995 1.067407 0.240226
v 0.187836 1.067262 0.232204
v 0.183338 1.067881 0.224874
v 0.177673 1.069242 0.218517
v 0.171059 1.071292 0.213378
v 0.163751 1.073951 0.209654
v 0.156029 1.077118 0.207488
v 0.177095 1.170249 0.204982
v 0.182808 1.166881 0.203010
v 0.172168 1.174094 0.207951
v 0.168217 1.178269 0.211803
v 0.165394 1.182612 0.216389
v 0.163806 1.186957 0.221534
v 0.163515 1.191138 0.227040
v 0.164533 1.194992 0.232696
v 0.166820 1.198373 0.238283
v 0.170288 1.201150 0.243587
v 0.174803 1.203216 0.248405
v 0.180194 1.204493 0.252551
v 0.186251 1.204930 0.255866
v 0.192743 1.204512 0.258222
v 0.199421 1.203254 0.259529
v 0.206026 1.201205 0.259737
v 0.212306 1.198444 0.258838
v 0.218019 1.195076 0.256866
v 0.222946 1.191230 0.253897
v 0.226897 1.187056 0.250045
v 0.229721 1.182713 0.245459
v 0.231309 1.178367 0.240314
v 0.231599 1.174187 0.234808
v 0.230582 1.170333 0.229153
v 0.228295 1.166952 0.223565
v 0.224827 1.164175 0.218261
v 0.220311 1.162109 0.213443
v 0.214921 1.160832 0.209297
v 0.208863 1.160394 0.205982
v 0.202371 1.160812 0.203626
v 0.195694 1.162070 0.202319
v 0.189088 1.164119 0.202111
v 0.213065 1.231779 0.192612
v 0.213372 1.231599 0.192507
v 0.212801 1.231986 0.192772
v 0.212589 1.232210 0.192979
v 0.212437 1.232443 0.193225
v 0.212352 1.232676 0.193501
v 0.212336 1.232901 0.193796
v 0.212391 1.233107 0.194100
v 0.212514 1.233289 0.194400
v 0.212700 1.233438 0.194685
v 0.212942 1.233549 0.194943
v 0.213231 1.233617 0.195166
v 0.213557 1.233641 0.195344
v 0.213905 1.233618 0.195470
v 0.214263 1.233551 0.195540
v 0.214618 1.233441 0.195551
v 0.214955 1.233293 0.195503
v 0.215262 1.233112 0.195397
v 0.215526 1.232906 0.195238
v 0.215738 1.232682 0.195031
v 0.215890 1.232448 0.194785
v 0.215975 1.232215 0.194509
v 0.215990 1.231991 0.194213
v 0.215936 1.231784 0.193910
v 0.215813 1.231602 0.193610
v 0.215627 1.231453 0.193325
v 0.215385 1.231343 0.193067
v 0.215095 1.231274 0.192844
v 0.214770 1.231251 0.192666
v 0.214422 1.231273 0.192540
v 0.214063 1.231340 0.192470
v 0.213709 1.231450 0.192458
vn 0.3926 0.8333 -0.3892
vn 0.2062 0.8930 -0.4001
vn 0.0119 0.9183 -0.3956
vn -0.1829 0.9084 -0.3759
vn -0.3707 0.8636 -0.3418
vn -0.5442 0.7856 -0.2946
vn -0.6968 0.6773 -0.2360
vn -0.8226 0.5431 -0.1684
vn -0.9168 0.3880 -0.0942
vn -0.9758 0.2180 -0.0165
vn -0.9973 0.0396 0.0619
vn -0.9805 -0.1404 0.1379
vn -0.9259 -0.3149 0.2085
vn -0.8358 -0.4773 0.2712
vn -0.7136 -0.6214 0.3235
vn -0.5640 -0.7416 0.3633
vn -0.3926 -0.8333 0.3892
vn -0.2062 -0.8930 0.4001
vn -0.0119 -0.9183 0.3956
vn 0.1829 -0.9084 0.3759
vn 0.3707 -0.8636 0.3418
vn 0.5442 -0.7856 0.2946
vn 0.6968 -0.6773 0.2360
vn 0.8226 -0.5431 0.1684
vn 0.9168 -0.3880 0.0942
vn 0.9758 -0.2180 0.0165
vn 0.9973 -0.0396 -0.0619
vn 0.9805 0.1404 -0.1379
vn 0.9259 0.3149 -0.2085
vn 0.8358 0.4773 -0.2712
vn 0.0038 -0.8221 0.5693
vn 0.7136 0.6214 -0.3235
vn 0.5640 0.7416 -0.3633
vn -0.0725 -0.3938 -0.9163
vn 0.7673 -0.1817 -0.6150
vn 0.9594 0.0790 -0.2707
vn -0.5501 0.7369 -0.3928
vn -0.6820 -0.5221 0.5121
vn 0.8242 -0.5338 0.1890
vn 0.1839 0.7837 -0.5933
vn -0.9837 0.0829 0.1598
vn 0.1940 -0.8255 0.5300
vn 0.8986 0.2374 -0.3689
vn -0.7008 0.6486 -0.2970
vn -0.5339 -0.6354 0.5578
vn 0.9148 -0.3971 0.0735
vn -0.0049 0.8185 -0.5746
vn -0.9600 -0.0809 0.2680
vn 0.3785 -0.7973 0.4701
vn 0.8043 0.3853 -0.4524
vn -0.8242 0.5338 -0.1890
vn -0.3665 -0.7250 0.5831
vn 0.9685 -0.2449 -0.0450
vn -0.1949 0.8227 -0.5340
vn -0.8995 -0.2401 0.3649
vn 0.5498 -0.7379 0.3913
vn 0.6806 0.5178 -0.5183
vn -0.9148 0.3971 -0.0736
vn -0.1852 -0.7881 0.5871
vn 0.9833 -0.0839 -0.1613
vn -0.3791 0.7955 -0.4728
vn -0.8055 -0.3889 0.4471
vn 0.7007 -0.6490 0.2964
vn 0.3650 0.7203 -0.5899
vn 0.5324 0.6307 -0.5646
vn -0.9686 0.2445 0.0444
vn -0.6653 0.5112 0.5440
vn -0.3981 -0.1100 0.9107
vn -0.0651 0.3522 -0.9337
vn 0.6599 -0.0862 -0.7464
vn -0.2473 -0.1934 0.9494
vn -0.2256 0.4160 -0.8809
vn 0.5339 0.0099 -0.8455
vn -0.0899 -0.2702 0.9586
vn -0.3847 0.4662 -0.7966
vn 0.3952 0.1040 -0.9127
vn 0.0714 -0.3393 0.9380
vn -0.5369 0.4998 -0.6796
vn 0.2475 0.1938 -0.9493
vn 0.2339 -0.3993 0.8865
vn -0.6744 0.5138 -0.5302
vn 0.3937 -0.4480 0.8027
vn -0.7878 0.5055 -0.3519
vn 0.5454 -0.4826 0.6853
vn -0.8675 0.4736 -0.1524
vn 0.6813 -0.4998 0.5348
vn -0.9061 0.4192 0.0564
vn 0.7922 -0.4964 0.3548
vn -0.9011 0.3463 0.2608
vn 0.8690 -0.4705 0.1534
vn -0.8551 0.2603 0.4484
vn 0.9046 -0.4223 -0.0574
vn -0.7743 0.1672 0.6103
vn 0.8970 -0.3548 -0.2636
vn -0.6667 0.0723 0.7419
vn 0.8490 -0.2728 -0.4525
vn -0.5393 -0.0209 0.8419
vn 0.0934 0.2773 -0.9562
vn 0.0817 0.8933 0.4419
vn 0.8961 -0.3754 -0.2369
vn -0.5341 0.4835 0.6935
vn 0.8226 -0.3754 -0.4270
vn -0.3817 0.4408 0.8124
vn 0.7183 -0.3545 -0.5986
vn -0.2151 0.3848 0.8976
vn -0.2038 0.0441 -0.9780
vn 0.5892 -0.3146 -0.7442
vn -0.0413 0.3176 0.9473
vn -0.3578 0.1247 -0.9254
vn 0.4423 -0.2589 -0.8587
vn 0.1335 0.2413 0.9612
vn -0.5011 0.2032 -0.8412
vn 0.2843 -0.1916 -0.9394
vn 0.3036 0.1585 0.9395
vn -0.6288 0.2778 -0.7262
vn 0.1209 -0.1165 -0.9858
vn 0.4636 0.0716 0.8832
vn -0.7354 0.3466 -0.5823
vn -0.0431 -0.0370 -0.9984
vn 0.6083 -0.0166 0.7936
vn -0.8145 0.4075 -0.4130
vn 0.7326 -0.1028 0.6728
vn -0.8603 0.4579 -0.2243
vn 0.8317 -0.1836 0.5240
vn -0.8685 0.4951 -0.0245
vn 0.9007 -0.2550 0.3517
vn -0.8375 0.5171 0.1767
vn 0.9358 -0.3131 0.1620
vn -0.7684 0.5226 0.3693
vn 0.9344 -0.3541 -0.0373
vn 0.2588 0.7759 -0.5754
vn -0.3260 0.0005 -0.9454
vn 0.4814 -0.2005 -0.8533
vn 0.2496 0.8515 0.4611
vn -0.4605 0.0917 -0.8829
vn 0.3228 -0.2007 -0.9249
vn 0.4125 0.7907 0.4523
vn -0.5727 0.1931 -0.7967
vn 0.1563 -0.1796 -0.9712
vn 0.5641 0.7132 0.4160
vn -0.6583 0.3007 -0.6901
vn -0.0115 -0.1378 -0.9904
vn 0.6986 0.6221 0.3536
vn -0.7141 0.4105 -0.5671
vn -0.1744 -0.0770 -0.9817
vn 0.8108 0.5207 0.2674
vn -0.7378 0.5183 -0.4324
vn 0.8964 0.4131 0.1607
vn -0.7286 0.6198 -0.2914
vn 0.9522 0.3032 0.0377
vn -0.6869 0.7113 -0.1493
vn 0.9759 0.1955 -0.0969
vn -0.6141 0.7891 -0.0116
vn 0.9667 0.0939 -0.2380
vn -0.5132 0.8503 0.1163
vn 0.9250 0.0025 -0.3801
vn -0.3880 0.8926 0.2296
vn 0.8522 -0.0754 -0.5177
vn -0.2433 0.9143 0.3239
vn 0.7513 -0.1366 -0.6457
vn -0.0847 0.9145 0.3956
vn 0.6261 -0.1788 -0.7590
vt 1.000000 0.500000
vt 1.000000 1.000000
vt 0.968750 1.000000
vt 0.968750 0.500000
vt 0.937500 1.000000
vt 0.937500 0.500000
vt 0.906250 1.000000
vt 0.906250 0.500000
vt 0.875000 1.000000
vt 0.875000 0.500000
vt 0.843750 1.000000
vt 0.843750 0.500000
vt 0.812500 1.000000
vt 0.812500 0.500000
vt 0.781250 1.000000
vt 0.781250 0.500000
vt 0.750000 1.000000
vt 0.750000 0.500000
vt 0.718750 1.000000
vt 0.718750 0.500000
vt 0.687500 1.000000
vt 0.687500 0.500000
vt 0.656250 1.000000
vt 0.656250 0.500000
vt 0.625000 1.000000
vt 0.625000 0.500000
vt 0.593750 1.000000
vt 0.593750 0.500000
vt 0.562500 1.000000
vt 0.562500 0.500000
vt 0.531250 1.000000
vt 0.531250 0.500000
vt 0.500000 1.000000
vt 0.500000 0.500000
vt 0.468750 1.000000
vt 0.468750 0.500000
vt 0.437500 1.000000
vt 0.437500 0.500000
vt 0.406250 1.000000
vt 0.406250 0.500000
vt 0.375000 1.000000
vt 0.375000 0.500000
vt 0.343750 1.000000
vt 0.343750 0.500000
vt 0.312500 1.000000
vt 0.312500 0.500000
vt 0.281250 1.000000
vt 0.281250 0.500000
vt 0.250000 1.000000
vt 0.250000 0.500000
vt 0.218750 1.000000
vt 0.218750 0.500000
vt 0.187500 1.000000
vt 0.187500 0.500000
vt 0.156250 1.000000
vt 0.156250 0.500000
vt 0.125000 1.000000
vt 0.125000 0.500000
vt 0.093750 1.000000
vt 0.093750 0.500000
vt 0.062500 1.000000
vt 0.062500 0.500000
vt 0.031250 1.000000
vt 0.031250 0.500000
vt 0.000000 1.000000
vt 0.000000 0.500000
vt 0.750000 0.490000
vt 0.796822 0.485388
vt 0.841844 0.471731
vt 0.883337 0.449553
vt 0.919706 0.419706
vt 0.949553 0.383337
vt 0.971731 0.341844
vt 0.985388 0.296822
vt 0.990000 0.250000
vt 0.985388 0.203178
vt 0.971731 0.158156
vt 0.949553 0.116663
vt 0.919706 0.080294
vt 0.883337 0.050447
vt 0.841844 0.028269
vt 0.796822 0.014612
vt 0.750000 0.010000
vt 0.703178 0.014612
vt 0.658156 0.028269
vt 0.616663 0.050447
vt 0.580294 0.080294
vt 0.550447 0.116663
vt 0.528269 0.158156
vt 0.514612 0.203178
vt 0.510000 0.250000
vt 0.514612 0.296822
vt 0.528269 0.341844
vt 0.550447 0.383337
vt 0.580294 0.419706
vt 0.616663 0.449553
vt 0.658156 0.471731
vt 0.703178 0.485388
vt 0.296822 0.485388
vt 0.250000 0.490000
vt 0.203178 0.485388
vt 0.158156 0.471731
vt 0.116663 0.449553
vt 0.080294 0.419706
vt 0.050447 0.383337
vt 0.028269 0.341844
vt 0.014612 0.296822
vt 0.010000 0.250000
vt 0.014612 0.203178
vt 0.028269 0.158156
vt 0.050447 0.116663
vt 0.080294 0.080294
vt 0.116663 0.050447
vt 0.158156 0.028269
vt 0.203178 0.014612
vt 0.250000 0.010000
vt 0.296822 0.014612
vt 0.341844 0.028269
vt 0.383337 0.050447
vt 0.419706 0.080294
vt 0.449553 0.116663
vt 0.471731 0.158156
vt 0.485388 0.203178
vt 0.490000 0.250000
vt 0.485388 0.296822
vt 0.471731 0.341844
vt 0.449553 0.383337
vt 0.419706 0.419706
vt 0.383337 0.449553
vt 0.341844 0.471731
s 0
usemtl Material.002
f 1813/847/1899 1815/850/1899 1816/849/1899 1814/848/1899
f 1815/850/1900 1817/852/1900 1818/851/1900 1816/849/1900
f 1817/852/1901 1819/854/1901 1820/853/1901 1818/851/1901
f 1819/854/1902 1821/856/1902 1822/855/1902 1820/853/1902
f 1821/856/1903 1823/858/1903 1824/857/1903 1822/855/1903
f 1823/858/1904 1825/860/1904 1826/859/1904 1824/857/1904
f 1825/860/1905 1827/862/1905 1828/861/1905 1826/859/1905
f 1827/862/1906 1829/864/1906 1830/863/1906 1828/861/1906
f 1829/864/1907 1831/866/1907 1832/865/1907 1830/863/1907
f 1831/866/1908 1833/868/1908 1834/867/1908 1832/865/1908
f 1833/868/1909 1835/870/1909 1836/869/1909 1834/867/1909
f 1835/870/1910 1837/872/1910 1838/871/1910 1836/869/1910
f 1837/872/1911 1839/874/1911 1840/873/1911 1838/871/1911
f 1839/874/1912 1841/876/1912 1842/875/1912 1840/873/1912
f 1841/876/1913 1843/878/1913 1844/877/1913 1842/875/1913
f 1843/878/1914 1845/880/1914 1846/879/1914 1844/877/1914
f 1845/880/1915 1847/882/1915 1848/881/1915 1846/879/1915
f 1847/882/1916 1849/884/1916 1850/883/1916 1848/881/1916
f 1849/884/1917 1851/886/1917 1852/885/1917 1850/883/1917
f 1851/886/1918 1853/888/1918 1854/887/1918 1852/885/1918
f 1853/888/1919 1855/890/1919 1856/889/1919 1854/887/1919
f 1855/890/1920 1857/892/1920 1858/891/1920 1856/889/1920
f 1857/892/1921 1859/894/1921 1860/893/1921 1858/891/1921
f 1859/894/1922 1861/896/1922 1862/895/1922 1860/893/1922
f 1861/896/1923 1863/898/1923 1864/897/1923 1862/895/1923
f 1863/898/1924 1865/900/1924 1866/899/1924 1864/897/1924
f 1865/900/1925 1867/902/1925 1868/901/1925 1866/899/1925
f 1867/902/1926 1869/904/1926 1870/903/1926 1868/901/1926
f 1869/904/1927 1871/906/1927 1872/905/1927 1870/903/1927
f 1871/906/1928 1873/908/1928 1874/907/1928 1872/905/1928
f 1852/885/1929 1896/885/1929 1895/883/1929 1850/883/1929
f 1873/908/1930 1875/910/1930 1876/909/1930 1874/907/1930
f 1875/910/1931 1813/912/1931 1814/911/1931 1876/909/1931
f 1813/913/1932 1875/944/1932 1873/943/1932 1871/942/1932 1869/941/1932 1867/940/1932 1865/939/1932 1863/938/1932 1861/937/1932 1859/936/1932 1857/935/1932 1855/934/1932 1853/933/1932 1851/932/1932 1849/931/1932 1847/930/1932 1845/929/1932 1843/928/1932 1841/927/1932 1839/926/1932 1837/925/1932 1835/924/1932 1833/923/1932 1831/922/1932 1829/921/1932 1827/920/1932 1825/919/1932 1823/918/1932 1821/917/1932 1819/916/1932 1817/915/1932 1815/914/1932
f 1905/903/1933 1937/903/1933 1936/901/1933 1904/901/1933
f 1870/903/1934 1905/903/1934 1904/901/1934 1868/901/1934
f 1826/859/1935 1883/859/1935 1882/857/1935 1824/857/1935
f 1844/877/1936 1892/877/1936 1891/875/1936 1842/875/1936
f 1862/895/1937 1901/895/1937 1900/893/1937 1860/893/1937
f 1818/851/1938 1879/851/1938 1877/849/1938 1816/849/1938
f 1836/869/1939 1888/869/1939 1887/867/1939 1834/867/1939
f 1854/887/1940 1897/887/1940 1896/885/1940 1852/885/1940
f 1872/905/1941 1906/905/1941 1905/903/1941 1870/903/1941
f 1828/861/1942 1884/861/1942 1883/859/1942 1826/859/1942
f 1846/879/1943 1893/879/1943 1892/877/1943 1844/877/1943
f 1864/897/1944 1902/897/1944 1901/895/1944 1862/895/1944
f 1820/853/1945 1880/853/1945 1879/851/1945 1818/851/1945
f 1838/871/1946 1889/871/1946 1888/869/1946 1836/869/1946
f 1856/889/1947 1898/889/1947 1897/887/1947 1854/887/1947
f 1874/907/1948 1907/907/1948 1906/905/1948 1872/905/1948
f 1830/863/1949 1885/863/1949 1884/861/1949 1828/861/1949
f 1848/881/1950 1894/881/1950 1893/879/1950 1846/879/1950
f 1866/899/1951 1903/899/1951 1902/897/1951 1864/897/1951
f 1822/855/1952 1881/855/1952 1880/853/1952 1820/853/1952
f 1840/873/1953 1890/873/1953 1889/871/1953 1838/871/1953
f 1858/891/1954 1899/891/1954 1898/889/1954 1856/889/1954
f 1876/909/1955 1908/909/1955 1907/907/1955 1874/907/1955
f 1832/865/1956 1886/865/1956 1885/863/1956 1830/863/1956
f 1850/883/1957 1895/883/1957 1894/881/1957 1848/881/1957
f 1868/901/1958 1904/901/1958 1903/899/1958 1866/899/1958
f 1824/857/1959 1882/857/1959 1881/855/1959 1822/855/1959
f 1842/875/1960 1891/875/1960 1890/873/1960 1840/873/1960
f 1860/893/1961 1900/893/1961 1899/891/1961 1858/891/1961
f 1816/849/1962 1877/849/1962 1878/848/1962 1814/848/1962
f 1814/911/1963 1878/911/1963 1908/909/1963 1876/909/1963
f 1834/867/1964 1887/867/1964 1886/865/1964 1832/865/1964
f 1920/869/1965 1952/869/1965 1951/867/1965 1919/867/1965
f 1892/877/1966 1924/877/1966 1923/875/1966 1891/875/1966
f 1879/851/1967 1911/851/1967 1909/849/1967 1877/849/1967
f 1906/905/1968 1938/905/1968 1937/903/1968 1905/903/1968
f 1893/879/1969 1925/879/1969 1924/877/1969 1892/877/1969
f 1880/853/1970 1912/853/1970 1911/851/1970 1879/851/1970
f 1907/907/1971 1939/907/1971 1938/905/1971 1906/905/1971
f 1894/881/1972 1926/881/1972 1925/879/1972 1893/879/1972
f 1881/855/1973 1913/855/1973 1912/853/1973 1880/853/1973
f 1908/909/1974 1940/909/1974 1939/907/1974 1907/907/1974
f 1895/883/1975 1927/883/1975 1926/881/1975 1894/881/1975
f 1882/857/1976 1914/857/1976 1913/855/1976 1881/855/1976
f 1878/911/1977 1910/911/1977 1940/909/1977 1908/909/1977
f 1896/885/1978 1928/885/1978 1927/883/1978 1895/883/1978
f 1883/859/1979 1915/859/1979 1914/857/1979 1882/857/1979
f 1897/887/1980 1929/887/1980 1928/885/1980 1896/885/1980
f 1884/861/1981 1916/861/1981 1915/859/1981 1883/859/1981
f 1898/889/1982 1930/889/1982 1929/887/1982 1897/887/1982
f 1885/863/1983 1917/863/1983 1916/861/1983 1884/861/1983
f 1899/891/1984 1931/891/1984 1930/889/1984 1898/889/1984
f 1886/865/1985 1918/865/1985 1917/863/1985 1885/863/1985
f 1900/893/1986 1932/893/1986 1931/891/1986 1899/891/1986
f 1887/867/1987 1919/867/1987 1918/865/1987 1886/865/1987
f 1901/895/1988 1933/895/1988 1932/893/1988 1900/893/1988
f 1888/869/1989 1920/869/1989 1919/867/1989 1887/867/1989
f 1902/897/1990 1934/897/1990 1933/895/1990 1901/895/1990
f 1889/871/1991 1921/871/1991 1920/869/1991 1888/869/1991
f 1903/899/1992 1935/899/1992 1934/897/1992 1902/897/1992
f 1890/873/1993 1922/873/1993 1921/871/1993 1889/871/1993
f 1904/901/1994 1936/901/1994 1935/899/1994 1903/899/1994
f 1891/875/1995 1923/875/1995 1922/873/1995 1890/873/1995
f 1877/849/1996 1909/849/1996 1910/848/1996 1878/848/1996
f 1955/875/1997 1987/875/1997 1986/873/1997 1954/873/1997
f 1934/897/1998 1966/897/1998 1965/895/1998 1933/895/1998
f 1921/871/1999 1953/871/1999 1952/869/1999 1920/869/1999
f 1935/899/2000 1967/899/2000 1966/897/2000 1934/897/2000
f 1922/873/2001 1954/873/2001 1953/871/2001 1921/871/2001
f 1936/901/2002 1968/901/2002 1967/899/2002 1935/899/2002
f 1923/875/2003 1955/875/2003 1954/873/2003 1922/873/2003
f 1909/849/2004 1941/849/2004 1942/848/2004 1910/848/2004
f 1937/903/2005 1969/903/2005 1968/901/2005 1936/901/2005
f 1924/877/2006 1956/877/2006 1955/875/2006 1923/875/2006
f 1911/851/2007 1943/851/2007 1941/849/2007 1909/849/2007
f 1938/905/2008 1970/905/2008 1969/903/2008 1937/903/2008
f 1925/879/2009 1957/879/2009 1956/877/2009 1924/877/2009
f 1912/853/2010 1944/853/2010 1943/851/2010 1911/851/2010
f 1939/907/2011 1971/907/2011 1970/905/2011 1938/905/2011
f 1926/881/2012 1958/881/2012 1957/879/2012 1925/879/2012
f 1913/855/2013 1945/855/2013 1944/853/2013 1912/853/2013
f 1940/909/2014 1972/909/2014 1971/907/2014 1939/907/2014
f 1927/883/2015 1959/883/2015 1958/881/2015 1926/881/2015
f 1914/857/2016 1946/857/2016 1945/855/2016 1913/855/2016
f 1910/911/2017 1942/911/2017 1972/909/2017 1940/909/2017
f 1928/885/2018 1960/885/2018 1959/883/2018 1927/883/2018
f 1915/859/2019 1947/859/2019 1946/857/2019 1914/857/2019
f 1929/887/2020 1961/887/2020 1960/885/2020 1928/885/2020
f 1916/861/2021 1948/861/2021 1947/859/2021 1915/859/2021
f 1930/889/2022 1962/889/2022 1961/887/2022 1929/887/2022
f 1917/863/2023 1949/863/2023 1948/861/2023 1916/861/2023
f 1931/891/2024 1963/891/2024 1962/889/2024 1930/889/2024
f 1918/865/2025 1950/865/2025 1949/863/2025 1917/863/2025
f 1932/893/2026 1964/893/2026 1963/891/2026 1931/891/2026
f 1919/867/2027 1951/867/2027 1950/865/2027 1918/865/2027
f 1933/895/2028 1965/895/2028 1964/893/2028 1932/893/2028
f 1973/945/2029 1975/976/2029 1976/975/2029 1977/974/2029 1978/973/2029 1979/972/2029 1980/971/2029 1981/970/2029 1982/969/2029 1983/968/2029 1984/967/2029 1985/966/2029 1986/965/2029 1987/964/2029 1988/963/2029 1989/962/2029 1990/961/2029 1991/960/2029 1992/959/2029 1993/958/2029 1994/957/2029 1995/956/2029 1996/955/2029 1997/954/2029 1998/953/2029 1999/952/2029 2000/951/2029 2001/950/2029 2002/949/2029 2003/948/2029 2004/947/2029 1974/946/2029
f 1941/849/2030 1973/849/2030 1974/848/2030 1942/848/2030
f 1969/903/2031 2001/903/2031 2000/901/2031 1968/901/2031
f 1956/877/2032 1988/877/2032 1987/875/2032 1955/875/2032
f 1943/851/2033 1975/851/2033 1973/849/2033 1941/849/2033
f 1970/905/2034 2002/905/2034 2001/903/2034 1969/903/2034
f 1957/879/2035 1989/879/2035 1988/877/2035 1956/877/2035
f 1944/853/2036 1976/853/2036 1975/851/2036 1943/851/2036
f 1971/907/2037 2003/907/2037 2002/905/2037 1970/905/2037
f 1958/881/2038 1990/881/2038 1989/879/2038 1957/879/2038
f 1945/855/2039 1977/855/2039 1976/853/2039 1944/853/2039
f 1972/909/2040 2004/909/2040 2003/907/2040 1971/907/2040
f 1959/883/2041 1991/883/2041 1990/881/2041 1958/881/2041
f 1946/857/2042 1978/857/2042 1977/855/2042 1945/855/2042
f 1942/911/2043 1974/911/2043 2004/909/2043 1972/909/2043
f 1960/885/2044 1992/885/2044 1991/883/2044 1959/883/2044
f 1947/859/2045 1979/859/2045 1978/857/2045 1946/857/2045
f 1961/887/2046 1993/887/2046 1992/885/2046 1960/885/2046
f 1948/861/2047 1980/861/2047 1979/859/2047 1947/859/2047
f 1962/889/2048 1994/889/2048 1993/887/2048 1961/887/2048
f 1949/863/2049 1981/863/2049 1980/861/2049 1948/861/2049
f 1963/891/2050 1995/891/2050 1994/889/2050 1962/889/2050
f 1950/865/2051 1982/865/2051 1981/863/2051 1949/863/2051
f 1964/893/2052 1996/893/2052 1995/891/2052 1963/891/2052
f 1951/867/2053 1983/867/2053 1982/865/2053 1950/865/2053
f 1965/895/2054 1997/895/2054 1996/893/2054 1964/893/2054
f 1952/869/2055 1984/869/2055 1983/867/2055 1951/867/2055
f 1966/897/2056 1998/897/2056 1997/895/2056 1965/895/2056
f 1953/871/2057 1985/871/2057 1984/869/2057 1952/869/2057
f 1967/899/2058 1999/899/2058 1998/897/2058 1966/897/2058
f 1954/873/2059 1986/873/2059 1985/871/2059 1953/871/2059
f 1968/901/2060 2000/901/2060 1999/899/2060 1967/899/2060
o right_antler
v -0.112351 0.967653 0.069538
v -0.118726 1.002297 0.150148
v -0.104446 0.970999 0.068725
v -0.110820 1.005642 0.149336
v -0.096032 0.972878 0.068583
v -0.102406 1.007522 0.149193
v -0.087432 0.973220 0.069116
v -0.093807 1.007863 0.149727
v -0.078978 0.972009 0.070305
v -0.085352 1.006653 0.150916
v -0.070994 0.969294 0.072103
v -0.077368 1.003938 0.152714
v -0.063787 0.965178 0.074441
v -0.070161 0.999822 0.155052
v -0.057634 0.959820 0.077231
v -0.064008 0.994464 0.157842
v -0.052771 0.953426 0.080363
v -0.059145 0.988069 0.160974
v -0.049385 0.946241 0.083719
v -0.055760 0.980884 0.164330
v -0.047607 0.938541 0.087169
v -0.053981 0.973184 0.167780
v -0.047504 0.930622 0.090580
v -0.053879 0.965266 0.171191
v -0.049081 0.922789 0.093822
v -0.055456 0.957433 0.174433
v -0.052277 0.915343 0.096769
v -0.058652 0.949986 0.177380
v -0.056970 0.908569 0.099309
v -0.063344 0.943213 0.179920
v -0.062978 0.902729 0.101344
v -0.069352 0.937372 0.181955
v -0.070071 0.898046 0.102796
v -0.076446 0.932689 0.183406
v -0.077977 0.894700 0.103608
v -0.084351 0.929344 0.184219
v -0.086391 0.892821 0.103751
v -0.092765 0.927464 0.184361
v -0.094990 0.892480 0.103217
v -0.101365 0.927123 0.183828
v -0.103444 0.893690 0.102028
v -0.109819 0.928333 0.182639
v -0.111428 0.896405 0.100230
v -0.117803 0.931049 0.180841
v -0.118636 0.900521 0.097892
v -0.125010 0.935164 0.178503
v -0.124789 0.905879 0.095102
v -0.131163 0.940522 0.175713
v -0.129652 0.912273 0.091970
v -0.136026 0.946917 0.172581
v -0.133037 0.919459 0.088614
v -0.139412 0.954102 0.169225
v -0.134815 0.927158 0.085164
v -0.141190 0.961802 0.165775
v -0.134918 0.935077 0.081753
v -0.141293 0.969720 0.162364
v -0.133341 0.942910 0.078511
v -0.139715 0.977553 0.159122
v -0.130145 0.950356 0.075564
v -0.136519 0.985000 0.156175
v -0.125453 0.957130 0.073024
v -0.131827 0.991773 0.153635
v -0.119444 0.962970 0.070989
v -0.125819 0.997614 0.151600
v -0.120347 1.035325 0.191479
v -0.128190 1.031782 0.192000
v -0.112115 1.037790 0.192201
v -0.103813 1.039081 0.194137
v -0.095758 1.039150 0.197214
v -0.088261 1.037993 0.201313
v -0.081609 1.035655 0.206277
v -0.076058 1.032226 0.211915
v -0.071822 1.027837 0.218009
v -0.069063 1.022658 0.224327
v -0.067887 1.016887 0.230625
v -0.068340 1.010746 0.236661
v -0.070404 1.004472 0.242204
v -0.073999 0.998304 0.247039
v -0.078988 0.992481 0.250982
v -0.085179 0.987225 0.253881
v -0.092334 0.982740 0.255625
v -0.100178 0.979197 0.256146
v -0.108409 0.976732 0.255424
v -0.116712 0.975441 0.253488
v -0.124767 0.975372 0.250411
v -0.132264 0.976529 0.246312
v -0.138916 0.978867 0.241348
v -0.144467 0.982296 0.235710
v -0.148703 0.986685 0.229616
v -0.151462 0.991864 0.223298
v -0.152637 0.997635 0.217000
v -0.152185 1.003776 0.210964
v -0.150121 1.010050 0.205421
v -0.146525 1.016218 0.200586
v -0.141536 1.022041 0.196642
v -0.135345 1.027297 0.193744
v -0.136600 1.084474 0.208102
v -0.144255 1.080671 0.206964
v -0.129423 1.088380 0.210857
v -0.123001 1.092239 0.215124
v -0.117579 1.095903 0.220740
v -0.113367 1.099231 0.227488
v -0.110527 1.102095 0.235108
v -0.109166 1.104386 0.243309
v -0.109338 1.106014 0.251775
v -0.111036 1.106919 0.260180
v -0.114195 1.107064 0.268202
v -0.118693 1.106444 0.275532
v -0.124358 1.105083 0.281889
v -0.130972 1.103034 0.287028
v -0.138280 1.100375 0.290752
v -0.146002 1.097208 0.292918
v -0.153841 1.093655 0.293442
v -0.161496 1.089852 0.292305
v -0.168673 1.085946 0.289549
v -0.175095 1.082087 0.285282
v -0.180516 1.078423 0.279666
v -0.184728 1.075095 0.272919
v -0.187569 1.072230 0.265298
v -0.188930 1.069940 0.257097
v -0.188758 1.068311 0.248632
v -0.187060 1.067407 0.240226
v -0.183901 1.067262 0.232204
v -0.179402 1.067881 0.224874
v -0.173738 1.069242 0.218517
v -0.167124 1.071292 0.213378
v -0.159816 1.073951 0.209654
v -0.152094 1.077118 0.207488
v -0.173160 1.170249 0.204982
v -0.178873 1.166881 0.203010
v -0.168233 1.174094 0.207951
v -0.164282 1.178269 0.211803
v -0.161458 1.182612 0.216389
v -0.159871 1.186957 0.221534
v -0.159580 1.191138 0.227040
v -0.160598 1.194992 0.232696
v -0.162885 1.198373 0.238283
v -0.166352 1.201150 0.243587
v -0.170868 1.203216 0.248405
v -0.176259 1.204493 0.252551
v -0.182316 1.204930 0.255866
v -0.188808 1.204512 0.258222
v -0.195485 1.203254 0.259529
v -0.202091 1.201205 0.259737
v -0.208371 1.198444 0.258838
v -0.214084 1.195076 0.256866
v -0.219011 1.191230 0.253897
v -0.222962 1.187056 0.250045
v -0.225786 1.182713 0.245459
v -0.227374 1.178367 0.240314
v -0.227664 1.174187 0.234808
v -0.226647 1.170333 0.229153
v -0.224360 1.166952 0.223565
v -0.220892 1.164175 0.218261
v -0.216376 1.162109 0.213443
v -0.210986 1.160832 0.209297
v -0.204928 1.160394 0.205982
v -0.198436 1.160812 0.203626
v -0.191759 1.162070 0.202319
v -0.185153 1.164119 0.202111
v -0.209130 1.231779 0.192612
v -0.209437 1.231599 0.192507
v -0.208866 1.231986 0.192772
v -0.208653 1.232210 0.192979
v -0.208502 1.232443 0.193225
v -0.208417 1.232676 0.193501
v -0.208401 1.232901 0.193796
v -0.208456 1.233107 0.194100
v -0.208578 1.233289 0.194400
v -0.208765 1.233438 0.194685
v -0.209007 1.233549 0.194943
v -0.209296 1.233617 0.195166
v -0.209621 1.233641 0.195344
v -0.209970 1.233618 0.195470
v -0.210328 1.233551 0.195540
v -0.210683 1.233441 0.195551
v -0.211020 1.233293 0.195503
v -0.211327 1.233112 0.195397
v -0.211591 1.232906 0.195238
v -0.211803 1.232682 0.195031
v -0.211955 1.232448 0.194785
v -0.212040 1.232215 0.194509
v -0.212055 1.231991 0.194213
v -0.212001 1.231784 0.193910
v -0.211878 1.231602 0.193610
v -0.211692 1.231453 0.193325
v -0.211450 1.231343 0.193067
v -0.211160 1.231274 0.192844
v -0.210835 1.231251 0.192666
v -0.210487 1.231273 0.192540
v -0.210128 1.231340 0.192470
v -0.209774 1.231450 0.192458
vn -0.3926 0.8333 -0.3892
vn -0.2062 0.8930 -0.4001
vn -0.0119 0.9183 -0.3956
vn 0.1829 0.9084 -0.3759
vn 0.3707 0.8636 -0.3418
vn 0.5442 0.7856 -0.2946
vn 0.6968 0.6773 -0.2360
vn 0.8226 0.5431 -0.1684
vn 0.9168 0.3880 -0.0942
vn 0.9758 0.2180 -0.0165
vn 0.9973 0.0396 0.0619
vn 0.9805 -0.1404 0.1379
vn 0.9259 -0.3149 0.2085
vn 0.8358 -0.4773 0.2712
vn 0.7136 -0.6214 0.3235
vn 0.5640 -0.7416 0.3633
vn 0.3926 -0.8333 0.3892
vn 0.2062 -0.8930 0.4001
vn 0.0119 -0.9183 0.3956
vn -0.1829 -0.9084 0.3759
vn -0.3707 -0.8636 0.3418
vn -0.5442 -0.7856 0.2946
vn -0.6968 -0.6773 0.2360
vn -0.8226 -0.5431 0.1684
vn -0.9168 -0.3880 0.0942
vn -0.9758 -0.2180 0.0165
vn -0.9973 -0.0396 -0.0619
vn -0.9805 0.1404 -0.1379
vn -0.9259 0.3149 -0.2085
vn -0.8358 0.4773 -0.2712
vn -0.0038 -0.8221 0.5693
vn -0.7136 0.6214 -0.3235
vn -0.5640 0.7416 -0.3633
vn 0.0725 -0.3938 -0.9163
vn -0.7673 -0.1817 -0.6150
vn -0.9594 0.0790 -0.2707
vn 0.5501 0.7369 -0.3928
vn 0.6820 -0.5221 0.5121
vn -0.8242 -0.5338 0.1890
vn -0.1839 0.7837 -0.5933
vn 0.9837 0.0829 0.1598
vn -0.1940 -0.8255 0.5300
vn -0.8986 0.2374 -0.3689
vn 0.7008 0.6486 -0.2970
vn 0.5339 -0.6354 0.5578
vn -0.9148 -0.3971 0.0735
vn 0.0049 0.8185 -0.5746
vn 0.9600 -0.0809 0.2680
vn -0.3785 -0.7973 0.4701
vn -0.8043 0.3853 -0.4524
vn 0.8242 0.5338 -0.1890
vn 0.3665 -0.7250 0.5831
vn -0.9685 -0.2449 -0.0450
vn 0.1949 0.8227 -0.5340
vn 0.8995 -0.2401 0.3649
vn -0.5498 -0.7379 0.3913
vn -0.6806 0.5178 -0.5183
vn 0.9148 0.3971 -0.0736
vn 0.1852 -0.7881 0.5871
vn -0.9833 -0.0839 -0.1613
vn 0.3791 0.7955 -0.4728
vn 0.8055 -0.3889 0.4471
vn -0.7007 -0.6490 0.2964
vn -0.3650 0.7203 -0.5899
vn -0.5324 0.6307 -0.5646
vn 0.9686 0.2445 0.0444
vn 0.6653 0.5112 0.5440
vn 0.3981 -0.1100 0.9107
vn 0.0651 0.3522 -0.9337
vn -0.6599 -0.0862 -0.7464
vn 0.2473 -0.1934 0.9494
vn 0.2256 0.4160 -0.8809
vn -0.5339 0.0099 -0.8455
vn 0.0899 -0.2702 0.9586
vn 0.3847 0.4662 -0.7966
vn -0.3952 0.1040 -0.9127
vn -0.0714 -0.3393 0.9380
vn 0.5369 0.4998 -0.6796
vn -0.2475 0.1938 -0.9493
vn -0.2339 -0.3993 0.8865
vn 0.6744 0.5138 -0.5302
vn -0.3937 -0.4480 0.8027
vn 0.7878 0.5055 -0.3519
vn -0.5454 -0.4826 0.6853
vn 0.8675 0.4736 -0.1524
vn -0.6813 -0.4998 0.5348
vn 0.9061 0.4192 0.0564
vn -0.7922 -0.4964 0.3548
vn 0.9011 0.3463 0.2608
vn -0.8690 -0.4705 0.1534
vn 0.8551 0.2603 0.4484
vn -0.9046 -0.4223 -0.0574
vn 0.7743 0.1672 0.6103
vn -0.8970 -0.3548 -0.2636
vn 0.6667 0.0723 0.7419
vn -0.8490 -0.2728 -0.4525
vn 0.5393 -0.0209 0.8419
vn -0.0934 0.2773 -0.9562
vn -0.0817 0.8933 0.4419
vn -0.8961 -0.3754 -0.2369
vn 0.5341 0.4835 0.6935
vn -0.8226 -0.3754 -0.4270
vn 0.3817 0.4408 0.8124
vn -0.7183 -0.3545 -0.5986
vn 0.2151 0.3848 0.8976
vn 0.2038 0.0441 -0.9780
vn -0.5892 -0.3146 -0.7442
vn 0.0413 0.3176 0.9473
vn 0.3578 0.1247 -0.9254
vn -0.4423 -0.2589 -0.8587
vn -0.1335 0.2413 0.9612
vn 0.5011 0.2032 -0.8412
vn -0.2843 -0.1916 -0.9394
vn -0.3036 0.1585 0.9395
vn 0.6288 0.2778 -0.7262
vn -0.1209 -0.1165 -0.9858
vn -0.4636 0.0716 0.8832
vn 0.7354 0.3466 -0.5823
vn 0.0431 -0.0370 -0.9984
vn -0.6083 -0.0166 0.7936
vn 0.8145 0.4075 -0.4130
vn -0.7326 -0.1028 0.6728
vn 0.8603 0.4579 -0.2243
vn -0.8317 -0.1836 0.5240
vn 0.8685 0.4951 -0.0245
vn -0.9007 -0.2550 0.3517
vn 0.8375 0.5171 0.1767
vn -0.9358 -0.3131 0.1620
vn 0.7684 0.5226 0.3693
vn -0.9344 -0.3541 -0.0373
vn -0.2588 0.7759 -0.5754
vn 0.3260 0.0005 -0.9454
vn -0.4814 -0.2005 -0.8533
vn -0.2496 0.8515 0.4611
vn 0.4605 0.0917 -0.8829
vn -0.3228 -0.2007 -0.9249
vn -0.4125 0.7907 0.4523
vn 0.5727 0.1931 -0.7967
vn -0.1563 -0.1796 -0.9712
vn -0.5641 0.7132 0.4160
vn 0.6583 0.3007 -0.6901
vn 0.0115 -0.1378 -0.9904
vn -0.6986 0.6221 0.3536
vn 0.7141 0.4105 -0.5671
vn 0.1744 -0.0770 -0.9817
vn -0.8108 0.5207 0.2674
vn 0.7378 0.5183 -0.4324
vn -0.8964 0.4131 0.1607
vn 0.7286 0.6198 -0.2914
vn -0.9522 0.3032 0.0377
vn 0.6869 0.7113 -0.1493
vn -0.9759 0.1955 -0.0969
vn 0.6141 0.7891 -0.0116
vn -0.9667 0.0939 -0.2380
vn 0.5132 0.8503 0.1163
vn -0.9250 0.0025 -0.3801
vn 0.3880 0.8926 0.2296
vn -0.8522 -0.0754 -0.5177
vn 0.2433 0.9143 0.3239
vn -0.7513 -0.1366 -0.6457
vn 0.0847 0.9145 0.3956
vn -0.6261 -0.1788 -0.7590
vt 1.000000 0.500000
vt 1.000000 1.000000
vt 0.968750 1.000000
vt 0.968750 0.500000
vt 0.937500 1.000000
vt 0.937500 0.500000
vt 0.906250 1.000000
vt 0.906250 0.500000
vt 0.875000 1.000000
vt 0.875000 0.500000
vt 0.843750 1.000000
vt 0.843750 0.500000
vt 0.812500 1.000000
vt 0.812500 0.500000
vt 0.781250 1.000000
vt 0.781250 0.500000
vt 0.750000 1.000000
vt 0.750000 0.500000
vt 0.718750 1.000000
vt 0.718750 0.500000
vt 0.687500 1.000000
vt 0.687500 0.500000
vt 0.656250 1.000000
vt 0.656250 0.500000
vt 0.625000 1.000000
vt 0.625000 0.500000
vt 0.593750 1.000000
vt 0.593750 0.500000
vt 0.562500 1.000000
vt 0.562500 0.500000
vt 0.531250 1.000000
vt 0.531250 0.500000
vt 0.500000 1.000000
vt 0.500000 0.500000
vt 0.468750 1.000000
vt 0.468750 0.500000
vt 0.437500 1.000000
vt 0.437500 0.500000
vt 0.406250 1.000000
vt 0.406250 0.500000
vt 0.375000 1.000000
vt 0.375000 0.500000
vt 0.343750 1.000000
vt 0.343750 0.500000
vt 0.312500 1.000000
vt 0.312500 0.500000
vt 0.281250 1.000000
vt 0.281250 0.500000
vt 0.250000 1.000000
vt 0.250000 0.500000
vt 0.218750 1.000000
vt 0.218750 0.500000
vt 0.187500 1.000000
vt 0.187500 0.500000
vt 0.156250 1.000000
vt 0.156250 0.500000
vt 0.125000 1.000000
vt 0.125000 0.500000
vt 0.093750 1.000000
vt 0.093750 0.500000
vt 0.062500 1.000000
vt 0.062500 0.500000
vt 0.031250 1.000000
vt 0.031250 0.500000
vt 0.000000 1.000000
vt 0.000000 0.500000
vt 0.750000 0.490000
vt 0.796822 0.485388
vt 0.841844 0.471731
vt 0.883337 0.449553
vt 0.919706 0.419706
vt 0.949553 0.383337
vt 0.971731 0.341844
vt 0.985388 0.296822
vt 0.990000 0.250000
vt 0.985388 0.203178
vt 0.971731 0.158156
vt 0.949553 0.116663
vt 0.919706 0.080294
vt 0.883337 0.050447
vt 0.841844 0.028269
vt 0.796822 0.014612
vt 0.750000 0.010000
vt 0.703178 0.014612
vt 0.658156 0.028269
vt 0.616663 0.050447
vt 0.580294 0.080294
vt 0.550447 0.116663
vt 0.528269 0.158156
vt 0.514612 0.203178
vt 0.510000 0.250000
vt 0.514612 0.296822
vt 0.528269 0.341844
vt 0.550447 0.383337
vt 0.580294 0.419706
vt 0.616663 0.449553
vt 0.658156 0.471731
vt 0.703178 0.485388
vt 0.296822 0.485388
vt 0.250000 0.490000
vt 0.203178 0.485388
vt 0.158156 0.471731
vt 0.116663 0.449553
vt 0.080294 0.419706
vt 0.050447 0.383337
vt 0.028269 0.341844
vt 0.014612 0.296822
vt 0.010000 0.250000
vt 0.014612 0.203178
vt 0.028269 0.158156
vt 0.050447 0.116663
vt 0.080294 0.080294
vt 0.116663 0.050447
vt 0.158156 0.028269
vt 0.203178 0.014612
vt 0.250000 0.010000
vt 0.296822 0.014612
vt 0.341844 0.028269
vt 0.383337 0.050447
vt 0.419706 0.080294
vt 0.449553 0.116663
vt 0.471731 0.158156
vt 0.485388 0.203178
vt 0.490000 0.250000
vt 0.485388 0.296822
vt 0.471731 0.341844
vt 0.449553 0.383337
vt 0.419706 0.419706
vt 0.383337 0.449553
vt 0.341844 0.471731
s 0
usemtl Material.003
f 2005/977/2061 2006/978/2061 2008/979/2061 2007/980/2061
f 2007/980/2062 2008/979/2062 2010/981/2062 2009/982/2062
f 2009/982/2063 2010/981/2063 2012/983/2063 2011/984/2063
f 2011/984/2064 2012/983/2064 2014/985/2064 2013/986/2064
f 2013/986/2065 2014/985/2065 2016/987/2065 2015/988/2065
f 2015/988/2066 2016/987/2066 2018/989/2066 2017/990/2066
f 2017/990/2067 2018/989/2067 2020/991/2067 2019/992/2067
f 2019/992/2068 2020/991/2068 2022/993/2068 2021/994/2068
f 2021/994/2069 2022/993/2069 2024/995/2069 2023/996/2069
f 2023/996/2070 2024/995/2070 2026/997/2070 2025/998/2070
f 2025/998/2071 2026/997/2071 2028/999/2071 2027/1000/2071
f 2027/1000/2072 2028/999/2072 2030/1001/2072 2029/1002/2072
f 2029/1002/2073 2030/1001/2073 2032/1003/2073 2031/1004/2073
f 2031/1004/2074 2032/1003/2074 2034/1005/2074 2033/1006/2074
f 2033/1006/2075 2034/1005/2075 2036/1007/2075 2035/1008/2075
f 2035/1008/2076 2036/1007/2076 2038/1009/2076 2037/1010/2076
f 2037/1010/2077 2038/1009/2077 2040/1011/2077 2039/1012/2077
f 2039/1012/2078 2040/1011/2078 2042/1013/2078 2041/1014/2078
f 2041/1014/2079 2042/1013/2079 2044/1015/2079 2043/1016/2079
f 2043/1016/2080 2044/1015/2080 2046/1017/2080 2045/1018/2080
f 2045/1018/2081 2046/1017/2081 2048/1019/2081 2047/1020/2081
f 2047/1020/2082 2048/1019/2082 2050/1021/2082 2049/1022/2082
f 2049/1022/2083 2050/1021/2083 2052/1023/2083 2051/1024/2083
f 2051/1024/2084 2052/1023/2084 2054/1025/2084 2053/1026/2084
f 2053/1026/2085 2054/1025/2085 2056/1027/2085 2055/1028/2085
f 2055/1028/2086 2056/1027/2086 2058/1029/2086 2057/1030/2086
f 2057/1030/2087 2058/1029/2087 2060/1031/2087 2059/1032/2087
f 2059/1032/2088 2060/1031/2088 2062/1033/2088 2061/1034/2088
f 2061/1034/2089 2062/1033/2089 2064/1035/2089 2063/1036/2089
f 2063/1036/2090 2064/1035/2090 2066/1037/2090 2065/1038/2090
f 2044/1015/2091 2042/1013/2091 2087/1013/2091 2088/1015/2091
f 2065/1038/2092 2066/1037/2092 2068/1039/2092 2067/1040/2092
f 2067/1040/2093 2068/1039/2093 2006/1041/2093 2005/1042/2093
f 2005/1043/2094 2007/1044/2094 2009/1045/2094 2011/1046/2094 2013/1047/2094 2015/1048/2094 2017/1049/2094 2019/1050/2094 2021/1051/2094 2023/1052/2094 2025/1053/2094 2027/1054/2094 2029/1055/2094 2031/1056/2094 2033/1057/2094 2035/1058/2094 2037/1059/2094 2039/1060/2094 2041/1061/2094 2043/1062/2094 2045/1063/2094 2047/1064/2094 2049/1065/2094 2051/1066/2094 2053/1067/2094 2055/1068/2094 2057/1069/2094 2059/1070/2094 2061/1071/2094 2063/1072/2094 2065/1073/2094 2067/1074/2094
f 2097/1033/2095 2096/1031/2095 2128/1031/2095 2129/1033/2095
f 2062/1033/2096 2060/1031/2096 2096/1031/2096 2097/1033/2096
f 2018/989/2097 2016/987/2097 2074/987/2097 2075/989/2097
f 2036/1007/2098 2034/1005/2098 2083/1005/2098 2084/1007/2098
f 2054/1025/2099 2052/1023/2099 2092/1023/2099 2093/1025/2099
f 2010/981/2100 2008/979/2100 2069/979/2100 2071/981/2100
f 2028/999/2101 2026/997/2101 2079/997/2101 2080/999/2101
f 2046/1017/2102 2044/1015/2102 2088/1015/2102 2089/1017/2102
f 2064/1035/2103 2062/1033/2103 2097/1033/2103 2098/1035/2103
f 2020/991/2104 2018/989/2104 2075/989/2104 2076/991/2104
f 2038/1009/2105 2036/1007/2105 2084/1007/2105 2085/1009/2105
f 2056/1027/2106 2054/1025/2106 2093/1025/2106 2094/1027/2106
f 2012/983/2107 2010/981/2107 2071/981/2107 2072/983/2107
f 2030/1001/2108 2028/999/2108 2080/999/2108 2081/1001/2108
f 2048/1019/2109 2046/1017/2109 2089/1017/2109 2090/1019/2109
f 2066/1037/2110 2064/1035/2110 2098/1035/2110 2099/1037/2110
f 2022/993/2111 2020/991/2111 2076/991/2111 2077/993/2111
f 2040/1011/2112 2038/1009/2112 2085/1009/2112 2086/1011/2112
f 2058/1029/2113 2056/1027/2113 2094/1027/2113 2095/1029/2113
f 2014/985/2114 2012/983/2114 2072/983/2114 2073/985/2114
f 2032/1003/2115 2030/1001/2115 2081/1001/2115 2082/1003/2115
f 2050/1021/2116 2048/1019/2116 2090/1019/2116 2091/1021/2116
f 2068/1039/2117 2066/1037/2117 2099/1037/2117 2100/1039/2117
f 2024/995/2118 2022/993/2118 2077/993/2118 2078/995/2118
f 2042/1013/2119 2040/1011/2119 2086/1011/2119 2087/1013/2119
f 2060/1031/2120 2058/1029/2120 2095/1029/2120 2096/1031/2120
f 2016/987/2121 2014/985/2121 2073/985/2121 2074/987/2121
f 2034/1005/2122 2032/1003/2122 2082/1003/2122 2083/1005/2122
f 2052/1023/2123 2050/1021/2123 2091/1021/2123 2092/1023/2123
f 2008/979/2124 2006/978/2124 2070/978/2124 2069/979/2124
f 2006/1041/2125 2068/1039/2125 2100/1039/2125 2070/1041/2125
f 2026/997/2126 2024/995/2126 2078/995/2126 2079/997/2126
f 2112/999/2127 2111/997/2127 2143/997/2127 2144/999/2127
f 2084/1007/2128 2083/1005/2128 2115/1005/2128 2116/1007/2128
f 2071/981/2129 2069/979/2129 2101/979/2129 2103/981/2129
f 2098/1035/2130 2097/1033/2130 2129/1033/2130 2130/1035/2130
f 2085/1009/2131 2084/1007/2131 2116/1007/2131 2117/1009/2131
f 2072/983/2132 2071/981/2132 2103/981/2132 2104/983/2132
f 2099/1037/2133 2098/1035/2133 2130/1035/2133 2131/1037/2133
f 2086/1011/2134 2085/1009/2134 2117/1009/2134 2118/1011/2134
f 2073/985/2135 2072/983/2135 2104/983/2135 2105/985/2135
f 2100/1039/2136 2099/1037/2136 2131/1037/2136 2132/1039/2136
f 2087/1013/2137 2086/1011/2137 2118/1011/2137 2119/1013/2137
f 2074/987/2138 2073/985/2138 2105/985/2138 2106/987/2138
f 2070/1041/2139 2100/1039/2139 2132/1039/2139 2102/1041/2139
f 2088/1015/2140 2087/1013/2140 2119/1013/2140 2120/1015/2140
f 2075/989/2141 2074/987/2141 2106/987/2141 2107/989/2141
f 2089/1017/2142 2088/1015/2142 2120/1015/2142 2121/1017/2142
f 2076/991/2143 2075/989/2143 2107/989/2143 2108/991/2143
f 2090/1019/2144 2089/1017/2144 2121/1017/2144 2122/1019/2144
f 2077/993/2145 2076/991/2145 2108/991/2145 2109/993/2145
f 2091/1021/2146 2090/1019/2146 2122/1019/2146 2123/1021/2146
f 2078/995/2147 2077/993/2147 2109/993/2147 2110/995/2147
f 2092/1023/2148 2091/1021/2148 2123/1021/2148 2124/1023/2148
f 2079/997/2149 2078/995/2149 2110/995/2149 2111/997/2149
f 2093/1025/2150 2092/1023/2150 2124/1023/2150 2125/1025/2150
f 2080/999/2151 2079/997/2151 2111/997/2151 2112/999/2151
f 2094/1027/2152 2093/1025/2152 2125/1025/2152 2126/1027/2152
f 2081/1001/2153 2080/999/2153 2112/999/2153 2113/1001/2153
f 2095/1029/2154 2094/1027/2154 2126/1027/2154 2127/1029/2154
f 2082/1003/2155 2081/1001/2155 2113/1001/2155 2114/1003/2155
f 2096/1031/2156 2095/1029/2156 2127/1029/2156 2128/1031/2156
f 2083/1005/2157 2082/1003/2157 2114/1003/2157 2115/1005/2157
f 2069/979/2158 2070/978/2158 2102/978/2158 2101/979/2158
f 2147/1005/2159 2146/1003/2159 2178/1003/2159 2179/1005/2159
f 2126/1027/2160 2125/1025/2160 2157/1025/2160 2158/1027/2160
f 2113/1001/2161 2112/999/2161 2144/999/2161 2145/1001/2161
f 2127/1029/2162 2126/1027/2162 2158/1027/2162 2159/1029/2162
f 2114/1003/2163 2113/1001/2163 2145/1001/2163 2146/1003/2163
f 2128/1031/2164 2127/1029/2164 2159/1029/2164 2160/1031/2164
f 2115/1005/2165 2114/1003/2165 2146/1003/2165 2147/1005/2165
f 2101/979/2166 2102/978/2166 2134/978/2166 2133/979/2166
f 2129/1033/2167 2128/1031/2167 2160/1031/2167 2161/1033/2167
f 2116/1007/2168 2115/1005/2168 2147/1005/2168 2148/1007/2168
f 2103/981/2169 2101/979/2169 2133/979/2169 2135/981/2169
f 2130/1035/2170 2129/1033/2170 2161/1033/2170 2162/1035/2170
f 2117/1009/2171 2116/1007/2171 2148/1007/2171 2149/1009/2171
f 2104/983/2172 2103/981/2172 2135/981/2172 2136/983/2172
f 2131/1037/2173 2130/1035/2173 2162/1035/2173 2163/1037/2173
f 2118/1011/2174 2117/1009/2174 2149/1009/2174 2150/1011/2174
f 2105/985/2175 2104/983/2175 2136/983/2175 2137/985/2175
f 2132/1039/2176 2131/1037/2176 2163/1037/2176 2164/1039/2176
f 2119/1013/2177 2118/1011/2177 2150/1011/2177 2151/1013/2177
f 2106/987/2178 2105/985/2178 2137/985/2178 2138/987/2178
f 2102/1041/2179 2132/1039/2179 2164/1039/2179 2134/1041/2179
f 2120/1015/2180 2119/1013/2180 2151/1013/2180 2152/1015/2180
f 2107/989/2181 2106/987/2181 2138/987/2181 2139/989/2181
f 2121/1017/2182 2120/1015/2182 2152/1015/2182 2153/1017/2182
f 2108/991/2183 2107/989/2183 2139/989/2183 2140/991/2183
f 2122/1019/2184 2121/1017/2184 2153/1017/2184 2154/1019/2184
f 2109/993/2185 2108/991/2185 2140/991/2185 2141/993/2185
f 2123/1021/2186 2122/1019/2186 2154/1019/2186 2155/1021/2186
f 2110/995/2187 2109/993/2187 2141/993/2187 2142/995/2187
f 2124/1023/2188 2123/1021/2188 2155/1021/2188 2156/1023/2188
f 2111/997/2189 2110/995/2189 2142/995/2189 2143/997/2189
f 2125/1025/2190 2124/1023/2190 2156/1023/2190 2157/1025/2190
f 2165/1075/2191 2166/1076/2191 2196/1077/2191 2195/1078/2191 2194/1079/2191 2193/1080/2191 2192/1081/2191 2191/1082/2191 2190/1083/2191 2189/1084/2191 2188/1085/2191 2187/1086/2191 2186/1087/2191 2185/1088/2191 2184/1089/2191 2183/1090/2191 2182/1091/2191 2181/1092/2191 2180/1093/2191 2179/1094/2191 2178/1095/2191 2177/1096/2191 2176/1097/2191 2175/1098/2191 2174/1099/2191 2173/1100/2191 2172/1101/2191 2171/1102/2191 2170/1103/2191 2169/1104/2191 2168/1105/2191 2167/1106/2191
f 2133/979/2192 2134/978/2192 2166/978/2192 2165/979/2192
f 2161/1033/2193 2160/1031/2193 2192/1031/2193 2193/1033/2193
f 2148/1007/2194 2147/1005/2194 2179/1005/2194 2180/1007/2194
f 2135/981/2195 2133/979/2195 2165/979/2195 2167/981/2195
f 2162/1035/2196 2161/1033/2196 2193/1033/2196 2194/1035/2196
f 2149/1009/2197 2148/1007/2197 2180/1007/2197 2181/1009/2197
f 2136/983/2198 2135/981/2198 2167/981/2198 2168/983/2198
f 2163/1037/2199 2162/1035/2199 2194/1035/2199 2195/1037/2199
f 2150/1011/2200 2149/1009/2200 2181/1009/2200 2182/1011/2200
f 2137/985/2201 2136/983/2201 2168/983/2201 2169/985/2201
f 2164/1039/2202 2163/1037/2202 2195/1037/2202 2196/1039/2202
f 2151/1013/2203 2150/1011/2203 2182/1011/2203 2183/1013/2203
f 2138/987/2204 2137/985/2204 2169/985/2204 2170/987/2204
f 2134/1041/2205 2164/1039/2205 2196/1039/2205 2166/1041/2205
f 2152/1015/2206 2151/1013/2206 2183/1013/2206 2184/1015/2206
f 2139/989/2207 2138/987/2207 2170/987/2207 2171/989/2207
f 2153/1017/2208 2152/1015/2208 2184/1015/2208 2185/1017/2208
f 2140/991/2209 2139/989/2209 2171/989/2209 2172/991/2209
f 2154/1019/2210 2153/1017/2210 2185/1017/2210 2186/1019/2210
f 2141/993/2211 2140/991/2211 2172/991/2211 2173/993/2211
f 2155/1021/2212 2154/1019/2212 2186/1019/2212 2187/1021/2212
f 2142/995/2213 2141/993/2213 2173/993/2213 2174/995/2213
f 2156/1023/2214 2155/1021/2214 2187/1021/2214 2188/1023/2214
f 2143/997/2215 2142/995/2215 2174/995/2215 2175/997/2215
f 2157/1025/2216 2156/1023/2216 2188/1023/2216 2189/1025/2216
f 2144/999/2217 2143/997/2217 2175/997/2217 2176/999/2217
f 2158/1027/2218 2157/1025/2218 2189/1025/2218 2190/1027/2218
f 2145/1001/2219 2144/999/2219 2176/999/2219 2177/1001/2219
f 2159/1029/2220 2158/1027/2220 2190/1027/2220 2191/1029/2220
f 2146/1003/2221 2145/1001/2221 2177/1001/2221 2178/1003/2221
f 2160/1031/2222 2159/1029/2222 2191/1029/2222 2192/1031/2222
