# Blender 4.5.4 LTS
# www.blender.org
mtllib the-druid.mtl
o body
v 0.000000 1.448458 -0.513351
v 0.000000 0.967829 -0.595131
v 0.000000 0.474718 -0.702004
v 0.000000 0.243985 -0.715757
v 0.000000 -0.332051 -0.644943
v 0.000000 -1.300061 -0.622535
v 0.038060 1.708573 -0.179257
v 0.074658 1.595211 -0.563798
v 0.108386 1.448458 -0.517717
v 0.137950 1.231812 -0.496392
v 0.162212 0.967829 -0.583695
v 0.134453 0.666652 -0.515618
v 0.191342 0.474718 -0.688515
v 0.195090 0.243985 -0.702004
v 0.175789 -0.332051 -0.632550
v 0.156560 -0.878338 -0.579885
v 0.166895 -1.300061 -0.610607
v 0.074658 1.708573 -0.167680
v 0.183166 1.609441 -0.472379
v 0.249327 1.448458 -0.458239
v 0.270598 1.231812 -0.467591
v 0.318190 0.967829 -0.549829
v 0.263739 0.666652 -0.485701
v 0.375330 0.474718 -0.648567
v 0.382683 0.243985 -0.661274
v 0.344822 -0.332051 -0.595850
v 0.306024 -0.878338 -0.546340
v 0.326297 -1.300061 -0.575280
v 0.108386 1.708573 -0.148881
v 0.257986 1.609441 -0.258599
v 0.354037 1.448458 -0.361489
v 0.392847 1.231812 -0.420821
v 0.461940 0.967829 -0.494833
v 0.382889 0.666652 -0.437120
v 0.544895 0.474718 -0.583695
v 0.555570 0.243985 -0.595130
v 0.500604 -0.332051 -0.536250
v 0.443770 -0.878338 -0.491867
v 0.473203 -1.300061 -0.517911
v 0.137950 1.708573 -0.123582
v 0.315976 1.609441 -0.224535
v 0.438226 1.448458 -0.312035
v 0.500000 1.231812 -0.357879
v 0.587938 0.967829 -0.420821
v 0.487325 0.666652 -0.371740
v 0.693520 0.474718 -0.496392
v 0.707107 0.243985 -0.506117
v 0.637148 -0.332051 -0.456043
v 0.564506 -0.878338 -0.418558
v 0.601967 -1.300061 -0.440707
v 0.162212 1.708573 -0.092755
v 0.363568 1.609441 -0.183027
v 0.507318 1.448458 -0.251776
v 0.587938 1.231812 -0.281184
v 0.691342 0.967829 -0.330637
v 0.573034 0.666652 -0.292074
v 0.815493 0.474718 -0.390013
v 0.831470 0.243985 -0.397653
v 0.749207 -0.332051 -0.358311
v 0.663591 -0.878338 -0.329231
v 0.707640 -1.300061 -0.346633
v 0.000000 1.742046 0.000000
v 0.180240 1.708573 -0.053437
v 0.379797 1.609441 -0.104820
v 0.539524 1.448458 -0.152175
v 0.653281 1.231812 -0.193683
v 0.768178 0.967829 -0.227747
v 0.636721 0.666652 -0.201184
v 0.906127 0.474718 -0.268645
v 0.923879 0.243985 -0.273908
v 0.832474 -0.332051 -0.246809
v 0.737218 -0.878338 -0.227318
v 0.786163 -1.300061 -0.239305
v 0.191342 1.708573 -0.027242
v 0.375330 1.609441 -0.053437
v 0.544895 1.448458 -0.077578
v 0.693520 1.231812 -0.098739
v 0.815493 0.967829 -0.116104
v 0.675940 0.666652 -0.102563
v 0.961940 0.474718 -0.136954
v 0.980785 0.243985 -0.139637
v 0.883750 -0.332051 -0.125822
v 0.782558 -0.878338 -0.116736
v 0.834517 -1.300061 -0.122847
v 0.195090 1.708573 0.000000
v 0.382683 1.609441 0.000000
v 0.555570 1.448458 0.000000
v 0.707107 1.231812 -0.000000
v 0.831469 0.967829 0.000000
v 0.689182 0.694034 -0.000000
v 0.980785 0.474718 0.000000
v 1.000000 0.243985 0.000000
v 0.901063 -0.332051 0.000000
v 0.797867 -0.878338 -0.001735
v 0.850844 -1.300061 -0.001735
v 0.191342 1.708573 0.027242
v 0.375330 1.609441 0.053437
v 0.544895 1.448458 0.077578
v 0.693520 1.231812 0.098738
v 0.815493 0.967829 0.116104
v 0.675940 0.694034 0.102563
v 0.961940 0.474718 0.136954
v 0.980785 0.153211 0.139637
v 0.883750 -0.332051 0.125822
v 0.782558 -0.878338 0.113266
v 0.834517 -1.300061 0.119377
v 0.180240 1.708573 0.053437
v 0.353553 1.609441 0.104820
v 0.513280 1.448458 0.152175
v 0.653281 1.231812 0.193683
v 0.768178 0.967829 0.227747
v 0.636721 0.718527 0.201184
v 0.906127 0.474718 0.268645
v 0.923879 0.153211 0.273909
v 0.832474 -0.332051 0.246809
v 0.737218 -0.878338 0.223848
v 0.786163 -1.300061 0.235835
v 0.162212 1.708573 0.077578
v 0.318190 1.609441 0.152175
v 0.461940 1.448458 0.220924
v 0.587938 1.231812 0.281183
v 0.691341 0.967829 0.330637
v 0.573034 0.718527 0.292074
v 0.815493 0.474718 0.390013
v 0.831469 0.153211 0.397653
v 0.749207 -0.332051 0.358311
v 0.663591 -0.878338 0.325761
v 0.707641 -1.300061 0.343163
v 0.137950 1.708573 0.098738
v 0.270598 1.609441 0.193683
v 0.392847 1.448458 0.281183
v 0.500000 1.231812 0.357879
v 0.587938 0.967829 0.420821
v 0.487325 0.782825 0.468400
v 0.693520 0.474718 0.496392
v 0.707106 0.153211 0.506117
v 0.637148 -0.332051 0.456043
v 0.564506 -0.878338 0.415088
v 0.601967 -1.300061 0.437237
v 0.108386 1.708573 0.116104
v 0.212607 1.609441 0.227747
v 0.382889 0.708673 0.495456
v 0.544895 0.474718 0.583695
v 0.555570 0.041034 0.619990
v 0.500604 -0.332051 0.536250
v 0.443770 -0.878338 0.488397
v 0.473203 -1.300061 0.514441
v 0.074658 1.708573 0.129008
v 0.146447 1.609441 0.253058
v 0.263739 0.649166 0.529810
v 0.375330 0.474718 0.648567
v 0.382683 0.041034 0.686133
v 0.344822 -0.332051 0.595849
v 0.306024 -0.878338 0.542870
v 0.326298 -1.300061 0.571810
v 0.038060 1.708573 0.136954
v 0.074658 1.609441 0.268645
v 0.158733 0.590840 0.576393
v 0.191342 0.474718 0.688515
v 0.195090 0.041034 0.726864
v 0.175789 -0.332051 0.632550
v 0.156560 -0.878338 0.576415
v 0.166896 -1.300061 0.607137
v -0.000000 1.708573 0.139637
v -0.000000 1.609441 0.273908
v 0.000000 0.519862 0.637627
v 0.000000 0.474718 0.702004
v 0.000000 0.041034 0.740617
v 0.000000 -0.332051 0.644943
v 0.000000 -0.878338 0.587741
v 0.000000 -1.300061 0.619065
v -0.005701 -1.469263 0.846061
v 0.173958 -1.469263 0.752040
v 0.392436 -1.469263 0.779712
v 0.523025 -1.469263 0.633656
v 0.737806 -1.469263 0.590766
v 0.790190 -1.469263 0.414910
v 0.968575 -1.469263 0.307988
v 0.934778 -1.469263 0.129105
v 1.049610 -1.469263 -0.025571
v 0.934778 -1.469263 -0.180248
v 0.968575 -1.469263 -0.359130
v 0.790190 -1.469263 -0.466053
v 0.737806 -1.469263 -0.641908
v 0.000000 1.708573 -0.255335
v 0.000000 1.569541 -0.635851
v 0.000000 1.231812 -0.506117
v 0.000000 0.666652 -0.525719
v 0.000000 -0.878338 -0.591211
v 0.523026 -1.469263 -0.684799
v 0.392436 -1.469263 -0.830855
v 0.173959 -1.469263 -0.803183
v -0.014955 -1.469263 -0.897204
v 0.331723 1.528949 0.237433
v 0.446424 1.340135 0.319531
v 0.543969 1.099821 0.389350
v 0.537632 0.873757 0.437132
v 0.241603 1.609441 0.210715
v 0.435107 0.737962 0.481894
v 0.323314 0.672454 0.514232
v 0.179527 1.609441 0.240402
v 0.110552 1.609441 0.260852
v 0.199096 0.602347 0.549306
v 0.067226 0.552704 0.603918
v 0.037329 1.609441 0.271277
v 0.331723 1.513407 0.184625
v 0.392847 1.432916 0.228376
v 0.446424 1.324593 0.266723
v 0.500000 1.216270 0.305071
v 0.543969 1.084278 0.336542
v 0.587938 0.952287 0.368013
v 0.537632 0.858215 0.384324
v 0.487325 0.767283 0.415592
v 0.260633 1.513407 0.226384
v 0.308658 1.432916 0.277829
v 0.350753 1.324593 0.322921
v 0.392847 1.216270 0.368013
v 0.427393 1.084278 0.405019
v 0.461940 0.952287 0.442025
v 0.422414 0.801698 0.457985
v 0.382889 0.693131 0.442648
v 0.241603 1.593898 0.157907
v 0.270598 1.593898 0.140875
v 0.350753 1.432916 0.253102
v 0.446424 1.216270 0.336542
v 0.524939 0.952287 0.405019
v 0.435107 0.722419 0.429086
v 0.179527 1.513407 0.257413
v 0.212607 1.432916 0.314576
v 0.241603 1.324593 0.364679
v 0.270598 1.216270 0.414783
v 0.294394 1.084278 0.455902
v 0.318189 0.952287 0.497021
v 0.290964 0.771203 0.509774
v 0.263739 0.633624 0.477002
v 0.390064 0.952287 0.469523
v 0.331723 1.216270 0.391398
v 0.323314 0.656912 0.461424
v 0.179527 1.593898 0.187595
v 0.212607 1.593898 0.174939
v 0.260633 1.432916 0.296202
v 0.091522 1.513407 0.276521
v 0.108386 1.432916 0.337205
v 0.123168 1.324593 0.390394
v 0.137950 1.216270 0.443584
v 0.150081 1.084278 0.487236
v 0.162212 0.952287 0.530887
v 0.148332 0.747019 0.541665
v 0.158733 0.575298 0.523585
v 0.110552 1.593898 0.208044
v 0.146447 1.593898 0.200250
v 0.160497 1.432916 0.325890
v 0.204274 1.216270 0.429184
v 0.240201 0.952287 0.513954
v 0.199096 0.586804 0.496498
v -0.000000 1.513407 0.282973
v -0.000000 1.432916 0.344845
v -0.000000 1.324593 0.399077
v -0.000000 1.216270 0.453309
v -0.000000 1.084278 0.497816
v -0.000000 0.952287 0.542322
v 0.000000 0.747019 0.552433
v 0.000000 0.504320 0.537869
v 0.067226 0.537162 0.551110
v 0.081106 0.952287 0.536605
v 0.037329 1.593898 0.218469
v 0.074658 1.593898 0.215837
v 0.054193 1.432916 0.341025
v 0.068975 1.216270 0.448446
v -0.000000 1.593898 0.221101
v 0.075040 1.084278 0.492526
v 0.061584 1.324593 0.394736
v 0.045761 1.513407 0.279747
v 0.074166 0.747019 0.547049
v 0.219648 0.747019 0.525719
v 0.222237 1.084278 0.471569
v 0.182385 1.324593 0.377537
v 0.135524 1.513407 0.266967
v 0.296178 1.324593 0.343800
v 0.220080 1.513407 0.241898
v 0.356689 0.771203 0.483879
v 0.360894 1.084278 0.430460
v 0.480023 0.816795 0.422430
v 0.485681 1.084278 0.370780
v 0.398588 1.324593 0.294822
v 0.296178 1.513407 0.205504
v -0.000907 1.457648 0.386408
v -0.000000 1.432916 0.344845
v 0.056359 1.659007 -0.363890
v 0.110552 1.659007 -0.292459
v 0.110552 1.609441 -0.535198
v 0.056359 1.708573 -0.173468
v 0.160497 1.659007 -0.188314
v 0.091522 1.708573 -0.158281
v 0.235664 1.609441 -0.378197
v 0.000000 1.659007 -0.445593
v 0.037329 1.582471 -0.592187
v 0.019030 1.708573 -0.217296
v 0.135525 1.659007 -0.240387
v 0.083456 1.659007 -0.328175
v 0.028180 1.659007 -0.404741
v 0.000000 1.448458 -0.513351
v 0.000000 0.967829 -0.595131
v 0.000000 0.474718 -0.702004
v 0.000000 0.243985 -0.715757
v 0.000000 -0.332051 -0.644943
v 0.000000 -1.300061 -0.622535
v -0.038060 1.708573 -0.179257
v -0.074658 1.595211 -0.563798
v -0.108386 1.448458 -0.517717
v -0.137950 1.231812 -0.496392
v -0.162212 0.967829 -0.583695
v -0.134453 0.666652 -0.515618
v -0.191342 0.474718 -0.688515
v -0.195090 0.243985 -0.702004
v -0.175789 -0.332051 -0.632550
v -0.156560 -0.878338 -0.579885
v -0.166895 -1.300061 -0.610607
v -0.074658 1.708573 -0.167680
v -0.183166 1.609441 -0.472379
v -0.249327 1.448458 -0.458239
v -0.270598 1.231812 -0.467591
v -0.318190 0.967829 -0.549829
v -0.263739 0.666652 -0.485701
v -0.375330 0.474718 -0.648567
v -0.382683 0.243985 -0.661274
v -0.344822 -0.332051 -0.595850
v -0.306024 -0.878338 -0.546340
v -0.326297 -1.300061 -0.575280
v -0.108386 1.708573 -0.148881
v -0.257986 1.609441 -0.258599
v -0.354037 1.448458 -0.361489
v -0.392847 1.231812 -0.420821
v -0.461940 0.967829 -0.494833
v -0.382889 0.666652 -0.437120
v -0.544895 0.474718 -0.583695
v -0.555570 0.243985 -0.595130
v -0.500604 -0.332051 -0.536250
v -0.443770 -0.878338 -0.491867
v -0.473203 -1.300061 -0.517911
v -0.137950 1.708573 -0.123582
v -0.315976 1.609441 -0.224535
v -0.438226 1.448458 -0.312035
v -0.500000 1.231812 -0.357879
v -0.587938 0.967829 -0.420821
v -0.487325 0.666652 -0.371740
v -0.693520 0.474718 -0.496392
v -0.707107 0.243985 -0.506117
v -0.637148 -0.332051 -0.456043
v -0.564506 -0.878338 -0.418558
v -0.601967 -1.300061 -0.440707
v -0.162212 1.708573 -0.092755
v -0.363568 1.609441 -0.183027
v -0.507318 1.448458 -0.251776
v -0.587938 1.231812 -0.281184
v -0.691342 0.967829 -0.330637
v -0.573034 0.666652 -0.292074
v -0.815493 0.474718 -0.390013
v -0.831470 0.243985 -0.397653
v -0.749207 -0.332051 -0.358311
v -0.663591 -0.878338 -0.329231
v -0.707640 -1.300061 -0.346633
v 0.000000 1.742046 0.000000
v -0.180240 1.708573 -0.053437
v -0.379797 1.609441 -0.104820
v -0.539524 1.448458 -0.152175
v -0.653281 1.231812 -0.193683
v -0.768178 0.967829 -0.227747
v -0.636721 0.666652 -0.201184
v -0.906127 0.474718 -0.268645
v -0.923879 0.243985 -0.273908
v -0.832474 -0.332051 -0.246809
v -0.737218 -0.878338 -0.227318
v -0.786163 -1.300061 -0.239305
v -0.191342 1.708573 -0.027242
v -0.375330 1.609441 -0.053437
v -0.544895 1.448458 -0.077578
v -0.693520 1.231812 -0.098739
v -0.815493 0.967829 -0.116104
v -0.675940 0.666652 -0.102563
v -0.961940 0.474718 -0.136954
v -0.980785 0.243985 -0.139637
v -0.883750 -0.332051 -0.125822
v -0.782558 -0.878338 -0.116736
v -0.834517 -1.300061 -0.122847
v -0.195090 1.708573 0.000000
v -0.382683 1.609441 0.000000
v -0.555570 1.448458 0.000000
v -0.707107 1.231812 -0.000000
v -0.831469 0.967829 0.000000
v -0.689182 0.694034 -0.000000
v -0.980785 0.474718 0.000000
v -1.000000 0.243985 0.000000
v -0.901063 -0.332051 0.000000
v -0.797867 -0.878338 -0.001735
v -0.850844 -1.300061 -0.001735
v -0.191342 1.708573 0.027242
v -0.375330 1.609441 0.053437
v -0.544895 1.448458 0.077578
v -0.693520 1.231812 0.098738
v -0.815493 0.967829 0.116104
v -0.675940 0.694034 0.102563
v -0.961940 0.474718 0.136954
v -0.980785 0.153211 0.139637
v -0.883750 -0.332051 0.125822
v -0.782558 -0.878338 0.113266
v -0.834517 -1.300061 0.119377
v -0.180240 1.708573 0.053437
v -0.353553 1.609441 0.104820
v -0.513280 1.448458 0.152175
v -0.653281 1.231812 0.193683
v -0.768178 0.967829 0.227747
v -0.636721 0.718527 0.201184
v -0.906127 0.474718 0.268645
v -0.923879 0.153211 0.273909
v -0.832474 -0.332051 0.246809
v -0.737218 -0.878338 0.223848
v -0.786163 -1.300061 0.235835
v -0.162212 1.708573 0.077578
v -0.318190 1.609441 0.152175
v -0.461940 1.448458 0.220924
v -0.587938 1.231812 0.281183
v -0.691341 0.967829 0.330637
v -0.573034 0.718527 0.292074
v -0.815493 0.474718 0.390013
v -0.831469 0.153211 0.397653
v -0.749207 -0.332051 0.358311
v -0.663591 -0.878338 0.325761
v -0.707641 -1.300061 0.343163
v -0.137950 1.708573 0.098738
v -0.270598 1.609441 0.193683
v -0.392847 1.448458 0.281183
v -0.500000 1.231812 0.357879
v -0.587938 0.967829 0.420821
v -0.487325 0.782825 0.468400
v -0.693520 0.474718 0.496392
v -0.707106 0.153211 0.506117
v -0.637148 -0.332051 0.456043
v -0.564506 -0.878338 0.415088
v -0.601967 -1.300061 0.437237
v -0.108386 1.708573 0.116104
v -0.212607 1.609441 0.227747
v -0.382889 0.708673 0.495456
v -0.544895 0.474718 0.583695
v -0.555570 0.041034 0.619990
v -0.500604 -0.332051 0.536250
v -0.443770 -0.878338 0.488397
v -0.473203 -1.300061 0.514441
v -0.074658 1.708573 0.129008
v -0.146447 1.609441 0.253058
v -0.263739 0.649166 0.529810
v -0.375330 0.474718 0.648567
v -0.382683 0.041034 0.686133
v -0.344822 -0.332051 0.595849
v -0.306024 -0.878338 0.542870
v -0.326298 -1.300061 0.571810
v -0.038060 1.708573 0.136954
v -0.074658 1.609441 0.268645
v -0.158733 0.590840 0.576393
v -0.191342 0.474718 0.688515
v -0.195090 0.041034 0.726864
v -0.175789 -0.332051 0.632550
v -0.156560 -0.878338 0.576415
v -0.166896 -1.300061 0.607137
v 0.000000 1.708573 0.139637
v 0.000000 1.609441 0.273908
v 0.000000 0.519862 0.637627
v 0.000000 0.474718 0.702004
v 0.000000 0.041034 0.740617
v 0.000000 -0.332051 0.644943
v 0.000000 -0.878338 0.587741
v 0.000000 -1.300061 0.619065
v -0.005701 -1.469263 0.846061
v -0.173958 -1.469263 0.752040
v -0.392436 -1.469263 0.779712
v -0.523025 -1.469263 0.633656
v -0.737806 -1.469263 0.590766
v -0.790190 -1.469263 0.414910
v -0.968575 -1.469263 0.307988
v -0.934778 -1.469263 0.129105
v -1.049610 -1.469263 -0.025571
v -0.934778 -1.469263 -0.180248
v -0.968575 -1.469263 -0.359130
v -0.790190 -1.469263 -0.466053
v -0.737806 -1.469263 -0.641908
v 0.000000 1.708573 -0.255335
v 0.000000 1.569541 -0.635851
v -0.000000 1.231812 -0.506117
v 0.000000 0.666652 -0.525719
v 0.000000 -0.878338 -0.591211
v -0.523026 -1.469263 -0.684799
v -0.392436 -1.469263 -0.830855
v -0.173959 -1.469263 -0.803183
v -0.014955 -1.469263 -0.897204
v -0.331723 1.528949 0.237433
v -0.446424 1.340135 0.319531
v -0.543969 1.099821 0.389350
v -0.537632 0.873757 0.437132
v -0.241603 1.609441 0.210715
v -0.435107 0.737962 0.481894
v -0.323314 0.672454 0.514232
v -0.179527 1.609441 0.240402
v -0.110552 1.609441 0.260852
v -0.199096 0.602347 0.549306
v -0.067226 0.552704 0.603918
v -0.037329 1.609441 0.271277
v -0.331723 1.513407 0.184625
v -0.392847 1.432916 0.228376
v -0.446424 1.324593 0.266723
v -0.500000 1.216270 0.305071
v -0.543969 1.084278 0.336542
v -0.587938 0.952287 0.368013
v -0.537632 0.858215 0.384324
v -0.487325 0.767283 0.415592
v -0.260633 1.513407 0.226384
v -0.308658 1.432916 0.277829
v -0.350753 1.324593 0.322921
v -0.392847 1.216270 0.368013
v -0.427393 1.084278 0.405019
v -0.461940 0.952287 0.442025
v -0.422414 0.801698 0.457985
v -0.382889 0.693131 0.442648
v -0.241603 1.593898 0.157907
v -0.270598 1.593898 0.140875
v -0.350753 1.432916 0.253102
v -0.446424 1.216270 0.336542
v -0.524939 0.952287 0.405019
v -0.435107 0.722419 0.429086
v -0.179527 1.513407 0.257413
v -0.212607 1.432916 0.314576
v -0.241603 1.324593 0.364679
v -0.270598 1.216270 0.414783
v -0.294394 1.084278 0.455902
v -0.318189 0.952287 0.497021
v -0.290964 0.771203 0.509774
v -0.263739 0.633624 0.477002
v -0.390064 0.952287 0.469523
v -0.331723 1.216270 0.391398
v -0.323314 0.656912 0.461424
v -0.179527 1.593898 0.187595
v -0.212607 1.593898 0.174939
v -0.260633 1.432916 0.296202
v -0.091522 1.513407 0.276521
v -0.108386 1.432916 0.337205
v -0.123168 1.324593 0.390394
v -0.137950 1.216270 0.443584
v -0.150081 1.084278 0.487236
v -0.162212 0.952287 0.530887
v -0.148332 0.747019 0.541665
v -0.158733 0.575298 0.523585
v -0.110552 1.593898 0.208044
v -0.146447 1.593898 0.200250
v -0.160497 1.432916 0.325890
v -0.204274 1.216270 0.429184
v -0.240201 0.952287 0.513954
v -0.199096 0.586804 0.496498
v 0.000000 1.513407 0.282973
v 0.000000 1.432916 0.344845
v 0.000000 1.324593 0.399077
v 0.000000 1.216270 0.453309
v 0.000000 1.084278 0.497816
v 0.000000 0.952287 0.542322
v 0.000000 0.747019 0.552433
v 0.000000 0.504320 0.537869
v -0.067226 0.537162 0.551110
v -0.081106 0.952287 0.536605
v -0.037329 1.593898 0.218469
v -0.074658 1.593898 0.215837
v -0.054193 1.432916 0.341025
v -0.068975 1.216270 0.448446
v 0.000000 1.593898 0.221101
v -0.075040 1.084278 0.492526
v -0.061584 1.324593 0.394736
v -0.045761 1.513407 0.279747
v -0.074166 0.747019 0.547049
v -0.219648 0.747019 0.525719
v -0.222237 1.084278 0.471569
v -0.182385 1.324593 0.377537
v -0.135524 1.513407 0.266967
v -0.296178 1.324593 0.343800
v -0.220080 1.513407 0.241898
v -0.356689 0.771203 0.483879
v -0.360894 1.084278 0.430460
v -0.480023 0.816795 0.422430
v -0.485681 1.084278 0.370780
v -0.398588 1.324593 0.294822
v -0.296178 1.513407 0.205504
v 0.000907 1.457648 0.386408
v 0.000000 1.432916 0.344845
v -0.056359 1.659007 -0.363890
v -0.110552 1.659007 -0.292459
v -0.110552 1.609441 -0.535198
v -0.056359 1.708573 -0.173468
v -0.160497 1.659007 -0.188314
v -0.091522 1.708573 -0.158281
v -0.235664 1.609441 -0.378197
v 0.000000 1.659007 -0.445593
v -0.037329 1.582471 -0.592187
v -0.019030 1.708573 -0.217296
v -0.135525 1.659007 -0.240387
v -0.083456 1.659007 -0.328175
v -0.028180 1.659007 -0.404741
vn 0.0708 -0.0979 -0.9927
vn 0.3615 -0.4492 -0.8171
vn 0.0715 0.0740 -0.9947
vn 0.0217 -0.0643 -0.9977
vn 0.0667 0.3188 -0.9455
vn 0.0705 -0.2251 -0.9718
vn 0.0532 0.6762 -0.7348
vn 0.0702 0.0594 -0.9958
vn 0.2515 0.9597 -0.1258
vn 0.0698 -0.1217 -0.9901
vn 0.3598 0.9078 -0.2153
vn 0.2105 -0.1240 -0.9697
vn 0.2498 0.9290 -0.2732
vn 0.2142 -0.1022 -0.9714
vn 0.5217 -0.0032 -0.8531
vn 0.2170 0.0767 -0.9732
vn 0.3071 0.0097 -0.9516
vn 0.2007 0.3242 -0.9245
vn 0.2120 -0.2370 -0.9481
vn 0.1579 0.6885 -0.7079
vn 0.2118 0.0605 -0.9754
vn 0.0544 0.9836 -0.1721
vn 0.3539 -0.2602 -0.8984
vn 0.2572 0.7109 -0.6545
vn 0.3566 0.0627 -0.9321
vn 0.0877 0.9836 -0.1573
vn 0.3544 -0.1285 -0.9262
vn 0.4604 0.8306 -0.3133
vn 0.3600 -0.1111 -0.9263
vn 0.7738 0.4485 -0.4473
vn 0.3645 0.0819 -0.9276
vn 0.5233 0.2037 -0.8275
vn 0.3367 0.3349 -0.8801
vn 0.1940 0.8518 -0.4867
vn 0.5084 -0.1241 -0.8521
vn 0.3853 0.6491 -0.6559
vn 0.5145 0.0895 -0.8528
vn 0.4814 0.3107 -0.8196
vn 0.4743 0.3506 -0.8075
vn 0.4949 -0.2927 -0.8182
vn 0.3474 0.7401 -0.5758
vn 0.5054 0.0660 -0.8604
vn 0.1166 0.9838 -0.1363
vn 0.5018 -0.1352 -0.8543
vn 0.6305 -0.3313 -0.7020
vn 0.4247 0.7713 -0.4741
vn 0.6557 0.0703 -0.7518
vn 0.1400 0.9840 -0.1102
vn 0.6505 -0.1438 -0.7458
vn 0.3126 0.8977 -0.3105
vn 0.6566 -0.1403 -0.7411
vn 0.4864 0.6725 -0.5577
vn 0.6639 0.0989 -0.7412
vn 0.6210 0.3277 -0.7120
vn 0.6106 0.3703 -0.7001
vn 0.7956 -0.1577 -0.5849
vn 0.6808 0.7086 -0.1855
vn 0.8040 0.1090 -0.5846
vn 0.8014 0.4279 -0.4178
vn 0.7372 0.3919 -0.5505
vn 0.7519 -0.3707 -0.5452
vn 0.4856 0.7997 -0.3531
vn 0.7990 0.0751 -0.5967
vn 0.1609 0.9842 -0.0738
vn 0.7917 -0.1535 -0.5913
vn 0.4062 0.9061 -0.1184
vn 0.5276 0.8211 -0.2177
vn 0.9178 0.0795 -0.3890
vn 0.1624 0.9843 -0.0688
vn 0.9085 -0.1623 -0.3850
vn 0.4527 0.8908 -0.0387
vn 0.9089 -0.1733 -0.3792
vn 0.6985 0.7156 -0.0050
vn 0.9179 0.1179 -0.3788
vn 0.8199 0.5284 -0.2206
vn 0.8393 0.4112 -0.3557
vn 0.8460 -0.4038 -0.3482
vn 0.9836 0.1233 -0.1318
vn 0.8143 0.5696 -0.1120
vn 0.8977 0.4229 -0.1235
vn 0.8955 -0.4405 -0.0645
vn 0.5651 0.8077 -0.1680
vn 0.9873 0.0822 -0.1359
vn 0.1691 0.9853 -0.0233
vn 0.9766 -0.1677 -0.1344
vn 0.4663 0.8823 -0.0642
vn 0.9742 -0.1831 -0.1320
vn 0.6785 0.7287 -0.0934
vn 0.9850 0.0687 0.1581
vn 0.1691 0.9853 0.0233
vn 0.9806 -0.1820 0.0727
vn 0.4663 0.8823 0.0642
vn 0.9740 -0.1839 0.1319
vn 0.6785 0.7287 0.0934
vn 0.9836 0.1233 0.1318
vn 0.8143 0.5696 0.1120
vn 0.8977 0.4229 0.1235
vn 0.8818 -0.4567 0.1178
vn 0.5998 0.7961 0.0804
vn 0.7650 0.5565 0.3242
vn 0.8393 0.4112 0.3557
vn 0.8073 -0.4477 0.3844
vn 0.6124 0.7719 0.1706
vn 0.9192 0.0571 0.3896
vn 0.1624 0.9843 0.0688
vn 0.9037 -0.1916 0.3830
vn 0.4449 0.8755 0.1885
vn 0.9085 -0.1757 0.3791
vn 0.6419 0.7169 0.2720
vn 0.9179 0.1179 0.3788
vn 0.8001 0.0540 0.5975
vn 0.1494 0.9825 0.1116
vn 0.7880 -0.1813 0.5884
vn 0.4043 0.8634 0.3019
vn 0.7951 -0.1613 0.5846
vn 0.5748 0.6966 0.4293
vn 0.8040 0.1090 0.5846
vn 0.6772 0.5345 0.5057
vn 0.7372 0.3919 0.5505
vn 0.7292 -0.4343 0.5288
vn 0.5582 0.7236 0.4059
vn 0.6106 0.3703 0.7001
vn 0.7159 -0.3480 0.6053
vn 0.6833 0.6369 0.3571
vn 0.6564 0.0505 0.7527
vn 0.1306 0.9801 0.1498
vn 0.6477 -0.1700 0.7427
vn 0.3482 0.8482 0.3992
vn 0.6561 -0.1449 0.7406
vn 0.4864 0.6725 0.5577
vn 0.6639 0.0989 0.7412
vn 0.5656 0.5094 0.6485
vn 0.1069 0.9775 0.1820
vn 0.6009 -0.2078 0.7718
vn 0.2805 0.8327 0.4775
vn 0.5081 -0.1294 0.8515
vn 0.5145 0.0895 0.8528
vn 0.2853 0.3854 0.8775
vn 0.5377 0.0685 0.8404
vn 0.1738 0.5380 0.8248
vn 0.3560 0.0866 0.9305
vn 0.0792 0.9751 0.2071
vn 0.3456 -0.2537 0.9034
vn 0.2050 0.8190 0.5359
vn 0.3597 -0.1169 0.9257
vn 0.3645 0.0819 0.9276
vn 0.2055 -0.2498 0.9462
vn 0.1247 0.8090 0.5744
vn 0.2141 -0.1083 0.9708
vn 0.2170 0.0767 0.9732
vn 0.0788 0.6671 0.7408
vn 0.2114 0.0879 0.9734
vn 0.0487 0.9733 0.2243
vn -0.0139 0.7453 0.6666
vn 0.0700 0.0885 0.9936
vn 0.0164 0.9723 0.2331
vn 0.0681 -0.2478 0.9664
vn 0.0418 0.8038 0.5934
vn 0.0708 -0.1042 0.9920
vn 0.0715 0.0740 0.9947
vn 0.7120 0.6151 0.3386
vn 0.6436 0.6662 0.3768
vn 0.7572 0.6521 -0.0373
vn 0.2104 0.7703 -0.6020
vn 0.1726 0.7964 -0.5797
vn 0.0140 0.7231 0.6906
vn 0.7624 0.6460 0.0376
vn 0.0122 0.7989 -0.6013
vn 0.2402 0.6856 0.6872
vn 0.5994 0.7194 -0.3510
vn 0.2014 0.7248 0.6588
vn 0.4933 0.6378 0.5915
vn 0.3767 0.7707 -0.5139
vn 0.4218 0.7007 0.5754
vn 0.6709 0.6694 -0.3191
vn 0.4429 0.7223 -0.5311
vn -0.9061 -0.4059 0.1195
vn -0.8859 0.4450 -0.1310
vn -0.8260 -0.5407 0.1592
vn -0.9512 -0.2961 0.0871
vn 0.0612 -0.9575 0.2818
vn -0.6150 0.7564 -0.2226
vn -0.5216 0.8185 -0.2409
vn -0.5579 0.7962 -0.2343
vn -0.4362 0.8632 -0.2541
vn -0.6678 0.7141 -0.2102
vn 0.0199 -0.9591 0.2823
vn -0.4537 0.8732 -0.1779
vn 0.1636 -0.9464 0.2785
vn 0.1074 -0.9538 0.2807
vn -0.4095 0.8752 -0.2576
vn -0.4201 0.8705 -0.2562
vn -0.8834 0.4495 -0.1323
vn 0.3853 0.6491 0.6559
vn 0.4427 0.4858 0.7537
vn 0.4743 0.3506 0.8075
vn 0.5197 -0.0539 0.8526
vn 0.3367 0.3349 0.8801
vn 0.3617 0.0093 0.9322
vn 0.2776 0.6295 0.7257
vn 0.3160 0.4667 0.8260
vn 0.1672 0.6156 0.7701
vn 0.1891 0.4535 0.8710
vn 0.2007 0.3242 0.9245
vn 0.2149 0.0356 0.9760
vn 0.0712 0.0487 0.9963
vn 0.0558 0.6085 0.7916
vn 0.0629 0.4468 0.8924
vn 0.0667 0.3188 0.9455
vn -0.0503 -0.0224 0.9985
vn 0.2023 -0.0341 0.9787
vn 0.0712 0.0479 0.9963
vn 0.3686 -0.1422 0.9186
vn 0.3625 -0.2453 0.8991
vn 0.2093 0.0361 0.9772
vn 0.3481 -0.2799 0.8947
vn 0.4552 -0.2916 0.8413
vn 0.3606 0.0060 0.9327
vn 0.4741 -0.2336 0.8490
vn 0.4594 -0.0547 0.8865
vn 0.5519 -0.1075 0.8270
vn -0.6346 0.7086 -0.3085
vn -0.0566 -0.5943 -0.8023
vn -0.1777 -0.5465 -0.8184
vn -0.3229 -0.4280 -0.8441
vn -0.4977 -0.1855 -0.8473
vn 0.3606 0.9274 -0.0993
vn 0.2761 0.9499 -0.1463
vn 0.3947 0.8787 -0.2686
vn 0.1940 0.9612 -0.1963
vn 0.0506 0.9635 -0.2628
vn 0.2244 0.9431 -0.2455
vn 0.1633 0.9312 -0.3258
vn 0.3127 0.8723 -0.3758
vn 0.3783 0.8976 -0.2264
vn 0.0708 0.0979 0.9927
vn 0.3615 0.4492 0.8171
vn 0.0715 -0.0740 0.9947
vn 0.0217 0.0643 0.9977
vn 0.0667 -0.3188 0.9455
vn 0.0705 0.2251 0.9718
vn 0.0532 -0.6762 0.7348
vn 0.0702 -0.0594 0.9958
vn 0.2515 -0.9597 0.1258
vn 0.0698 0.1217 0.9901
vn 0.3598 -0.9078 0.2153
vn 0.2105 0.1240 0.9697
vn 0.2498 -0.9290 0.2732
vn 0.2142 0.1022 0.9714
vn 0.5217 0.0032 0.8531
vn 0.2170 -0.0767 0.9732
vn 0.3071 -0.0097 0.9516
vn 0.2007 -0.3242 0.9245
vn 0.2120 0.2370 0.9481
vn 0.1579 -0.6885 0.7079
vn 0.2118 -0.0605 0.9754
vn 0.0544 -0.9836 0.1721
vn 0.3539 0.2602 0.8984
vn 0.2572 -0.7109 0.6545
vn 0.3566 -0.0627 0.9321
vn 0.0877 -0.9836 0.1573
vn 0.3544 0.1285 0.9262
vn 0.4604 -0.8306 0.3133
vn 0.3600 0.1111 0.9263
vn 0.7738 -0.4485 0.4473
vn 0.3645 -0.0819 0.9276
vn 0.5233 -0.2037 0.8275
vn 0.3367 -0.3349 0.8801
vn 0.1940 -0.8518 0.4867
vn 0.5084 0.1241 0.8521
vn 0.3853 -0.6491 0.6559
vn 0.5145 -0.0895 0.8528
vn 0.4814 -0.3107 0.8196
vn 0.4743 -0.3506 0.8075
vn 0.4949 0.2927 0.8182
vn 0.3474 -0.7401 0.5758
vn 0.5054 -0.0660 0.8604
vn 0.1166 -0.9838 0.1363
vn 0.5018 0.1352 0.8543
vn 0.6305 0.3313 0.7020
vn 0.4247 -0.7713 0.4741
vn 0.6557 -0.0703 0.7518
vn 0.1400 -0.9840 0.1102
vn 0.6505 0.1438 0.7458
vn 0.3126 -0.8977 0.3105
vn 0.6566 0.1403 0.7411
vn 0.4864 -0.6725 0.5577
vn 0.6639 -0.0989 0.7412
vn 0.6210 -0.3277 0.7120
vn 0.6106 -0.3703 0.7001
vn 0.7956 0.1577 0.5849
vn 0.6808 -0.7086 0.1855
vn 0.8040 -0.1090 0.5846
vn 0.8014 -0.4279 0.4178
vn 0.7372 -0.3919 0.5505
vn 0.7519 0.3707 0.5452
vn 0.4856 -0.7997 0.3531
vn 0.7990 -0.0751 0.5967
vn 0.1609 -0.9842 0.0738
vn 0.7917 0.1535 0.5913
vn 0.4062 -0.9061 0.1184
vn 0.5276 -0.8211 0.2177
vn 0.9178 -0.0795 0.3890
vn 0.1624 -0.9843 0.0688
vn 0.9085 0.1623 0.3850
vn 0.4527 -0.8908 0.0387
vn 0.9089 0.1733 0.3792
vn 0.6985 -0.7156 0.0050
vn 0.9179 -0.1179 0.3788
vn 0.8199 -0.5284 0.2206
vn 0.8393 -0.4112 0.3557
vn 0.8460 0.4038 0.3482
vn 0.9836 -0.1233 0.1318
vn 0.8143 -0.5696 0.1120
vn 0.8977 -0.4229 0.1235
vn 0.8955 0.4405 0.0645
vn 0.5651 -0.8077 0.1680
vn 0.9873 -0.0822 0.1359
vn 0.1691 -0.9853 0.0233
vn 0.9766 0.1677 0.1344
vn 0.4663 -0.8823 0.0642
vn 0.9742 0.1831 0.1320
vn 0.6785 -0.7287 0.0934
vn 0.9850 -0.0687 -0.1581
vn 0.1691 -0.9853 -0.0233
vn 0.9806 0.1820 -0.0727
vn 0.4663 -0.8823 -0.0642
vn 0.9740 0.1839 -0.1319
vn 0.6785 -0.7287 -0.0934
vn 0.9836 -0.1233 -0.1318
vn 0.8143 -0.5696 -0.1120
vn 0.8977 -0.4229 -0.1235
vn 0.8818 0.4567 -0.1178
vn 0.5998 -0.7961 -0.0804
vn 0.7650 -0.5565 -0.3242
vn 0.8393 -0.4112 -0.3557
vn 0.8073 0.4477 -0.3844
vn 0.6124 -0.7719 -0.1706
vn 0.9192 -0.0571 -0.3896
vn 0.1624 -0.9843 -0.0688
vn 0.9037 0.1916 -0.3830
vn 0.4449 -0.8755 -0.1885
vn 0.9085 0.1757 -0.3791
vn 0.6419 -0.7169 -0.2720
vn 0.9179 -0.1179 -0.3788
vn 0.8001 -0.0540 -0.5975
vn 0.1494 -0.9825 -0.1116
vn 0.7880 0.1813 -0.5884
vn 0.4043 -0.8634 -0.3019
vn 0.7951 0.1613 -0.5846
vn 0.5748 -0.6966 -0.4293
vn 0.8040 -0.1090 -0.5846
vn 0.6772 -0.5345 -0.5057
vn 0.7372 -0.3919 -0.5505
vn 0.7292 0.4343 -0.5288
vn 0.5582 -0.7236 -0.4059
vn 0.6106 -0.3703 -0.7001
vn 0.7159 0.3480 -0.6053
vn 0.6833 -0.6369 -0.3571
vn 0.6564 -0.0505 -0.7527
vn 0.1306 -0.9801 -0.1498
vn 0.6477 0.1700 -0.7427
vn 0.3482 -0.8482 -0.3992
vn 0.6561 0.1449 -0.7406
vn 0.4864 -0.6725 -0.5577
vn 0.6639 -0.0989 -0.7412
vn 0.5656 -0.5094 -0.6485
vn 0.1069 -0.9775 -0.1820
vn 0.6009 0.2078 -0.7718
vn 0.2805 -0.8327 -0.4775
vn 0.5081 0.1294 -0.8515
vn 0.5145 -0.0895 -0.8528
vn 0.2853 -0.3854 -0.8775
vn 0.5377 -0.0685 -0.8404
vn 0.1738 -0.5380 -0.8248
vn 0.3560 -0.0866 -0.9305
vn 0.0792 -0.9751 -0.2071
vn 0.3456 0.2537 -0.9034
vn 0.2050 -0.8190 -0.5359
vn 0.3597 0.1169 -0.9257
vn 0.3645 -0.0819 -0.9276
vn 0.2055 0.2498 -0.9462
vn 0.1247 -0.8090 -0.5744
vn 0.2141 0.1083 -0.9708
vn 0.2170 -0.0767 -0.9732
vn 0.0788 -0.6671 -0.7408
vn 0.2114 -0.0879 -0.9734
vn 0.0487 -0.9733 -0.2243
vn -0.0139 -0.7453 -0.6666
vn 0.0700 -0.0885 -0.9936
vn 0.0164 -0.9723 -0.2331
vn 0.0681 0.2478 -0.9664
vn 0.0418 -0.8038 -0.5934
vn 0.0708 0.1042 -0.9920
vn 0.0715 -0.0740 -0.9947
vn 0.7120 -0.6151 -0.3386
vn 0.6436 -0.6662 -0.3768
vn 0.7572 -0.6521 0.0373
vn 0.2104 -0.7703 0.6020
vn 0.1855 -0.8000 0.5706
vn 0.0140 -0.7231 -0.6906
vn 0.7624 -0.6460 -0.0376
vn 0.0122 -0.7989 0.6013
vn 0.2402 -0.6856 -0.6872
vn 0.5994 -0.7194 0.3510
vn 0.2069 -0.7271 -0.6546
vn 0.4933 -0.6378 -0.5915
vn 0.3767 -0.7707 0.5139
vn 0.4218 -0.7007 -0.5754
vn 0.6709 -0.6694 0.3191
vn 0.4429 -0.7223 0.5311
vn -0.9061 0.4059 -0.1195
vn -0.8859 -0.4450 0.1310
vn -0.8260 0.5407 -0.1592
vn -0.9512 0.2961 -0.0871
vn 0.0612 0.9575 -0.2818
vn -0.6150 -0.7564 0.2226
vn -0.5216 -0.8185 0.2409
vn -0.5579 -0.7962 0.2343
vn -0.4362 -0.8632 0.2541
vn -0.6678 -0.7141 0.2102
vn 0.0199 0.9591 -0.2823
vn -0.4537 -0.8732 0.1779
vn 0.1636 0.9464 -0.2785
vn 0.1074 0.9538 -0.2807
vn -0.4095 -0.8752 0.2576
vn -0.4201 -0.8705 0.2562
vn -0.8834 -0.4495 0.1323
vn 0.3853 -0.6491 -0.6559
vn 0.4427 -0.4858 -0.7537
vn 0.4743 -0.3506 -0.8075
vn 0.5197 0.0539 -0.8526
vn 0.3367 -0.3349 -0.8801
vn 0.3617 -0.0093 -0.9322
vn 0.2776 -0.6295 -0.7257
vn 0.3160 -0.4667 -0.8260
vn 0.1672 -0.6156 -0.7701
vn 0.1891 -0.4535 -0.8710
vn 0.2007 -0.3242 -0.9245
vn 0.2149 -0.0356 -0.9760
vn 0.0712 -0.0487 -0.9963
vn 0.0558 -0.6085 -0.7916
vn 0.0629 -0.4468 -0.8924
vn 0.0667 -0.3188 -0.9455
vn -0.0503 0.0224 -0.9985
vn 0.2023 0.0341 -0.9787
vn 0.0712 -0.0479 -0.9963
vn 0.3686 0.1422 -0.9186
vn 0.3625 0.2453 -0.8991
vn 0.2093 -0.0361 -0.9772
vn 0.3481 0.2799 -0.8947
vn 0.4552 0.2916 -0.8413
vn 0.3606 -0.0060 -0.9327
vn 0.4741 0.2336 -0.8490
vn 0.4594 0.0547 -0.8865
vn 0.5519 0.1075 -0.8270
vn -0.6346 -0.7086 0.3085
vn -0.0566 0.5943 0.8023
vn -0.1777 0.5465 0.8184
vn -0.3229 0.4280 0.8441
vn -0.4977 0.1855 0.8473
vn 0.3606 -0.9274 0.0993
vn 0.2761 -0.9499 0.1463
vn 0.3947 -0.8787 0.2686
vn 0.1940 -0.9612 0.1963
vn 0.0506 -0.9635 0.2628
vn 0.2244 -0.9431 0.2455
vn 0.1633 -0.9312 0.3258
vn 0.3127 -0.8723 0.3758
vn 0.3783 -0.8976 0.2264
vn -0.0000 1.0000 -0.0000
vn -0.0000 -1.0000 -0.0000
vt 0.750000 0.375000
vt 0.750000 0.437500
vt 0.718750 0.437500
vt 0.718750 0.375000
vt 0.750000 0.812500
vt 0.750000 0.875000
vt 0.734375 0.875000
vt 0.718750 0.875000
vt 0.718750 0.812500
vt 0.750000 0.312500
vt 0.718750 0.312500
vt 0.750000 0.750000
vt 0.718750 0.750000
vt 0.750000 0.687500
vt 0.718750 0.687500
vt 0.750000 0.625000
vt 0.718750 0.625000
vt 0.750000 0.562500
vt 0.718750 0.562500
vt 0.750000 0.500000
vt 0.718750 0.500000
vt 0.750000 0.937500
vt 0.734375 1.000000
vt 0.718750 0.937500
vt 0.734375 0.937500
vt 0.734375 0.906250
vt 0.718750 0.906250
vt 0.687500 0.500000
vt 0.687500 0.437500
vt 0.703125 0.906250
vt 0.703125 0.937500
vt 0.687500 0.937500
vt 0.687500 0.906250
vt 0.687500 0.375000
vt 0.703125 0.875000
vt 0.687500 0.875000
vt 0.687500 0.812500
vt 0.687500 0.312500
vt 0.687500 0.750000
vt 0.687500 0.687500
vt 0.687500 0.625000
vt 0.687500 0.562500
vt 0.703125 1.000000
vt 0.656250 0.687500
vt 0.656250 0.625000
vt 0.656250 0.562500
vt 0.656250 0.500000
vt 0.671875 1.000000
vt 0.656250 0.937500
vt 0.671875 0.937500
vt 0.656250 0.437500
vt 0.671875 0.906250
vt 0.656250 0.906250
vt 0.656250 0.375000
vt 0.671875 0.875000
vt 0.656250 0.875000
vt 0.656250 0.812500
vt 0.656250 0.312500
vt 0.656250 0.750000
vt 0.625000 0.937500
vt 0.625000 0.875000
vt 0.625000 0.437500
vt 0.625000 0.375000
vt 0.625000 0.812500
vt 0.625000 0.312500
vt 0.625000 0.750000
vt 0.625000 0.687500
vt 0.625000 0.625000
vt 0.625000 0.562500
vt 0.625000 0.500000
vt 0.640625 1.000000
vt 0.593750 0.687500
vt 0.593750 0.625000
vt 0.593750 0.562500
vt 0.593750 0.500000
vt 0.609375 1.000000
vt 0.593750 0.937500
vt 0.593750 0.437500
vt 0.593750 0.875000
vt 0.593750 0.375000
vt 0.593750 0.812500
vt 0.593750 0.312500
vt 0.593750 0.750000
vt 0.562500 0.437500
vt 0.562500 0.375000
vt 0.562500 0.875000
vt 0.562500 0.812500
vt 0.562500 0.312500
vt 0.562500 0.750000
vt 0.562500 0.687500
vt 0.562500 0.625000
vt 0.562500 0.562500
vt 0.562500 0.500000
vt 0.578125 1.000000
vt 0.562500 0.937500
vt 0.531250 0.625000
vt 0.531250 0.562500
vt 0.531250 0.500000
vt 0.546875 1.000000
vt 0.531250 0.937500
vt 0.531250 0.437500
vt 0.531250 0.875000
vt 0.531250 0.375000
vt 0.531250 0.812500
vt 0.531250 0.312500
vt 0.531250 0.750000
vt 0.531250 0.687500
vt 0.500000 0.375000
vt 0.500000 0.312500
vt 0.500000 0.812500
vt 0.500000 0.750000
vt 0.500000 0.687500
vt 0.500000 0.625000
vt 0.500000 0.562500
vt 0.500000 0.500000
vt 0.515625 1.000000
vt 0.500000 0.937500
vt 0.500000 0.437500
vt 0.500000 0.875000
vt 0.468750 0.562500
vt 0.468750 0.500000
vt 0.484375 1.000000
vt 0.468750 0.937500
vt 0.468750 0.437500
vt 0.468750 0.875000
vt 0.468750 0.375000
vt 0.468750 0.812500
vt 0.468750 0.312500
vt 0.468750 0.750000
vt 0.468750 0.687500
vt 0.468750 0.625000
vt 0.437500 0.812500
vt 0.437500 0.750000
vt 0.437500 0.687500
vt 0.437500 0.625000
vt 0.437500 0.562500
vt 0.437500 0.500000
vt 0.453125 1.000000
vt 0.437500 0.937500
vt 0.437500 0.437500
vt 0.437500 0.875000
vt 0.437500 0.375000
vt 0.437500 0.312500
vt 0.406250 0.562500
vt 0.406250 0.500000
vt 0.421875 1.000000
vt 0.406250 0.937500
vt 0.406250 0.437500
vt 0.406250 0.875000
vt 0.406250 0.375000
vt 0.406250 0.812500
vt 0.406250 0.312500
vt 0.406250 0.750000
vt 0.406250 0.687500
vt 0.406250 0.625000
vt 0.375000 0.750000
vt 0.375000 0.718750
vt 0.375000 0.687500
vt 0.375000 0.656250
vt 0.375000 0.625000
vt 0.375000 0.562500
vt 0.375000 0.500000
vt 0.390625 1.000000
vt 0.375000 0.937500
vt 0.375000 0.437500
vt 0.375000 0.875000
vt 0.375000 0.375000
vt 0.375000 0.843750
vt 0.375000 0.812500
vt 0.375000 0.312500
vt 0.375000 0.781250
vt 0.359375 1.000000
vt 0.343750 0.937500
vt 0.343750 0.500000
vt 0.343750 0.437500
vt 0.343750 0.875000
vt 0.359375 0.875000
vt 0.343750 0.375000
vt 0.343750 0.312500
vt 0.359375 0.625000
vt 0.343750 0.625000
vt 0.343750 0.562500
vt 0.328125 0.625000
vt 0.312500 0.625000
vt 0.312500 0.562500
vt 0.312500 0.500000
vt 0.328125 1.000000
vt 0.312500 0.937500
vt 0.312500 0.437500
vt 0.312500 0.875000
vt 0.328125 0.875000
vt 0.312500 0.375000
vt 0.312500 0.312500
vt 0.281250 0.500000
vt 0.281250 0.437500
vt 0.281250 0.937500
vt 0.281250 0.875000
vt 0.296875 0.875000
vt 0.281250 0.375000
vt 0.281250 0.312500
vt 0.296875 0.625000
vt 0.281250 0.625000
vt 0.281250 0.562500
vt 0.296875 1.000000
vt 0.265625 0.625000
vt 0.250000 0.625000
vt 0.250000 0.562500
vt 0.250000 0.500000
vt 0.265625 1.000000
vt 0.250000 0.937500
vt 0.250000 0.437500
vt 0.250000 0.875000
vt 0.265625 0.875000
vt 0.250000 0.375000
vt 0.250000 0.312500
vt 0.359375 0.843750
vt 0.343750 0.843750
vt 0.359375 0.781250
vt 0.359375 0.812500
vt 0.343750 0.812500
vt 0.343750 0.781250
vt 0.359375 0.718750
vt 0.359375 0.750000
vt 0.343750 0.750000
vt 0.343750 0.718750
vt 0.359375 0.656250
vt 0.359375 0.687500
vt 0.343750 0.687500
vt 0.343750 0.656250
vt 0.328125 0.718750
vt 0.328125 0.750000
vt 0.312500 0.750000
vt 0.312500 0.718750
vt 0.328125 0.656250
vt 0.328125 0.687500
vt 0.312500 0.687500
vt 0.312500 0.656250
vt 0.328125 0.843750
vt 0.312500 0.843750
vt 0.328125 0.781250
vt 0.328125 0.812500
vt 0.312500 0.812500
vt 0.312500 0.781250
vt 0.296875 0.843750
vt 0.281250 0.843750
vt 0.296875 0.781250
vt 0.296875 0.812500
vt 0.281250 0.812500
vt 0.281250 0.781250
vt 0.296875 0.718750
vt 0.296875 0.750000
vt 0.281250 0.750000
vt 0.281250 0.718750
vt 0.296875 0.656250
vt 0.296875 0.687500
vt 0.281250 0.687500
vt 0.281250 0.656250
vt 0.265625 0.656250
vt 0.265625 0.687500
vt 0.250000 0.687500
vt 0.250000 0.656250
vt 0.265625 0.843750
vt 0.250000 0.843750
vt 0.265625 0.781250
vt 0.265625 0.812500
vt 0.250000 0.812500
vt 0.250000 0.781250
vt 0.265625 0.718750
vt 0.265625 0.750000
vt 0.250000 0.750000
vt 0.250000 0.718750
vt 0.000000 0.000000
vt 0.750000 0.906250
s 0
usemtl Material.001
f 189/1/1 5/2/1 15/3/1 16/4/1
f 1/5/2 186/6/2 297/7/2 8/8/2 9/9/2
f 6/10/3 189/1/3 16/4/3 17/11/3
f 187/12/4 1/5/4 9/9/4 10/13/4
f 2/14/5 187/12/5 10/13/5 11/15/5
f 188/16/6 2/14/6 11/15/6 12/17/6
f 3/18/7 188/16/7 12/17/7 13/19/7
f 4/20/8 3/18/8 13/19/8 14/21/8
f 185/22/9 62/23/9 7/24/9 298/25/9
f 5/2/10 4/20/10 14/21/10 15/3/10
f 301/26/11 298/25/11 7/24/11 289/27/11
f 15/3/12 14/21/12 25/28/12 26/29/12
f 300/30/13 292/31/13 18/32/13 290/33/13
f 16/4/14 15/3/14 26/29/14 27/34/14
f 9/9/15 8/8/15 291/35/15 19/36/15 20/37/15
f 17/11/16 16/4/16 27/34/16 28/38/16
f 10/13/17 9/9/17 20/37/17 21/39/17
f 11/15/18 10/13/18 21/39/18 22/40/18
f 12/17/19 11/15/19 22/40/19 23/41/19
f 13/19/20 12/17/20 23/41/20 24/42/20
f 14/21/21 13/19/21 24/42/21 25/28/21
f 7/24/22 62/43/22 18/32/22 292/31/22
f 23/41/23 22/40/23 33/44/23 34/45/23
f 24/42/24 23/41/24 34/45/24 35/46/24
f 25/28/25 24/42/25 35/46/25 36/47/25
f 18/32/26 62/48/26 29/49/26 294/50/26
f 26/29/27 25/28/27 36/47/27 37/51/27
f 299/52/28 294/50/28 29/49/28 293/53/28
f 27/34/29 26/29/29 37/51/29 38/54/29
f 20/37/30 19/36/30 295/55/30 30/56/30 31/57/30
f 28/38/31 27/34/31 38/54/31 39/58/31
f 21/39/32 20/37/32 31/57/32 32/59/32
f 22/40/33 21/39/33 32/59/33 33/44/33
f 30/56/34 293/53/34 29/49/34 40/60/34 41/61/34
f 38/54/35 37/51/35 48/62/35 49/63/35
f 31/57/36 30/56/36 41/61/36 42/64/36
f 39/58/37 38/54/37 49/63/37 50/65/37
f 32/59/38 31/57/38 42/64/38 43/66/38
f 33/44/39 32/59/39 43/66/39 44/67/39
f 34/45/40 33/44/40 44/67/40 45/68/40
f 35/46/41 34/45/41 45/68/41 46/69/41
f 36/47/42 35/46/42 46/69/42 47/70/42
f 29/49/43 62/71/43 40/60/43
f 37/51/44 36/47/44 47/70/44 48/62/44
f 45/68/45 44/67/45 55/72/45 56/73/45
f 46/69/46 45/68/46 56/73/46 57/74/46
f 47/70/47 46/69/47 57/74/47 58/75/47
f 40/60/48 62/76/48 51/77/48
f 48/62/49 47/70/49 58/75/49 59/78/49
f 41/61/50 40/60/50 51/77/50 52/79/50
f 49/63/51 48/62/51 59/78/51 60/80/51
f 42/64/52 41/61/52 52/79/52 53/81/52
f 50/65/53 49/63/53 60/80/53 61/82/53
f 43/66/54 42/64/54 53/81/54 54/83/54
f 44/67/55 43/66/55 54/83/55 55/72/55
f 60/80/56 59/78/56 71/84/56 72/85/56
f 53/81/57 52/79/57 64/86/57 65/87/57
f 61/82/58 60/80/58 72/85/58 73/88/58
f 54/83/59 53/81/59 65/87/59 66/89/59
f 55/72/60 54/83/60 66/89/60 67/90/60
f 56/73/61 55/72/61 67/90/61 68/91/61
f 57/74/62 56/73/62 68/91/62 69/92/62
f 58/75/63 57/74/63 69/92/63 70/93/63
f 51/77/64 62/94/64 63/95/64
f 59/78/65 58/75/65 70/93/65 71/84/65
f 52/79/66 51/77/66 63/95/66 64/86/66
f 69/92/67 68/91/67 79/96/67 80/97/67
f 70/93/68 69/92/68 80/97/68 81/98/68
f 63/95/69 62/99/69 74/100/69
f 71/84/70 70/93/70 81/98/70 82/101/70
f 64/86/71 63/95/71 74/100/71 75/102/71
f 72/85/72 71/84/72 82/101/72 83/103/72
f 65/87/73 64/86/73 75/102/73 76/104/73
f 73/88/74 72/85/74 83/103/74 84/105/74
f 66/89/75 65/87/75 76/104/75 77/106/75
f 67/90/76 66/89/76 77/106/76 78/107/76
f 68/91/77 67/90/77 78/107/77 79/96/77
f 84/105/78 83/103/78 94/108/78 95/109/78
f 77/106/79 76/104/79 87/110/79 88/111/79
f 78/107/80 77/106/80 88/111/80 89/112/80
f 79/96/81 78/107/81 89/112/81 90/113/81
f 80/97/82 79/96/82 90/113/82 91/114/82
f 81/98/83 80/97/83 91/114/83 92/115/83
f 74/100/84 62/116/84 85/117/84
f 82/101/85 81/98/85 92/115/85 93/118/85
f 75/102/86 74/100/86 85/117/86 86/119/86
f 83/103/87 82/101/87 93/118/87 94/108/87
f 76/104/88 75/102/88 86/119/88 87/110/88
f 92/115/89 91/114/89 102/120/89 103/121/89
f 85/117/90 62/122/90 96/123/90
f 93/118/91 92/115/91 103/121/91 104/124/91
f 86/119/92 85/117/92 96/123/92 97/125/92
f 94/108/93 93/118/93 104/124/93 105/126/93
f 87/110/94 86/119/94 97/125/94 98/127/94
f 95/109/95 94/108/95 105/126/95 106/128/95
f 88/111/96 87/110/96 98/127/96 99/129/96
f 89/112/97 88/111/97 99/129/97 100/130/97
f 90/113/98 89/112/98 100/130/98 101/131/98
f 91/114/99 90/113/99 101/131/99 102/120/99
f 99/129/100 98/127/100 109/132/100 110/133/100
f 100/130/101 99/129/101 110/133/101 111/134/101
f 101/131/102 100/130/102 111/134/102 112/135/102
f 102/120/103 101/131/103 112/135/103 113/136/103
f 103/121/104 102/120/104 113/136/104 114/137/104
f 96/123/105 62/138/105 107/139/105
f 104/124/106 103/121/106 114/137/106 115/140/106
f 97/125/107 96/123/107 107/139/107 108/141/107
f 105/126/108 104/124/108 115/140/108 116/142/108
f 98/127/109 97/125/109 108/141/109 109/132/109
f 106/128/110 105/126/110 116/142/110 117/143/110
f 114/137/111 113/136/111 124/144/111 125/145/111
f 107/139/112 62/146/112 118/147/112
f 115/140/113 114/137/113 125/145/113 126/148/113
f 108/141/114 107/139/114 118/147/114 119/149/114
f 116/142/115 115/140/115 126/148/115 127/150/115
f 109/132/116 108/141/116 119/149/116 120/151/116
f 117/143/117 116/142/117 127/150/117 128/152/117
f 110/133/118 109/132/118 120/151/118 121/153/118
f 111/134/119 110/133/119 121/153/119 122/154/119
f 112/135/120 111/134/120 122/154/120 123/155/120
f 113/136/121 112/135/121 123/155/121 124/144/121
f 122/154/122 121/153/122 132/156/122 196/157/122 133/158/122
f 123/155/123 122/154/123 133/158/123 197/159/123 134/160/123
f 124/144/124 123/155/124 134/160/124 135/161/124
f 125/145/125 124/144/125 135/161/125 136/162/125
f 118/147/126 62/163/126 129/164/126
f 126/148/127 125/145/127 136/162/127 137/165/127
f 119/149/128 118/147/128 129/164/128 130/166/128
f 127/150/129 126/148/129 137/165/129 138/167/129
f 120/151/130 119/149/130 130/166/130 194/168/130 131/169/130
f 128/152/131 127/150/131 138/167/131 139/170/131
f 121/153/132 120/151/132 131/169/132 195/171/132 132/156/132
f 129/164/133 62/172/133 140/173/133
f 137/165/134 136/162/134 144/174/134 145/175/134
f 130/166/135 129/164/135 140/173/135 141/176/135 198/177/135
f 138/167/136 137/165/136 145/175/136 146/178/136
f 139/170/137 138/167/137 146/178/137 147/179/137
f 135/161/138 134/160/138 199/180/138 142/181/138 143/182/138
f 136/162/139 135/161/139 143/182/139 144/174/139
f 143/182/140 142/181/140 200/183/140 150/184/140 151/185/140
f 144/174/141 143/182/141 151/185/141 152/186/141
f 140/173/142 62/187/142 148/188/142
f 145/175/143 144/174/143 152/186/143 153/189/143
f 141/176/144 140/173/144 148/188/144 149/190/144 201/191/144
f 146/178/145 145/175/145 153/189/145 154/192/145
f 147/179/146 146/178/146 154/192/146 155/193/146
f 153/189/147 152/186/147 160/194/147 161/195/147
f 149/190/148 148/188/148 156/196/148 157/197/148 202/198/148
f 154/192/149 153/189/149 161/195/149 162/199/149
f 155/193/150 154/192/150 162/199/150 163/200/150
f 151/185/151 150/184/151 203/201/151 158/202/151 159/203/151
f 152/186/152 151/185/152 159/203/152 160/194/152
f 148/188/153 62/204/153 156/196/153
f 159/203/154 158/202/154 204/205/154 166/206/154 167/207/154
f 160/194/155 159/203/155 167/207/155 168/208/155
f 156/196/156 62/209/156 164/210/156
f 161/195/157 160/194/157 168/208/157 169/211/157
f 157/197/158 156/196/158 164/210/158 165/212/158 205/213/158
f 162/199/159 161/195/159 169/211/159 170/214/159
f 163/200/160 162/199/160 170/214/160 171/215/160
f 95/109/161 106/128/161 179/128/161 180/109/161
f 128/152/162 139/170/162 176/170/162 177/152/162
f 73/88/163 84/105/163 181/105/163 182/88/163
f 39/58/164 50/65/164 184/65/164 190/58/164
f 6/10/165 17/11/165 192/11/165 193/10/165
f 155/193/166 163/200/166 173/200/166 174/193/166
f 106/128/167 117/143/167 178/143/167 179/128/167
f 17/11/168 28/38/168 191/38/168 192/11/168
f 139/170/169 147/179/169 175/179/169 176/170/169
f 50/65/170 61/82/170 183/82/170 184/65/170
f 163/200/171 171/215/171 172/215/171 173/200/171
f 117/143/172 128/152/172 177/152/172 178/143/172
f 28/38/173 39/58/173 190/58/173 191/38/173
f 147/179/174 155/193/174 174/193/174 175/179/174
f 84/105/175 95/109/175 180/109/175 181/105/175
f 61/82/176 73/88/176 182/88/176 183/82/176
f 195/171/177 131/169/177 207/169/177 208/171/177
f 134/160/178 197/159/178 212/159/178 213/160/178
f 194/168/179 130/166/179 223/166/179 206/168/179
f 133/158/180 196/157/180 210/157/180 211/158/180
f 202/198/181 157/197/181 267/197/181 250/198/181
f 132/156/177 195/171/177 208/171/177 209/156/177
f 203/201/182 150/184/182 235/184/182 255/201/182
f 142/181/183 199/180/183 227/180/183 221/181/183
f 131/169/179 194/168/179 206/168/179 207/169/179
f 200/183/184 142/181/184 221/181/184 238/183/184
f 204/205/185 158/202/185 249/202/185 264/205/185
f 199/180/186 134/160/186 213/160/186 227/180/186
f 205/213/187 165/212/187 270/212/187 266/213/187
f 166/206/188 204/205/188 264/205/188 263/206/188
f 198/177/189 141/176/189 240/176/189 222/177/189
f 201/191/190 149/190/190 251/190/190 239/191/190
f 150/184/191 200/183/191 238/183/191 235/184/191
f 149/190/181 202/198/181 250/198/181 251/190/181
f 130/166/189 198/177/189 222/177/189 223/166/189
f 157/197/187 205/213/187 266/213/187 267/197/187
f 158/202/192 203/201/192 255/201/192 249/202/192
f 197/159/193 133/158/193 211/158/193 212/159/193
f 141/176/190 201/191/190 239/191/190 240/176/190
f 196/157/180 132/156/180 209/156/180 210/157/180
f 286/216/194 222/177/194 240/176/194 214/217/194
f 285/218/195 224/219/195 215/220/195 216/221/195
f 284/222/196 225/223/196 217/224/196 218/225/196
f 283/226/197 226/227/197 219/228/197 220/229/197
f 282/230/198 237/231/198 231/232/198 232/233/198
f 281/234/199 236/235/199 233/236/199 234/237/199
f 280/238/200 239/191/200 251/190/200 228/239/200
f 279/240/201 241/241/201 229/242/201 230/243/201
f 278/244/202 250/198/202 267/197/202 242/245/202
f 277/246/203 252/247/203 243/248/203 244/249/203
f 276/250/204 253/251/204 245/252/204 246/253/204
f 275/254/205 254/255/205 247/256/205 248/257/205
f 274/258/206 265/259/206 261/260/206 262/261/206
f 273/262/207 266/213/207 270/212/207 256/263/207
f 272/264/208 268/265/208 257/266/208 258/267/208
f 271/268/209 269/269/209 259/270/209 260/271/209
f 265/259/209 271/268/209 260/271/209 261/260/209
f 247/256/209 246/253/209 271/268/209 265/259/209
f 246/253/209 245/252/209 269/269/209 271/268/209
f 269/269/208 272/264/208 258/267/208 259/270/208
f 245/252/208 244/249/208 272/264/208 269/269/208
f 244/249/208 243/248/208 268/265/208 272/264/208
f 268/265/207 273/262/207 256/263/207 257/266/207
f 243/248/207 242/245/207 273/262/207 268/265/207
f 242/245/207 267/197/207 266/213/207 273/262/207
f 264/205/210 274/258/210 262/261/210 263/206/210
f 249/202/211 248/257/211 274/258/211 264/205/211
f 248/257/212 247/256/212 265/259/212 274/258/212
f 255/201/213 275/254/213 248/257/213 249/202/213
f 235/184/214 234/237/214 275/254/214 255/201/214
f 234/237/215 233/236/215 254/255/215 275/254/215
f 254/255/204 276/250/204 246/253/204 247/256/204
f 233/236/204 232/233/204 276/250/204 254/255/204
f 232/233/204 231/232/204 253/251/204 276/250/204
f 253/251/203 277/246/203 244/249/203 245/252/203
f 231/232/203 230/243/203 277/246/203 253/251/203
f 230/243/203 229/242/203 252/247/203 277/246/203
f 252/247/202 278/244/202 242/245/202 243/248/202
f 229/242/202 228/239/202 278/244/202 252/247/202
f 228/239/202 251/190/202 250/198/202 278/244/202
f 237/231/201 279/240/201 230/243/201 231/232/201
f 217/224/201 216/221/201 279/240/201 237/231/201
f 216/221/201 215/220/201 241/241/201 279/240/201
f 241/241/200 280/238/200 228/239/200 229/242/200
f 215/220/200 214/217/200 280/238/200 241/241/200
f 214/217/200 240/176/200 239/191/200 280/238/200
f 238/183/216 281/234/216 234/237/216 235/184/216
f 221/181/217 220/229/217 281/234/217 238/183/217
f 220/229/218 219/228/218 236/235/218 281/234/218
f 236/235/198 282/230/198 232/233/198 233/236/198
f 219/228/198 218/225/198 282/230/198 236/235/198
f 218/225/198 217/224/198 237/231/198 282/230/198
f 227/180/219 283/226/219 220/229/219 221/181/219
f 213/160/220 212/159/220 283/226/220 227/180/220
f 212/159/221 211/158/221 226/227/221 283/226/221
f 226/227/196 284/222/196 218/225/196 219/228/196
f 211/158/196 210/157/196 284/222/196 226/227/196
f 210/157/196 209/156/196 225/223/196 284/222/196
f 225/223/195 285/218/195 216/221/195 217/224/195
f 209/156/195 208/171/195 285/218/195 225/223/195
f 208/171/195 207/169/195 224/219/195 285/218/195
f 224/219/194 286/216/194 214/217/194 215/220/194
f 207/169/194 206/168/194 286/216/194 224/219/194
f 206/168/194 223/166/194 222/177/194 286/216/194
f 287/212/222 130/166/222 223/166/222 288/212/222
f 205/213/223 287/212/223 165/212/223
f 157/197/223 287/212/223 205/213/223
f 202/198/224 287/212/224 157/197/224
f 149/190/224 287/212/224 202/198/224
f 201/191/225 287/212/225 149/190/225
f 141/176/225 287/212/225 201/191/225
f 198/177/226 287/212/226 141/176/226
f 287/272/226 198/272/226 130/272/226
f 295/55/227 299/52/227 293/53/227 30/56/227
f 19/36/228 290/33/228 299/52/228 295/55/228
f 290/33/229 18/32/229 294/50/229 299/52/229
f 291/35/230 300/30/230 290/33/230 19/36/230
f 8/8/231 289/27/231 300/30/231 291/35/231
f 289/27/232 7/24/232 292/31/232 300/30/232
f 297/7/233 301/26/233 289/27/233 8/8/233
f 186/6/234 296/273/234 301/26/234 297/7/234
f 296/273/235 185/22/235 298/25/235 301/26/235
f 490/1/236 306/2/236 316/3/236 317/4/236
f 302/5/237 487/6/237 598/7/237 309/8/237 310/9/237
f 307/10/238 490/1/238 317/4/238 318/11/238
f 488/12/239 302/5/239 310/9/239 311/13/239
f 303/14/240 488/12/240 311/13/240 312/15/240
f 489/16/241 303/14/241 312/15/241 313/17/241
f 304/18/242 489/16/242 313/17/242 314/19/242
f 305/20/243 304/18/243 314/19/243 315/21/243
f 486/22/244 363/23/244 308/24/244 599/25/244
f 306/2/245 305/20/245 315/21/245 316/3/245
f 602/26/246 599/25/246 308/24/246 590/27/246
f 316/3/247 315/21/247 326/28/247 327/29/247
f 601/30/248 593/31/248 319/32/248 591/33/248
f 317/4/249 316/3/249 327/29/249 328/34/249
f 310/9/250 309/8/250 592/35/250 320/36/250 321/37/250
f 318/11/251 317/4/251 328/34/251 329/38/251
f 311/13/252 310/9/252 321/37/252 322/39/252
f 312/15/253 311/13/253 322/39/253 323/40/253
f 313/17/254 312/15/254 323/40/254 324/41/254
f 314/19/255 313/17/255 324/41/255 325/42/255
f 315/21/256 314/19/256 325/42/256 326/28/256
f 308/24/257 363/43/257 319/32/257 593/31/257
f 324/41/258 323/40/258 334/44/258 335/45/258
f 325/42/259 324/41/259 335/45/259 336/46/259
f 326/28/260 325/42/260 336/46/260 337/47/260
f 319/32/261 363/48/261 330/49/261 595/50/261
f 327/29/262 326/28/262 337/47/262 338/51/262
f 600/52/263 595/50/263 330/49/263 594/53/263
f 328/34/264 327/29/264 338/51/264 339/54/264
f 321/37/265 320/36/265 596/55/265 331/56/265 332/57/265
f 329/38/266 328/34/266 339/54/266 340/58/266
f 322/39/267 321/37/267 332/57/267 333/59/267
f 323/40/268 322/39/268 333/59/268 334/44/268
f 331/56/269 594/53/269 330/49/269 341/60/269 342/61/269
f 339/54/270 338/51/270 349/62/270 350/63/270
f 332/57/271 331/56/271 342/61/271 343/64/271
f 340/58/272 339/54/272 350/63/272 351/65/272
f 333/59/273 332/57/273 343/64/273 344/66/273
f 334/44/274 333/59/274 344/66/274 345/67/274
f 335/45/275 334/44/275 345/67/275 346/68/275
f 336/46/276 335/45/276 346/68/276 347/69/276
f 337/47/277 336/46/277 347/69/277 348/70/277
f 330/49/278 363/71/278 341/60/278
f 338/51/279 337/47/279 348/70/279 349/62/279
f 346/68/280 345/67/280 356/72/280 357/73/280
f 347/69/281 346/68/281 357/73/281 358/74/281
f 348/70/282 347/69/282 358/74/282 359/75/282
f 341/60/283 363/76/283 352/77/283
f 349/62/284 348/70/284 359/75/284 360/78/284
f 342/61/285 341/60/285 352/77/285 353/79/285
f 350/63/286 349/62/286 360/78/286 361/80/286
f 343/64/287 342/61/287 353/79/287 354/81/287
f 351/65/288 350/63/288 361/80/288 362/82/288
f 344/66/289 343/64/289 354/81/289 355/83/289
f 345/67/290 344/66/290 355/83/290 356/72/290
f 361/80/291 360/78/291 372/84/291 373/85/291
f 354/81/292 353/79/292 365/86/292 366/87/292
f 362/82/293 361/80/293 373/85/293 374/88/293
f 355/83/294 354/81/294 366/87/294 367/89/294
f 356/72/295 355/83/295 367/89/295 368/90/295
f 357/73/296 356/72/296 368/90/296 369/91/296
f 358/74/297 357/73/297 369/91/297 370/92/297
f 359/75/298 358/74/298 370/92/298 371/93/298
f 352/77/299 363/94/299 364/95/299
f 360/78/300 359/75/300 371/93/300 372/84/300
f 353/79/301 352/77/301 364/95/301 365/86/301
f 370/92/302 369/91/302 380/96/302 381/97/302
f 371/93/303 370/92/303 381/97/303 382/98/303
f 364/95/304 363/99/304 375/100/304
f 372/84/305 371/93/305 382/98/305 383/101/305
f 365/86/306 364/95/306 375/100/306 376/102/306
f 373/85/307 372/84/307 383/101/307 384/103/307
f 366/87/308 365/86/308 376/102/308 377/104/308
f 374/88/309 373/85/309 384/103/309 385/105/309
f 367/89/310 366/87/310 377/104/310 378/106/310
f 368/90/311 367/89/311 378/106/311 379/107/311
f 369/91/312 368/90/312 379/107/312 380/96/312
f 385/105/313 384/103/313 395/108/313 396/109/313
f 378/106/314 377/104/314 388/110/314 389/111/314
f 379/107/315 378/106/315 389/111/315 390/112/315
f 380/96/316 379/107/316 390/112/316 391/113/316
f 381/97/317 380/96/317 391/113/317 392/114/317
f 382/98/318 381/97/318 392/114/318 393/115/318
f 375/100/319 363/116/319 386/117/319
f 383/101/320 382/98/320 393/115/320 394/118/320
f 376/102/321 375/100/321 386/117/321 387/119/321
f 384/103/322 383/101/322 394/118/322 395/108/322
f 377/104/323 376/102/323 387/119/323 388/110/323
f 393/115/324 392/114/324 403/120/324 404/121/324
f 386/117/325 363/122/325 397/123/325
f 394/118/326 393/115/326 404/121/326 405/124/326
f 387/119/327 386/117/327 397/123/327 398/125/327
f 395/108/328 394/118/328 405/124/328 406/126/328
f 388/110/329 387/119/329 398/125/329 399/127/329
f 396/109/330 395/108/330 406/126/330 407/128/330
f 389/111/331 388/110/331 399/127/331 400/129/331
f 390/112/332 389/111/332 400/129/332 401/130/332
f 391/113/333 390/112/333 401/130/333 402/131/333
f 392/114/334 391/113/334 402/131/334 403/120/334
f 400/129/335 399/127/335 410/132/335 411/133/335
f 401/130/336 400/129/336 411/133/336 412/134/336
f 402/131/337 401/130/337 412/134/337 413/135/337
f 403/120/338 402/131/338 413/135/338 414/136/338
f 404/121/339 403/120/339 414/136/339 415/137/339
f 397/123/340 363/138/340 408/139/340
f 405/124/341 404/121/341 415/137/341 416/140/341
f 398/125/342 397/123/342 408/139/342 409/141/342
f 406/126/343 405/124/343 416/140/343 417/142/343
f 399/127/344 398/125/344 409/141/344 410/132/344
f 407/128/345 406/126/345 417/142/345 418/143/345
f 415/137/346 414/136/346 425/144/346 426/145/346
f 408/139/347 363/146/347 419/147/347
f 416/140/348 415/137/348 426/145/348 427/148/348
f 409/141/349 408/139/349 419/147/349 420/149/349
f 417/142/350 416/140/350 427/148/350 428/150/350
f 410/132/351 409/141/351 420/149/351 421/151/351
f 418/143/352 417/142/352 428/150/352 429/152/352
f 411/133/353 410/132/353 421/151/353 422/153/353
f 412/134/354 411/133/354 422/153/354 423/154/354
f 413/135/355 412/134/355 423/154/355 424/155/355
f 414/136/356 413/135/356 424/155/356 425/144/356
f 423/154/357 422/153/357 433/156/357 497/157/357 434/158/357
f 424/155/358 423/154/358 434/158/358 498/159/358 435/160/358
f 425/144/359 424/155/359 435/160/359 436/161/359
f 426/145/360 425/144/360 436/161/360 437/162/360
f 419/147/361 363/163/361 430/164/361
f 427/148/362 426/145/362 437/162/362 438/165/362
f 420/149/363 419/147/363 430/164/363 431/166/363
f 428/150/364 427/148/364 438/165/364 439/167/364
f 421/151/365 420/149/365 431/166/365 495/168/365 432/169/365
f 429/152/366 428/150/366 439/167/366 440/170/366
f 422/153/367 421/151/367 432/169/367 496/171/367 433/156/367
f 430/164/368 363/172/368 441/173/368
f 438/165/369 437/162/369 445/174/369 446/175/369
f 431/166/370 430/164/370 441/173/370 442/176/370 499/177/370
f 439/167/371 438/165/371 446/175/371 447/178/371
f 440/170/372 439/167/372 447/178/372 448/179/372
f 436/161/373 435/160/373 500/180/373 443/181/373 444/182/373
f 437/162/374 436/161/374 444/182/374 445/174/374
f 444/182/375 443/181/375 501/183/375 451/184/375 452/185/375
f 445/174/376 444/182/376 452/185/376 453/186/376
f 441/173/377 363/187/377 449/188/377
f 446/175/378 445/174/378 453/186/378 454/189/378
f 442/176/379 441/173/379 449/188/379 450/190/379 502/191/379
f 447/178/380 446/175/380 454/189/380 455/192/380
f 448/179/381 447/178/381 455/192/381 456/193/381
f 454/189/382 453/186/382 461/194/382 462/195/382
f 450/190/383 449/188/383 457/196/383 458/197/383 503/198/383
f 455/192/384 454/189/384 462/195/384 463/199/384
f 456/193/385 455/192/385 463/199/385 464/200/385
f 452/185/386 451/184/386 504/201/386 459/202/386 460/203/386
f 453/186/387 452/185/387 460/203/387 461/194/387
f 449/188/388 363/204/388 457/196/388
f 460/203/389 459/202/389 505/205/389 467/206/389 468/207/389
f 461/194/390 460/203/390 468/207/390 469/208/390
f 457/196/391 363/209/391 465/210/391
f 462/195/392 461/194/392 469/208/392 470/211/392
f 458/197/393 457/196/393 465/210/393 466/212/393 506/213/393
f 463/199/394 462/195/394 470/211/394 471/214/394
f 464/200/395 463/199/395 471/214/395 472/215/395
f 396/109/396 407/128/396 480/128/396 481/109/396
f 429/152/397 440/170/397 477/170/397 478/152/397
f 374/88/398 385/105/398 482/105/398 483/88/398
f 340/58/399 351/65/399 485/65/399 491/58/399
f 307/10/400 318/11/400 493/11/400 494/10/400
f 456/193/401 464/200/401 474/200/401 475/193/401
f 407/128/402 418/143/402 479/143/402 480/128/402
f 318/11/403 329/38/403 492/38/403 493/11/403
f 440/170/404 448/179/404 476/179/404 477/170/404
f 351/65/405 362/82/405 484/82/405 485/65/405
f 464/200/406 472/215/406 473/215/406 474/200/406
f 418/143/407 429/152/407 478/152/407 479/143/407
f 329/38/408 340/58/408 491/58/408 492/38/408
f 448/179/409 456/193/409 475/193/409 476/179/409
f 385/105/410 396/109/410 481/109/410 482/105/410
f 362/82/411 374/88/411 483/88/411 484/82/411
f 496/171/412 432/169/412 508/169/412 509/171/412
f 435/160/413 498/159/413 513/159/413 514/160/413
f 495/168/414 431/166/414 524/166/414 507/168/414
f 434/158/415 497/157/415 511/157/415 512/158/415
f 503/198/416 458/197/416 568/197/416 551/198/416
f 433/156/412 496/171/412 509/171/412 510/156/412
f 504/201/417 451/184/417 536/184/417 556/201/417
f 443/181/418 500/180/418 528/180/418 522/181/418
f 432/169/414 495/168/414 507/168/414 508/169/414
f 501/183/419 443/181/419 522/181/419 539/183/419
f 505/205/420 459/202/420 550/202/420 565/205/420
f 500/180/421 435/160/421 514/160/421 528/180/421
f 506/213/422 466/212/422 571/212/422 567/213/422
f 467/206/423 505/205/423 565/205/423 564/206/423
f 499/177/424 442/176/424 541/176/424 523/177/424
f 502/191/425 450/190/425 552/190/425 540/191/425
f 451/184/426 501/183/426 539/183/426 536/184/426
f 450/190/416 503/198/416 551/198/416 552/190/416
f 431/166/424 499/177/424 523/177/424 524/166/424
f 458/197/422 506/213/422 567/213/422 568/197/422
f 459/202/427 504/201/427 556/201/427 550/202/427
f 498/159/428 434/158/428 512/158/428 513/159/428
f 442/176/425 502/191/425 540/191/425 541/176/425
f 497/157/415 433/156/415 510/156/415 511/157/415
f 587/216/429 523/177/429 541/176/429 515/217/429
f 586/218/430 525/219/430 516/220/430 517/221/430
f 585/222/431 526/223/431 518/224/431 519/225/431
f 584/226/432 527/227/432 520/228/432 521/229/432
f 583/230/433 538/231/433 532/232/433 533/233/433
f 582/234/434 537/235/434 534/236/434 535/237/434
f 581/238/435 540/191/435 552/190/435 529/239/435
f 580/240/436 542/241/436 530/242/436 531/243/436
f 579/244/437 551/198/437 568/197/437 543/245/437
f 578/246/438 553/247/438 544/248/438 545/249/438
f 577/250/439 554/251/439 546/252/439 547/253/439
f 576/254/440 555/255/440 548/256/440 549/257/440
f 575/258/441 566/259/441 562/260/441 563/261/441
f 574/262/442 567/213/442 571/212/442 557/263/442
f 573/264/443 569/265/443 558/266/443 559/267/443
f 572/268/444 570/269/444 560/270/444 561/271/444
f 566/259/444 572/268/444 561/271/444 562/260/444
f 548/256/444 547/253/444 572/268/444 566/259/444
f 547/253/444 546/252/444 570/269/444 572/268/444
f 570/269/443 573/264/443 559/267/443 560/270/443
f 546/252/443 545/249/443 573/264/443 570/269/443
f 545/249/443 544/248/443 569/265/443 573/264/443
f 569/265/442 574/262/442 557/263/442 558/266/442
f 544/248/442 543/245/442 574/262/442 569/265/442
f 543/245/442 568/197/442 567/213/442 574/262/442
f 565/205/445 575/258/445 563/261/445 564/206/445
f 550/202/446 549/257/446 575/258/446 565/205/446
f 549/257/447 548/256/447 566/259/447 575/258/447
f 556/201/448 576/254/448 549/257/448 550/202/448
f 536/184/449 535/237/449 576/254/449 556/201/449
f 535/237/450 534/236/450 555/255/450 576/254/450
f 555/255/439 577/250/439 547/253/439 548/256/439
f 534/236/439 533/233/439 577/250/439 555/255/439
f 533/233/439 532/232/439 554/251/439 577/250/439
f 554/251/438 578/246/438 545/249/438 546/252/438
f 532/232/438 531/243/438 578/246/438 554/251/438
f 531/243/438 530/242/438 553/247/438 578/246/438
f 553/247/437 579/244/437 543/245/437 544/248/437
f 530/242/437 529/239/437 579/244/437 553/247/437
f 529/239/437 552/190/437 551/198/437 579/244/437
f 538/231/436 580/240/436 531/243/436 532/232/436
f 518/224/436 517/221/436 580/240/436 538/231/436
f 517/221/436 516/220/436 542/241/436 580/240/436
f 542/241/435 581/238/435 529/239/435 530/242/435
f 516/220/435 515/217/435 581/238/435 542/241/435
f 515/217/435 541/176/435 540/191/435 581/238/435
f 539/183/451 582/234/451 535/237/451 536/184/451
f 522/181/452 521/229/452 582/234/452 539/183/452
f 521/229/453 520/228/453 537/235/453 582/234/453
f 537/235/433 583/230/433 533/233/433 534/236/433
f 520/228/433 519/225/433 583/230/433 537/235/433
f 519/225/433 518/224/433 538/231/433 583/230/433
f 528/180/454 584/226/454 521/229/454 522/181/454
f 514/160/455 513/159/455 584/226/455 528/180/455
f 513/159/456 512/158/456 527/227/456 584/226/456
f 527/227/431 585/222/431 519/225/431 520/228/431
f 512/158/431 511/157/431 585/222/431 527/227/431
f 511/157/431 510/156/431 526/223/431 585/222/431
f 526/223/430 586/218/430 517/221/430 518/224/430
f 510/156/430 509/171/430 586/218/430 526/223/430
f 509/171/430 508/169/430 525/219/430 586/218/430
f 525/219/429 587/216/429 515/217/429 516/220/429
f 508/169/429 507/168/429 587/216/429 525/219/429
f 507/168/429 524/166/429 523/177/429 587/216/429
f 588/212/457 431/166/457 524/166/457 589/212/457
f 506/213/458 588/212/458 466/212/458
f 458/197/458 588/212/458 506/213/458
f 503/198/459 588/212/459 458/197/459
f 450/190/459 588/212/459 503/198/459
f 502/191/460 588/212/460 450/190/460
f 442/176/460 588/212/460 502/191/460
f 499/177/461 588/212/461 442/176/461
f 588/272/461 499/272/461 431/272/461
f 596/55/462 600/52/462 594/53/462 331/56/462
f 320/36/463 591/33/463 600/52/463 596/55/463
f 591/33/464 319/32/464 595/50/464 600/52/464
f 592/35/465 601/30/465 591/33/465 320/36/465
f 309/8/466 590/27/466 601/30/466 592/35/466
f 590/27/467 308/24/467 593/31/467 601/30/467
f 598/7/468 602/26/468 590/27/468 309/8/468
f 487/6/469 597/273/469 602/26/469 598/7/469
f 597/273/470 486/22/470 599/25/470 602/26/470
f 485/65/471 484/82/471 491/58/471
f 483/88/471 482/105/471 484/82/471
f 481/109/471 480/128/471 482/105/471
f 479/143/471 478/152/471 480/128/471
f 477/170/471 476/179/471 478/152/471
f 475/193/471 474/200/471 476/179/471
f 173/272/471 474/200/471 473/215/471
f 174/193/472 173/200/472 175/179/472
f 176/170/472 175/179/472 177/152/472
f 178/143/472 177/152/472 179/128/472
f 180/109/472 179/128/472 181/105/472
f 182/88/472 181/105/472 183/82/472
f 184/65/472 183/82/472 190/58/472
f 191/38/472 190/58/472 192/11/472
f 493/11/471 192/272/471 494/10/471
f 492/38/471 491/58/471 493/11/471
f 173/200/472 192/11/472 190/58/472 175/179/472
f 474/200/471 493/11/471 491/58/471 476/179/471
f 484/82/471 478/152/471 476/179/471 491/58/471
f 173/200/471 192/11/471 493/11/471 474/200/471
f 175/179/472 190/58/472 183/82/472 177/152/472
f 177/152/472 183/82/472 181/105/472 179/128/472
f 482/105/471 480/128/471 478/152/471 484/82/471
o bush
v 0.236395 0.481035 0.517922
v 0.288839 0.596786 0.618815
v 0.272430 0.431496 0.615064
v 0.279346 -0.004661 0.664630
v 0.265723 -0.399905 0.600721
v 0.317442 0.541929 0.505092
v 0.380285 0.523770 0.487104
v 0.403010 0.302184 0.591289
v 0.447136 0.393735 0.552418
v 0.403710 -0.123374 0.607565
v 0.469672 -0.005913 0.596960
v 0.390006 -0.549892 0.561071
v 0.441239 -0.386957 0.535355
v 0.433973 0.542723 0.468924
v 0.533664 0.402557 0.523381
v 0.616591 0.301878 0.514303
v 0.567731 -0.005913 0.561613
v 0.613716 -0.105691 0.529040
v 0.526367 -0.386957 0.504669
v 0.527368 0.674441 0.450294
v 0.701303 0.301153 0.465116
v 0.740787 0.029287 0.487762
v 0.630504 0.647059 0.305123
v 0.656035 0.579904 0.262937
v 0.817794 0.301153 0.376359
v 0.858850 0.047363 0.393161
v 0.686508 0.637189 0.222099
v 0.710586 0.574237 0.180064
v 0.900259 0.393155 0.224664
v 0.729727 0.617863 0.135016
v 0.742337 0.558644 0.091004
v 0.942812 0.390488 0.113717
v 0.748358 0.611554 0.044030
v 0.748663 0.551834 -0.000541
v 0.952897 0.390424 -0.000734
v 0.741933 0.589989 -0.048131
v 0.730664 0.533959 -0.091792
v 0.928942 0.387842 -0.114251
v 0.710796 0.583023 -0.137106
v 0.687578 0.533596 -0.178652
v 0.873089 0.388238 -0.222409
v 0.656034 0.582971 -0.220122
v 0.621549 0.533051 -0.257993
v 0.856076 0.301470 -0.295527
v 0.787050 0.388810 -0.320965
v 0.875337 0.204461 -0.330230
v 0.579939 0.582976 -0.293863
v 0.534961 0.532383 -0.326724
v 0.749555 0.301470 -0.390032
v 0.674358 0.389487 -0.406103
v 0.755140 0.197623 -0.393798
v 0.704428 0.072745 -0.423409
v 0.704970 -0.319959 -0.389805
v 0.485430 0.583070 -0.355584
v 0.431031 0.531683 -0.382111
v 0.617742 0.301470 -0.468706
v 0.539566 0.390172 -0.474610
v 0.622130 0.197623 -0.473135
v 0.563826 0.072745 -0.495505
v 0.579972 -0.380421 -0.430572
v 0.595106 -0.455331 -0.442493
v 0.539338 -0.455548 -0.468007
v 0.370215 0.558026 -0.445683
v 0.376070 0.583283 -0.402998
v 0.007434 0.043544 -0.635068
v 0.465703 0.301470 -0.528527
v 0.468726 0.197623 -0.533448
v 0.453816 0.075166 -0.562263
v 0.331025 -0.519325 -0.486156
v 0.260569 0.509442 0.530776
v 0.403526 0.529506 0.480390
v 0.477111 0.637839 0.462047
v 0.257343 0.490323 0.566184
v 0.277581 0.218892 0.647619
v 0.275039 -0.202749 0.643610
v 0.354312 0.441790 0.539853
v 0.406368 0.085342 0.607452
v 0.466314 0.210929 0.580797
v 0.386421 -0.309916 0.568719
v 0.458528 -0.200415 0.574202
v 0.341321 0.391523 0.577488
v 0.319257 0.491010 0.503898
v 0.322347 -0.006043 0.631742
v 0.383630 -0.123374 0.611673
v 0.386717 -0.006043 0.618574
v 0.310289 -0.456449 0.577379
v 0.365167 -0.387253 0.555496
v 0.300797 -0.387253 0.568665
v 0.539269 0.500257 0.471893
v 0.620484 0.093413 0.528665
v 0.588873 -0.322733 0.526898
v 0.615622 -0.209911 0.534404
v 0.551468 -0.200415 0.540699
v 0.343582 0.563873 0.497467
v 0.542541 0.302055 0.546018
v 0.483941 -0.123670 0.583586
v 0.543344 -0.123670 0.562173
v 0.548387 -0.005913 0.568586
v 0.466589 -0.456112 0.538006
v 0.526276 -0.456112 0.516490
v 0.454026 -0.386957 0.530746
v 0.613033 0.489991 0.453385
v 0.709000 0.129637 0.470422
v 0.641820 0.410072 0.474208
v 0.530182 0.606327 0.442156
v 0.642373 0.035524 0.519674
v 0.671894 -0.065127 0.526667
v 0.689731 0.073909 0.486142
v 0.736063 0.463309 0.345340
v 0.714860 0.515621 0.285323
v 0.683762 0.520894 0.325434
v 0.881853 0.257547 0.356590
v 0.825089 0.140400 0.379646
v 0.589210 0.680977 0.385167
v 0.761878 0.301153 0.422307
v 0.775529 0.401356 0.378018
v 0.800362 0.047363 0.441224
v 0.809048 0.458361 0.251114
v 0.776995 0.512364 0.195620
v 0.751611 0.515274 0.237562
v 0.866017 0.393558 0.276928
v 0.841158 0.301153 0.356260
v 0.898323 0.335209 0.329773
v 0.656306 0.637189 0.262711
v 0.860430 0.451543 0.150337
v 0.812118 0.500150 0.098909
v 0.799131 0.503011 0.143391
v 0.711094 0.630604 0.179164
v 0.924690 0.391899 0.169617
v 0.881775 0.449065 0.044561
v 0.819883 0.497038 -0.000677
v 0.819829 0.500077 0.044561
v 0.951152 0.390456 0.056559
v 0.742077 0.611554 0.089871
v 0.873672 0.441041 -0.062053
v 0.798609 0.483791 -0.099487
v 0.811496 0.486727 -0.055008
v 0.748228 0.604239 -0.002199
v 0.944264 0.389095 -0.057832
v 0.835125 0.437771 -0.165471
v 0.750460 0.484172 -0.193481
v 0.775877 0.483988 -0.151492
v 0.729409 0.583023 -0.093006
v 0.904308 0.387928 -0.169056
v 0.768249 0.437280 -0.261816
v 0.676769 0.484732 -0.279000
v 0.713795 0.484479 -0.241091
v 0.826207 0.186103 -0.336325
v 0.818183 0.312989 -0.332710
v 0.851647 0.371517 -0.293530
v 0.882469 0.296180 -0.311313
v 0.686269 0.582971 -0.179465
v 0.922828 0.379298 -0.251288
v 0.830946 0.301470 -0.327233
v 0.833168 0.388371 -0.272817
v 0.675423 0.436646 -0.347450
v 0.580585 0.485405 -0.352699
v 0.627868 0.485114 -0.320362
v 0.708457 0.186103 -0.426117
v 0.701633 0.312989 -0.421515
v 0.748936 0.312989 -0.389614
v 0.672481 -0.215273 -0.401864
v 0.686109 -0.092403 -0.411055
v 0.747940 -0.101638 -0.402543
v 0.620656 0.582976 -0.258203
v 0.805553 0.301470 -0.344015
v 0.733456 0.388974 -0.365043
v 0.842270 0.141040 -0.362824
v 0.750863 0.072745 -0.392223
v 0.811629 0.197623 -0.347378
v 0.560024 0.435950 -0.419083
v 0.465848 0.486098 -0.411778
v 0.521587 0.485810 -0.386317
v 0.566995 0.186103 -0.498691
v 0.561634 0.312989 -0.493280
v 0.617256 0.312989 -0.468215
v 0.538726 -0.215273 -0.470170
v 0.549434 -0.092403 -0.480978
v 0.605072 -0.092403 -0.455906
v 0.535095 0.583070 -0.326289
v 0.685976 0.301470 -0.430942
v 0.609215 0.389660 -0.442190
v 0.690962 0.197623 -0.435039
v 0.635968 0.072745 -0.461299
v 0.659800 -0.381701 -0.406687
v 0.591089 -0.380421 -0.424419
v 0.643045 -0.380421 -0.395663
v 0.385432 0.529368 -0.466609
v 0.399159 0.486459 -0.436533
v 0.426324 0.435301 -0.473890
v 0.454871 0.197078 -0.564439
v 0.451176 0.324004 -0.558424
v 0.465368 0.312989 -0.527981
v 0.436088 -0.220154 -0.533400
v 0.443685 -0.093605 -0.545768
v 0.456979 -0.092403 -0.514306
v 0.452373 -0.380421 -0.481584
v 0.511650 -0.380421 -0.460216
v 0.525446 -0.455548 -0.473014
v 0.432812 0.583283 -0.381199
v 0.543550 0.301470 -0.500465
v 0.465400 0.390326 -0.501372
v 0.547255 0.197623 -0.505140
v 0.485722 0.072745 -0.523660
v 0.238698 0.498388 0.538904
v 0.401422 0.587986 0.483201
v 0.479450 0.568174 0.455136
v 0.473568 -0.092403 -0.508326
v 0.532845 -0.092403 -0.486958
v 0.464526 -0.215273 -0.496917
v 0.483863 0.312989 -0.521314
v 0.543139 0.312989 -0.499946
v 0.488390 0.186103 -0.527026
v 0.462152 0.486277 -0.413178
v 0.495217 0.435482 -0.448414
v 0.436204 0.435482 -0.470264
v 0.619613 -0.092403 -0.447859
v 0.671569 -0.092403 -0.419103
v 0.607444 -0.215273 -0.437859
v 0.633466 0.312989 -0.459243
v 0.685422 0.312989 -0.430487
v 0.639559 0.186103 -0.464250
v 0.576970 0.485606 -0.354793
v 0.620291 0.436154 -0.384861
v 0.568792 0.436154 -0.414138
v 0.762239 0.312989 -0.378682
v 0.804879 0.312989 -0.343642
v 0.769664 0.186103 -0.382791
v 0.673437 0.484921 -0.281855
v 0.724764 0.436838 -0.305848
v 0.682724 0.436838 -0.341332
v 0.747719 0.484324 -0.197080
v 0.804823 0.437435 -0.214466
v 0.773754 0.437435 -0.254729
v 0.796789 0.483889 -0.103690
v 0.857600 0.437871 -0.114198
v 0.838552 0.437871 -0.157695
v 0.818882 0.494899 -0.005339
v 0.880917 0.446539 -0.008819
v 0.874508 0.440551 -0.053892
v 0.812768 0.500113 0.094280
v 0.874207 0.449028 0.097727
v 0.880623 0.449028 0.052602
v 0.778576 0.510381 0.191153
v 0.837720 0.456382 0.201372
v 0.856765 0.451008 0.157883
v 0.717756 0.515447 0.281503
v 0.772651 0.458188 0.298217
v 0.803717 0.458188 0.257957
v 0.768628 0.140400 0.426043
v 0.635954 0.543774 0.389416
v 0.688738 0.472678 0.403376
v 0.720209 0.462009 0.363011
v 0.635791 0.230749 0.508805
v 0.689189 0.121482 0.484279
v 0.475221 -0.200415 0.568184
v 0.462746 -0.310212 0.546148
v 0.522149 -0.310212 0.524735
v 0.484871 0.210929 0.574108
v 0.487257 0.085213 0.583320
v 0.546657 0.085213 0.561908
v 0.378219 -0.200710 0.595209
v 0.313849 -0.200710 0.608378
v 0.370578 -0.309916 0.571960
v 0.319813 0.210799 0.615410
v 0.385648 0.085342 0.611691
v 0.350780 0.481089 0.708346
v 0.358625 0.256845 0.744094
v 0.360695 -0.005392 0.764049
v 0.353175 -0.239112 0.731611
v 0.342516 -0.464707 0.682536
v 0.495339 0.571350 0.621055
v 0.477370 0.486098 0.683318
v 0.558761 0.393496 0.687900
v 0.562821 0.131259 0.707447
v 0.503047 -0.005392 0.734927
v 0.560905 -0.123020 0.710846
v 0.488186 -0.239112 0.703991
v 0.539995 -0.348614 0.663867
v 0.467277 -0.558150 0.657013
v 1.003626 0.331966 0.275963
v 0.459382 0.393625 0.712853
v 1.060588 0.330953 0.155450
v 0.326230 0.590651 0.569632
v 1.081638 0.330618 0.029706
v 0.392669 0.615685 0.595369
v 0.464046 -0.005392 0.742905
v 0.460960 -0.122724 0.736005
v 0.396589 -0.122724 0.749174
v 0.372662 -0.464707 0.676369
v 1.065625 0.329646 -0.096390
v 0.601846 0.580351 0.595079
v 0.719083 0.492327 0.600085
v 0.687085 0.393496 0.641642
v 0.692981 0.131259 0.660528
v 0.744864 0.269291 0.624793
v 1.013468 0.329439 -0.217927
v 0.690113 -0.123020 0.664269
v 0.659758 -0.348614 0.620696
v 1.083219 0.331592 0.216724
v 0.695438 -0.234818 0.600042
v 1.122378 0.330620 0.092988
v 0.614468 -0.505054 0.570718
v 0.450927 0.646716 0.579079
v 0.608390 0.491019 0.643357
v 0.600779 -0.005263 0.704703
v 0.660178 -0.005263 0.683291
v 0.595732 -0.123020 0.698291
v 0.556943 -0.464411 0.629775
v 0.616347 -0.464411 0.608362
v 0.591309 -0.505054 0.579066
v 1.125005 0.330292 -0.033554
v 0.755594 0.680136 0.496834
v 0.820739 0.503751 0.548350
v 1.090697 0.329355 -0.157979
v 0.860016 0.316407 0.554421
v 1.118935 0.442025 -0.174304
v 0.868773 0.115205 0.560365
v 0.970375 0.329503 -0.247533
v 0.773287 0.392964 0.598706
v 1.155596 0.442025 -0.037824
v 0.883138 0.393356 0.250796
v 0.566790 0.739005 0.504039
v 1.129692 0.330624 -0.001962
v 0.648148 0.756736 0.517229
v 0.832538 0.086301 0.584632
v 0.809595 0.015705 0.572977
v 0.751924 -0.097026 0.630786
v 0.838599 0.637855 0.383928
v 0.902066 0.632583 0.359341
v 0.922020 0.574975 0.363731
v 1.108129 0.441858 0.236308
v 0.966194 0.485493 0.432509
v 0.996941 0.188794 0.419141
v 0.998846 0.325707 0.445043
v 1.003411 0.296672 0.402632
v 1.007669 0.131300 0.449019
v 0.888699 0.388083 -0.195732
v 0.639573 0.763825 0.442814
v 0.897755 0.492798 0.491181
v 0.946982 0.390472 0.085138
v 0.939206 0.131300 0.505278
v 0.984340 0.332025 0.304776
v 0.921202 0.632235 0.276937
v 0.978954 0.629325 0.250519
v 1.003567 0.572863 0.248439
v 1.093138 0.441858 0.269636
v 0.916625 0.387885 -0.141653
v 1.050238 0.441693 0.332623
v 1.024714 0.397119 0.367948
v 1.020958 0.484999 0.373360
v 0.948580 0.389760 -0.029283
v 0.719209 0.722591 0.304256
v 1.104341 0.329333 -0.127636
v 0.686966 0.731305 0.354213
v 0.977807 0.617408 0.162021
v 1.023162 0.614548 0.133063
v 1.051724 0.563389 0.124442
v 1.146880 0.441969 0.135487
v 0.936603 0.388468 -0.086041
v 0.912475 0.392527 0.197141
v 0.784105 0.715646 0.203875
v 0.952024 0.390440 0.027913
v 0.755530 0.722794 0.255496
v 1.151940 0.441969 0.100837
v 1.123120 0.441858 0.202979
v 1.001572 0.614475 0.041615
v 1.033994 0.611436 0.011902
v 1.063480 0.560499 -0.003623
v 1.160654 0.442025 -0.003191
v 1.117763 0.330629 0.124602
v 1.157000 0.441969 0.066188
v 0.933751 0.391194 0.141667
v 1.069616 0.331906 0.247150
v 0.820282 0.696042 0.096627
v 1.030348 0.329376 -0.188322
v 0.806798 0.702128 0.151092
v 0.990172 0.598259 -0.079529
v 1.009653 0.595322 -0.108483
v 1.039644 0.549501 -0.131072
v 1.085813 0.441997 -0.240122
v 1.133906 0.442025 -0.141020
v 1.073613 0.329960 -0.065145
v 0.826765 0.687798 -0.013695
v 1.142222 0.442025 -0.106739
v 0.827830 0.696084 0.041616
v 1.080289 0.330612 0.061374
v 1.150538 0.442025 -0.072458
v 0.945467 0.595520 -0.196758
v 0.952419 0.595703 -0.223223
v 0.979769 0.549120 -0.252837
v 1.158827 0.441997 0.031499
v 1.067662 0.441968 -0.272656
v 1.050118 0.331278 0.186298
v 0.803284 0.665466 -0.122533
v 1.135000 0.441914 0.169233
v 0.819597 0.672572 -0.068734
v 1.071688 0.441776 0.301129
v 1.103963 0.442025 -0.207588
v 0.868632 0.596011 -0.305476
v 0.863975 0.596263 -0.327861
v 0.886644 0.548560 -0.364332
v 1.002863 0.479947 -0.356563
v 0.996928 0.392911 -0.406245
v 0.998775 0.242778 -0.381053
v 1.031191 0.438806 -0.367426
v 0.997727 0.380279 -0.406605
v 1.006550 0.240761 -0.410581
v 0.242177 -0.326618 0.678904
v 0.252126 0.116421 0.719382
v 0.750465 0.665039 -0.226112
v 0.250128 -0.112979 0.715259
v 0.780877 0.665350 -0.175564
v 1.051595 0.479812 -0.295038
v 0.247919 0.347080 0.693065
v 1.024191 0.405838 -0.331314
v 0.762852 0.596645 -0.401506
v 0.747937 0.596937 -0.418318
v 0.763696 0.547886 -0.461256
v 0.877066 0.480582 -0.466562
v 0.856948 0.392911 -0.514304
v 0.911754 0.253393 -0.487464
v 0.904930 0.380279 -0.482862
v 0.857627 0.380279 -0.514762
v 0.865131 0.240761 -0.519823
v 0.320021 -0.005026 0.714339
v 0.822914 -0.231347 -0.461511
v 0.902845 0.060056 -0.481446
v 0.836715 -0.109561 -0.500668
v 0.798080 -0.384245 -0.474613
v 0.359660 0.125726 0.754071
v 0.277192 -0.103705 0.654120
v 0.670515 0.664450 -0.320455
v 0.347845 -0.351910 0.707074
v 0.714006 0.664857 -0.275080
v 0.942573 0.480416 -0.412694
v 0.929269 0.392911 -0.461844
v 0.980811 0.240761 -0.431732
v 0.938172 0.240761 -0.466771
v 0.916488 0.111943 -0.441988
v 0.632378 0.597341 -0.481213
v 0.609007 0.597629 -0.491151
v 0.615519 0.547194 -0.539820
v 0.722128 0.481277 -0.557721
v 0.688399 0.392911 -0.601870
v 0.749916 0.253393 -0.582756
v 0.744554 0.380279 -0.577345
v 0.688933 0.380279 -0.602409
v 0.694828 0.240761 -0.608359
v 0.747784 0.115883 -0.580593
v 0.717429 -0.232431 -0.549955
v 0.728137 -0.109561 -0.560762
v 0.672499 -0.109561 -0.585834
v 0.642143 -0.457875 -0.555196
v 0.615496 -0.505618 -0.532362
v 0.697781 -0.457875 -0.530124
v 0.356935 -0.122252 0.747830
v 0.566306 0.663767 -0.402001
v 0.318103 0.237868 0.695857
v 0.621328 0.664222 -0.363478
v 0.801814 0.481102 -0.513583
v 0.774506 0.392911 -0.559933
v 0.781812 0.240761 -0.565937
v 0.830731 0.115883 -0.534684
v 0.773908 -0.384245 -0.487991
v 0.721952 -0.457875 -0.516747
v 0.693029 -0.505835 -0.495723
v 0.464270 0.503923 -0.570765
v 0.482348 0.597991 -0.541650
v 0.397968 0.580529 -0.538919
v 0.450634 0.430345 -0.678204
v 0.544149 0.481923 -0.626631
v 0.563621 0.253393 -0.654925
v 0.559928 0.380279 -0.648912
v 0.514836 0.369304 -0.639837
v 0.493158 0.233742 -0.670353
v 0.562156 0.115883 -0.652522
v 0.541247 -0.232431 -0.618479
v 0.548623 -0.109561 -0.630488
v 0.477215 -0.104680 -0.644854
v 0.373805 -0.582905 -0.587597
v 0.532452 -0.505618 -0.562298
v 0.614567 -0.457875 -0.565137
v 0.555290 -0.457875 -0.586504
v 0.275006 0.325194 0.631342
v 0.441611 0.663090 -0.467596
v 0.304119 -0.432306 0.641629
v 0.506217 0.663524 -0.437397
v 0.634879 0.481768 -0.593898
v 0.594341 0.392911 -0.635776
v 0.599770 0.240761 -0.642625
v 0.656790 0.115883 -0.618409
v 0.270381 -0.301327 0.622166
v 0.297239 0.567191 0.634439
v 0.344577 0.648089 0.608116
v 0.519980 0.683549 0.560081
v 0.314107 -0.220931 0.687611
v 0.421480 0.654771 0.543818
v 0.354703 0.368967 0.726220
v 0.511637 0.707199 0.518067
v 0.614623 0.733268 0.531101
v 0.591059 0.721897 0.538802
v 0.486248 0.690347 0.526344
v 0.372902 0.662871 -0.493954
v 0.580923 -0.109561 -0.618845
v 0.631157 -0.232431 -0.586069
v 0.640199 -0.109561 -0.597477
v 0.594792 0.380279 -0.636344
v 0.658596 0.253393 -0.620689
v 0.654069 0.380279 -0.614977
v 0.532497 0.597809 -0.519510
v 0.533194 0.547014 -0.570270
v 0.559142 0.597809 -0.513184
v 0.756447 -0.109561 -0.545093
v 0.796235 -0.232431 -0.506338
v 0.808404 -0.109561 -0.516337
v 0.775113 0.380279 -0.560432
v 0.833162 0.253393 -0.536682
v 0.827069 0.380279 -0.531676
v 0.680725 0.597138 -0.456566
v 0.691679 0.547685 -0.502158
v 0.699857 0.597138 -0.442813
v 0.930009 0.380279 -0.462253
v 0.980072 0.253393 -0.431323
v 0.972648 0.380279 -0.427214
v 0.808677 0.596453 -0.374578
v 0.827635 0.548370 -0.414096
v 0.818348 0.596453 -0.354619
v 0.911233 0.595856 -0.276645
v 0.935968 0.548967 -0.309555
v 0.909933 0.595856 -0.251905
v 0.984242 0.595421 -0.166556
v 1.012685 0.549402 -0.192588
v 0.970922 0.595421 -0.138583
v 1.025052 0.601876 -0.048621
v 1.054718 0.553516 -0.067625
v 0.999092 0.607864 -0.019072
v 1.031762 0.614511 0.072522
v 1.060832 0.563426 0.060444
v 0.992977 0.614511 0.102122
v 1.004122 0.620686 0.192190
v 1.030898 0.566687 0.186885
v 0.952709 0.626060 0.220155
v 0.943404 0.632408 0.305702
v 0.965931 0.575150 0.306891
v 0.879970 0.632408 0.330438
v 0.311605 0.456292 0.661705
v 0.931043 0.325707 0.500760
v 0.844703 0.653433 0.435803
v 0.865119 0.582336 0.434238
v 0.780864 0.664101 0.460643
v 0.830836 0.173399 0.580696
v 0.781239 0.153104 0.612016
v 0.777438 0.282665 0.605222
v 0.641979 -0.238817 0.653638
v 0.570100 -0.348614 0.653015
v 0.582575 -0.238817 0.675051
v 0.278464 0.107116 0.656124
v 0.598187 0.131259 0.694698
v 0.595801 0.256974 0.685486
v 0.445175 -0.348319 0.687978
v 0.380805 -0.348319 0.701147
v 0.388446 -0.239112 0.724396
v 0.462447 0.131388 0.732603
v 0.398078 0.131388 0.745772
v 0.396611 0.256845 0.736323
v 0.254827 0.486788 0.506267
v 0.311129 0.603743 0.604720
v 0.273941 0.563905 0.590155
v 0.282188 0.420501 -0.606012
v 0.312391 0.289801 -0.604877
v 0.320171 0.378658 -0.578728
v 0.290953 0.063497 -0.634127
v 0.313830 0.185955 -0.610399
v 0.289560 0.312336 -0.629745
v 0.291319 0.185409 -0.636494
v 0.296595 0.222073 -0.748273
v 0.174009 -0.392089 -0.557338
v 0.282513 -0.231822 -0.601741
v 0.298462 0.492255 -0.645047
v 0.286130 -0.105274 -0.615619
v 0.326476 0.357636 -0.724698
v 0.368825 0.241725 -0.752054
v 0.368133 0.104214 -0.749361
v 0.288869 -0.116349 -0.719587
v 0.358178 -0.244100 -0.711163
v 0.253440 0.418677 -0.744590
v 0.290827 0.423632 -0.542036
v 0.327529 0.517700 -0.524257
v 0.184928 -0.455670 -0.666008
v 0.358541 0.470255 -0.719755
v 0.030311 0.166001 -0.611340
v -0.001785 0.165456 -0.637434
v 0.013076 0.202120 -0.749214
v 0.016493 -0.412042 -0.558278
v -0.001006 -0.251775 -0.602681
v -0.000026 0.292382 -0.630686
v 0.002611 -0.125227 -0.616559
v 0.042957 0.337683 -0.725638
v 0.085306 0.221771 -0.752995
v 0.084614 0.084261 -0.750302
v 0.005350 -0.136302 -0.720528
v 0.074659 -0.264053 -0.712104
v 0.063572 0.398724 -0.745530
v 0.027412 -0.475623 -0.666949
v -0.230380 0.481035 0.517922
v -0.282824 0.596786 0.618815
v -0.266415 0.431496 0.615064
v -0.273331 -0.004661 0.664630
v -0.259708 -0.399905 0.600721
v -0.311428 0.541929 0.505092
v -0.374271 0.523770 0.487104
v -0.396996 0.302184 0.591289
v -0.441122 0.393735 0.552418
v -0.397696 -0.123374 0.607565
v -0.463657 -0.005913 0.596960
v -0.383991 -0.549892 0.561071
v -0.435224 -0.386957 0.535355
v -0.427958 0.542723 0.468924
v -0.527649 0.402557 0.523381
v -0.610577 0.301878 0.514303
v -0.561716 -0.005913 0.561613
v -0.607701 -0.105691 0.529040
v -0.520353 -0.386957 0.504669
v -0.521353 0.674441 0.450294
v -0.695288 0.301153 0.465116
v -0.734772 0.029287 0.487762
v -0.624489 0.647059 0.305123
v -0.650020 0.579904 0.262937
v -0.811779 0.301153 0.376359
v -0.852836 0.047363 0.393161
v -0.680494 0.637189 0.222099
v -0.704571 0.574237 0.180064
v -0.894244 0.393155 0.224664
v -0.723712 0.617863 0.135016
v -0.736322 0.558644 0.091004
v -0.936797 0.390488 0.113717
v -0.742344 0.611554 0.044030
v -0.742648 0.551834 -0.000541
v -0.946882 0.390424 -0.000734
v -0.735919 0.589989 -0.048131
v -0.724649 0.533959 -0.091792
v -0.922927 0.387842 -0.114251
v -0.704781 0.583023 -0.137106
v -0.681563 0.533596 -0.178652
v -0.867074 0.388238 -0.222409
v -0.650019 0.582971 -0.220122
v -0.615535 0.533051 -0.257993
v -0.850062 0.301470 -0.295527
v -0.781036 0.388810 -0.320965
v -0.869322 0.204461 -0.330230
v -0.573924 0.582976 -0.293863
v -0.528946 0.532383 -0.326724
v -0.743540 0.301470 -0.390032
v -0.668343 0.389487 -0.406103
v -0.749125 0.197623 -0.393798
v -0.698413 0.072745 -0.423409
v -0.698956 -0.319959 -0.389805
v -0.479416 0.583070 -0.355584
v -0.425016 0.531683 -0.382111
v -0.611728 0.301470 -0.468706
v -0.533551 0.390172 -0.474610
v -0.616116 0.197623 -0.473135
v -0.557812 0.072745 -0.495505
v -0.573957 -0.380421 -0.430572
v -0.589091 -0.455331 -0.442493
v -0.533323 -0.455548 -0.468007
v -0.364200 0.558026 -0.445683
v -0.370055 0.583283 -0.402998
v -0.001419 0.043544 -0.635068
v -0.459688 0.301470 -0.528527
v -0.462711 0.197623 -0.533448
v -0.447801 0.075166 -0.562263
v -0.310877 -0.509962 -0.486156
v -0.254554 0.509442 0.530776
v -0.397511 0.529506 0.480390
v -0.471096 0.637839 0.462047
v -0.251328 0.490323 0.566184
v -0.271567 0.218892 0.647619
v -0.269024 -0.202749 0.643610
v -0.348298 0.441790 0.539853
v -0.400353 0.085342 0.607452
v -0.460300 0.210929 0.580797
v -0.380406 -0.309916 0.568719
v -0.452513 -0.200415 0.574202
v -0.335306 0.391523 0.577488
v -0.313243 0.491010 0.503898
v -0.316333 -0.006043 0.631742
v -0.377615 -0.123374 0.611673
v -0.380702 -0.006043 0.618574
v -0.304275 -0.456449 0.577379
v -0.359152 -0.387253 0.555496
v -0.294782 -0.387253 0.568665
v -0.533255 0.500257 0.471893
v -0.614470 0.093413 0.528665
v -0.582858 -0.322733 0.526898
v -0.609607 -0.209911 0.534404
v -0.545453 -0.200415 0.540699
v -0.337567 0.563873 0.497467
v -0.536526 0.302055 0.546018
v -0.477926 -0.123670 0.583586
v -0.537330 -0.123670 0.562173
v -0.542372 -0.005913 0.568586
v -0.460574 -0.456112 0.538006
v -0.520262 -0.456112 0.516490
v -0.448012 -0.386957 0.530746
v -0.607018 0.489991 0.453385
v -0.702985 0.129637 0.470422
v -0.635805 0.410072 0.474208
v -0.524167 0.606327 0.442156
v -0.636359 0.035524 0.519674
v -0.665879 -0.065127 0.526667
v -0.683717 0.073909 0.486142
v -0.730048 0.463309 0.345340
v -0.708845 0.515621 0.285323
v -0.677747 0.520894 0.325434
v -0.875838 0.257547 0.356590
v -0.819074 0.140400 0.379646
v -0.583196 0.680977 0.385167
v -0.755864 0.301153 0.422307
v -0.769514 0.401356 0.378018
v -0.794347 0.047363 0.441224
v -0.803033 0.458361 0.251114
v -0.770980 0.512364 0.195620
v -0.745596 0.515274 0.237562
v -0.860002 0.393558 0.276928
v -0.835143 0.301153 0.356260
v -0.892308 0.335209 0.329773
v -0.650292 0.637189 0.262711
v -0.854415 0.451543 0.150337
v -0.806103 0.500150 0.098909
v -0.793117 0.503011 0.143391
v -0.705079 0.630604 0.179164
v -0.918676 0.391899 0.169617
v -0.875760 0.449065 0.044561
v -0.813868 0.497038 -0.000677
v -0.813814 0.500077 0.044561
v -0.945137 0.390456 0.056559
v -0.736062 0.611554 0.089871
v -0.867657 0.441041 -0.062053
v -0.792595 0.483791 -0.099487
v -0.805481 0.486727 -0.055008
v -0.742213 0.604239 -0.002199
v -0.938249 0.389095 -0.057832
v -0.829111 0.437771 -0.165471
v -0.744446 0.484172 -0.193481
v -0.769862 0.483988 -0.151492
v -0.723394 0.583023 -0.093006
v -0.898294 0.387928 -0.169056
v -0.762235 0.437280 -0.261816
v -0.670754 0.484732 -0.279000
v -0.707780 0.484479 -0.241091
v -0.820192 0.186103 -0.336325
v -0.812168 0.312989 -0.332710
v -0.845632 0.371517 -0.293530
v -0.876455 0.296180 -0.311313
v -0.680255 0.582971 -0.179465
v -0.916813 0.379298 -0.251288
v -0.824932 0.301470 -0.327233
v -0.827153 0.388371 -0.272817
v -0.669409 0.436646 -0.347450
v -0.574570 0.485405 -0.352699
v -0.621854 0.485114 -0.320362
v -0.702443 0.186103 -0.426117
v -0.695618 0.312989 -0.421515
v -0.742921 0.312989 -0.389614
v -0.666466 -0.215273 -0.401864
v -0.680095 -0.092403 -0.411055
v -0.741925 -0.101639 -0.402543
v -0.614641 0.582976 -0.258203
v -0.799538 0.301470 -0.344015
v -0.727442 0.388974 -0.365043
v -0.836256 0.141040 -0.362824
v -0.744848 0.072745 -0.392223
v -0.805614 0.197623 -0.347378
v -0.554009 0.435950 -0.419083
v -0.459833 0.486098 -0.411778
v -0.515572 0.485810 -0.386317
v -0.560980 0.186103 -0.498691
v -0.555619 0.312989 -0.493280
v -0.611241 0.312989 -0.468215
v -0.532711 -0.215273 -0.470170
v -0.543419 -0.092403 -0.480978
v -0.599057 -0.092403 -0.455906
v -0.529080 0.583070 -0.326289
v -0.679961 0.301470 -0.430942
v -0.603201 0.389660 -0.442190
v -0.684947 0.197623 -0.435039
v -0.629953 0.072745 -0.461299
v -0.653785 -0.381701 -0.406687
v -0.585074 -0.380421 -0.424419
v -0.637030 -0.380421 -0.395663
v -0.379418 0.529368 -0.466609
v -0.393144 0.486459 -0.436533
v -0.420310 0.435301 -0.473890
v -0.448856 0.197078 -0.564439
v -0.445161 0.324004 -0.558424
v -0.459353 0.312989 -0.527981
v -0.430073 -0.220154 -0.533400
v -0.437670 -0.093605 -0.545768
v -0.450964 -0.092403 -0.514306
v -0.446359 -0.380421 -0.481584
v -0.505635 -0.380421 -0.460216
v -0.519431 -0.455548 -0.473014
v -0.426798 0.583283 -0.381199
v -0.537535 0.301470 -0.500465
v -0.459385 0.390326 -0.501372
v -0.541240 0.197623 -0.505140
v -0.479707 0.072745 -0.523660
v -0.232683 0.498388 0.538904
v -0.395407 0.587986 0.483201
v -0.473436 0.568174 0.455136
v -0.467554 -0.092403 -0.508326
v -0.526830 -0.092403 -0.486958
v -0.458512 -0.215273 -0.496917
v -0.477848 0.312989 -0.521314
v -0.537124 0.312989 -0.499946
v -0.482375 0.186103 -0.527026
v -0.456138 0.486277 -0.413178
v -0.489203 0.435482 -0.448414
v -0.430189 0.435482 -0.470264
v -0.613598 -0.092403 -0.447859
v -0.665554 -0.092403 -0.419103
v -0.601429 -0.215273 -0.437859
v -0.627451 0.312989 -0.459243
v -0.679408 0.312989 -0.430487
v -0.633544 0.186103 -0.464250
v -0.570955 0.485606 -0.354793
v -0.614277 0.436154 -0.384861
v -0.562777 0.436154 -0.414138
v -0.756225 0.312989 -0.378682
v -0.798864 0.312989 -0.343642
v -0.763649 0.186103 -0.382791
v -0.667423 0.484921 -0.281855
v -0.718749 0.436838 -0.305848
v -0.676710 0.436838 -0.341332
v -0.741704 0.484324 -0.197080
v -0.798808 0.437435 -0.214466
v -0.767739 0.437435 -0.254729
v -0.790775 0.483889 -0.103690
v -0.851585 0.437871 -0.114198
v -0.832537 0.437871 -0.157695
v -0.812868 0.494899 -0.005339
v -0.874902 0.446539 -0.008819
v -0.868493 0.440551 -0.053892
v -0.806753 0.500113 0.094280
v -0.868192 0.449028 0.097727
v -0.874608 0.449028 0.052602
v -0.772561 0.510381 0.191153
v -0.831705 0.456382 0.201372
v -0.850750 0.451008 0.157883
v -0.711741 0.515447 0.281503
v -0.766636 0.458188 0.298217
v -0.797702 0.458188 0.257957
v -0.762614 0.140400 0.426043
v -0.629939 0.543774 0.389416
v -0.682723 0.472678 0.403376
v -0.714194 0.462009 0.363011
v -0.629777 0.230749 0.508805
v -0.683175 0.121482 0.484279
v -0.469207 -0.200415 0.568184
v -0.456731 -0.310212 0.546148
v -0.516135 -0.310212 0.524735
v -0.478856 0.210929 0.574108
v -0.481243 0.085213 0.583320
v -0.540642 0.085213 0.561908
v -0.372204 -0.200710 0.595209
v -0.307834 -0.200710 0.608378
v -0.364563 -0.309917 0.571960
v -0.313798 0.210799 0.615410
v -0.379634 0.085342 0.611691
v -0.344766 0.481089 0.708346
v -0.352610 0.256845 0.744094
v -0.354680 -0.005392 0.764049
v -0.347160 -0.239112 0.731611
v -0.336501 -0.464707 0.682536
v -0.489324 0.571350 0.621055
v -0.471356 0.486098 0.683318
v -0.552746 0.393496 0.687900
v -0.556807 0.131259 0.707447
v -0.497032 -0.005392 0.734927
v -0.554890 -0.123020 0.710846
v -0.482172 -0.239112 0.703991
v -0.533981 -0.348614 0.663867
v -0.461263 -0.558150 0.657013
v -0.997611 0.331966 0.275963
v -0.453367 0.393625 0.712853
v -1.054573 0.330953 0.155450
v -0.320216 0.590651 0.569632
v -1.075624 0.330618 0.029706
v -0.386654 0.615685 0.595369
v -0.458031 -0.005392 0.742905
v -0.454945 -0.122724 0.736005
v -0.390574 -0.122724 0.749174
v -0.366647 -0.464707 0.676369
v -1.059610 0.329646 -0.096390
v -0.595831 0.580351 0.595079
v -0.713068 0.492327 0.600085
v -0.681071 0.393496 0.641642
v -0.686966 0.131259 0.660528
v -0.738850 0.269291 0.624793
v -1.007454 0.329439 -0.217927
v -0.684099 -0.123020 0.664269
v -0.653744 -0.348614 0.620696
v -1.077204 0.331592 0.216724
v -0.689424 -0.234818 0.600042
v -1.116363 0.330620 0.092988
v -0.608453 -0.505054 0.570718
v -0.444913 0.646716 0.579079
v -0.602375 0.491019 0.643357
v -0.594764 -0.005263 0.704703
v -0.654163 -0.005263 0.683291
v -0.589718 -0.123020 0.698291
v -0.550929 -0.464411 0.629775
v -0.610332 -0.464411 0.608362
v -0.585294 -0.505054 0.579066
v -1.118990 0.330292 -0.033554
v -0.749579 0.680136 0.496834
v -0.814724 0.503751 0.548350
v -1.084682 0.329355 -0.157979
v -0.854001 0.316407 0.554421
v -1.112920 0.442025 -0.174304
v -0.862759 0.115205 0.560365
v -0.964361 0.329503 -0.247533
v -0.767272 0.392964 0.598706
v -1.149581 0.442025 -0.037824
v -0.877123 0.393356 0.250796
v -0.560775 0.739005 0.504039
v -1.123678 0.330624 -0.001962
v -0.642133 0.756736 0.517229
v -0.826523 0.086301 0.584632
v -0.803580 0.015705 0.572977
v -0.745910 -0.097026 0.630786
v -0.832585 0.637855 0.383928
v -0.896051 0.632583 0.359341
v -0.916005 0.574975 0.363731
v -1.102114 0.441858 0.236308
v -0.960179 0.485493 0.432509
v -0.990926 0.188794 0.419141
v -0.992831 0.325707 0.445043
v -0.997397 0.296672 0.402632
v -1.001654 0.131300 0.449019
v -0.882684 0.388083 -0.195732
v -0.633559 0.763825 0.442814
v -0.891740 0.492798 0.491181
v -0.940967 0.390472 0.085138
v -0.933191 0.131300 0.505278
v -0.978325 0.332025 0.304776
v -0.915187 0.632235 0.276937
v -0.972939 0.629325 0.250519
v -0.997553 0.572863 0.248439
v -1.087123 0.441858 0.269636
v -0.910610 0.387885 -0.141653
v -1.044223 0.441693 0.332623
v -1.018700 0.397119 0.367948
v -1.014943 0.484999 0.373360
v -0.942566 0.389760 -0.029283
v -0.713194 0.722591 0.304256
v -1.098326 0.329333 -0.127636
v -0.680951 0.731305 0.354213
v -0.971792 0.617408 0.162021
v -1.017147 0.614548 0.133063
v -1.045709 0.563389 0.124442
v -1.140865 0.441969 0.135487
v -0.930588 0.388468 -0.086041
v -0.906460 0.392527 0.197141
v -0.778090 0.715646 0.203875
v -0.946010 0.390440 0.027913
v -0.749515 0.722794 0.255496
v -1.145925 0.441969 0.100837
v -1.117106 0.441858 0.202979
v -0.995557 0.614475 0.041615
v -1.027979 0.611436 0.011902
v -1.057466 0.560499 -0.003623
v -1.154639 0.442025 -0.003191
v -1.111748 0.330629 0.124602
v -1.150985 0.441969 0.066188
v -0.927736 0.391194 0.141667
v -1.063601 0.331906 0.247150
v -0.814267 0.696042 0.096627
v -1.024334 0.329376 -0.188322
v -0.800783 0.702128 0.151092
v -0.984157 0.598259 -0.079529
v -1.003639 0.595322 -0.108483
v -1.033630 0.549501 -0.131072
v -1.079798 0.441997 -0.240122
v -1.127891 0.442025 -0.141020
v -1.067599 0.329960 -0.065145
v -0.820750 0.687798 -0.013695
v -1.136207 0.442025 -0.106739
v -0.821815 0.696084 0.041616
v -1.074274 0.330612 0.061374
v -1.144523 0.442025 -0.072458
v -0.939453 0.595520 -0.196758
v -0.946404 0.595703 -0.223223
v -0.973754 0.549120 -0.252837
v -1.152812 0.441997 0.031499
v -1.061648 0.441968 -0.272656
v -1.044103 0.331278 0.186298
v -0.797269 0.665466 -0.122533
v -1.128985 0.441914 0.169233
v -0.813582 0.672572 -0.068734
v -1.065673 0.441776 0.301129
v -1.097949 0.442025 -0.207588
v -0.862617 0.596011 -0.305476
v -0.857960 0.596263 -0.327861
v -0.880629 0.548560 -0.364332
v -0.996848 0.479947 -0.356563
v -0.990913 0.392911 -0.406245
v -0.992760 0.242778 -0.381053
v -1.025176 0.438806 -0.367426
v -0.991712 0.380279 -0.406605
v -1.000535 0.240761 -0.410581
v -0.236163 -0.326618 0.678904
v -0.246111 0.116421 0.719382
v -0.744450 0.665039 -0.226112
v -0.244113 -0.112979 0.715259
v -0.774863 0.665350 -0.175564
v -1.045580 0.479812 -0.295038
v -0.241904 0.347080 0.693065
v -1.018176 0.405838 -0.331314
v -0.756837 0.596645 -0.401506
v -0.741922 0.596937 -0.418318
v -0.757681 0.547886 -0.461256
v -0.871052 0.480582 -0.466562
v -0.850933 0.392911 -0.514304
v -0.905739 0.253393 -0.487464
v -0.898915 0.380279 -0.482862
v -0.851613 0.380279 -0.514762
v -0.859116 0.240761 -0.519823
v -0.314006 -0.005026 0.714339
v -0.816899 -0.231347 -0.461511
v -0.896830 0.060056 -0.481446
v -0.830700 -0.109561 -0.500668
v -0.792065 -0.384245 -0.474613
v -0.353645 0.125726 0.754071
v -0.271178 -0.103705 0.654120
v -0.664500 0.664450 -0.320455
v -0.341831 -0.351910 0.707074
v -0.707991 0.664857 -0.275080
v -0.936558 0.480416 -0.412694
v -0.923255 0.392911 -0.461844
v -0.974796 0.240761 -0.431732
v -0.932157 0.240761 -0.466771
v -0.910473 0.111943 -0.441988
v -0.626363 0.597341 -0.481213
v -0.602992 0.597629 -0.491151
v -0.609505 0.547194 -0.539820
v -0.716113 0.481277 -0.557721
v -0.682384 0.392911 -0.601870
v -0.743901 0.253393 -0.582756
v -0.738540 0.380279 -0.577345
v -0.682918 0.380279 -0.602409
v -0.688813 0.240761 -0.608359
v -0.741769 0.115883 -0.580593
v -0.711414 -0.232431 -0.549955
v -0.722122 -0.109561 -0.560762
v -0.666484 -0.109561 -0.585834
v -0.636128 -0.457875 -0.555196
v -0.609481 -0.505618 -0.532362
v -0.691767 -0.457875 -0.530124
v -0.350920 -0.122252 0.747830
v -0.560291 0.663767 -0.402001
v -0.312088 0.237868 0.695857
v -0.615314 0.664222 -0.363478
v -0.795799 0.481102 -0.513583
v -0.768492 0.392911 -0.559933
v -0.775797 0.240761 -0.565937
v -0.824716 0.115883 -0.534684
v -0.767894 -0.384245 -0.487991
v -0.715938 -0.457875 -0.516747
v -0.687015 -0.505835 -0.495723
v -0.458255 0.503923 -0.570765
v -0.476333 0.597991 -0.541650
v -0.391953 0.580529 -0.538919
v -0.444620 0.430345 -0.678204
v -0.538134 0.481923 -0.626631
v -0.557607 0.253393 -0.654925
v -0.553914 0.380279 -0.648912
v -0.508821 0.369304 -0.639837
v -0.487143 0.233741 -0.670353
v -0.556142 0.115883 -0.652522
v -0.535233 -0.232431 -0.618479
v -0.542608 -0.109561 -0.630488
v -0.471200 -0.104680 -0.644854
v -0.353657 -0.573542 -0.587597
v -0.526437 -0.505618 -0.562298
v -0.608552 -0.457875 -0.565137
v -0.549276 -0.457875 -0.586504
v -0.268991 0.325194 0.631342
v -0.435597 0.663090 -0.467596
v -0.298105 -0.432306 0.641629
v -0.500202 0.663524 -0.437397
v -0.628864 0.481768 -0.593898
v -0.588327 0.392911 -0.635776
v -0.593756 0.240761 -0.642625
v -0.650775 0.115883 -0.618409
v -0.264366 -0.301327 0.622166
v -0.291224 0.567191 0.634439
v -0.338562 0.648089 0.608116
v -0.513965 0.683549 0.560081
v -0.308092 -0.220931 0.687611
v -0.415465 0.654771 0.543818
v -0.348688 0.368967 0.726220
v -0.505623 0.707199 0.518067
v -0.608608 0.733268 0.531101
v -0.585044 0.721897 0.538802
v -0.480233 0.690347 0.526344
v -0.366887 0.662871 -0.493954
v -0.574908 -0.109561 -0.618845
v -0.625142 -0.232431 -0.586069
v -0.634184 -0.109561 -0.597477
v -0.588777 0.380279 -0.636344
v -0.652581 0.253393 -0.620689
v -0.648054 0.380279 -0.614977
v -0.526483 0.597809 -0.519510
v -0.527179 0.547014 -0.570270
v -0.553128 0.597809 -0.513184
v -0.750433 -0.109561 -0.545093
v -0.790221 -0.232431 -0.506338
v -0.802389 -0.109561 -0.516337
v -0.769098 0.380279 -0.560432
v -0.827147 0.253393 -0.536682
v -0.821054 0.380279 -0.531676
v -0.674710 0.597138 -0.456566
v -0.685664 0.547685 -0.502158
v -0.693842 0.597138 -0.442813
v -0.923994 0.380279 -0.462253
v -0.974057 0.253393 -0.431323
v -0.966633 0.380279 -0.427214
v -0.802662 0.596453 -0.374578
v -0.821620 0.548370 -0.414096
v -0.812333 0.596453 -0.354619
v -0.905218 0.595856 -0.276645
v -0.929953 0.548967 -0.309555
v -0.903918 0.595856 -0.251905
v -0.978228 0.595421 -0.166556
v -1.006670 0.549402 -0.192588
v -0.964908 0.595421 -0.138583
v -1.019037 0.601876 -0.048621
v -1.048703 0.553516 -0.067625
v -0.993077 0.607864 -0.019072
v -1.025747 0.614511 0.072522
v -1.054817 0.563426 0.060444
v -0.986963 0.614511 0.102122
v -0.998108 0.620686 0.192190
v -1.024883 0.566687 0.186885
v -0.946694 0.626060 0.220155
v -0.937389 0.632408 0.305702
v -0.959916 0.575150 0.306891
v -0.873955 0.632408 0.330438
v -0.305591 0.456292 0.661705
v -0.925028 0.325707 0.500760
v -0.838688 0.653433 0.435803
v -0.859104 0.582336 0.434238
v -0.774849 0.664101 0.460643
v -0.824821 0.173399 0.580696
v -0.775225 0.153104 0.612016
v -0.771423 0.282665 0.605222
v -0.635964 -0.238817 0.653638
v -0.564085 -0.348614 0.653015
v -0.576561 -0.238817 0.675051
v -0.272449 0.107116 0.656124
v -0.592172 0.131259 0.694698
v -0.589786 0.256974 0.685486
v -0.439161 -0.348319 0.687978
v -0.374790 -0.348319 0.701147
v -0.382431 -0.239112 0.724396
v -0.456432 0.131388 0.732603
v -0.392063 0.131388 0.745772
v -0.390597 0.256845 0.736323
v -0.248812 0.486788 0.506267
v -0.305115 0.603743 0.604720
v -0.267926 0.563905 0.590155
v -0.276174 0.420501 -0.606012
v -0.306377 0.289801 -0.604877
v -0.314156 0.378658 -0.578728
v -0.284938 0.063497 -0.634127
v -0.307816 0.185955 -0.610399
v -0.283545 0.312336 -0.629745
v -0.285304 0.185409 -0.636494
v -0.290580 0.222073 -0.748273
v -0.162717 -0.392089 -0.557338
v -0.276498 -0.231822 -0.601741
v -0.292447 0.492255 -0.645047
v -0.280115 -0.105274 -0.615619
v -0.320461 0.357636 -0.724698
v -0.362810 0.241725 -0.752054
v -0.362118 0.104214 -0.749361
v -0.282854 -0.116349 -0.719587
v -0.352163 -0.244100 -0.711163
v -0.247425 0.418677 -0.744590
v -0.284812 0.423632 -0.542036
v -0.321514 0.517700 -0.524257
v -0.173636 -0.455670 -0.666008
v -0.352526 0.470255 -0.719755
v -0.024297 0.166001 -0.611340
v -0.001785 0.165456 -0.637434
v -0.007061 0.202120 -0.749214
v -0.010478 -0.412042 -0.558278
v 0.007021 -0.251775 -0.602681
v -0.000026 0.292382 -0.630686
v 0.003404 -0.125227 -0.616559
v -0.036942 0.337683 -0.725638
v -0.079291 0.221771 -0.752995
v -0.078599 0.084261 -0.750302
v 0.000665 -0.136302 -0.720528
v -0.068644 -0.264053 -0.712104
v -0.062330 0.398724 -0.745530
v -0.021397 -0.475623 -0.666949
vn -0.5653 -0.1227 -0.8157
vn -0.6367 0.1071 -0.7636
vn -0.1303 -0.3424 0.9305
vn -0.0693 -0.3498 -0.9343
vn -0.2033 -0.4002 -0.8936
vn -0.2521 0.0027 -0.9677
vn -0.2559 0.0270 -0.9663
vn -0.5013 0.4564 -0.7351
vn -0.3978 -0.0725 -0.9146
vn -0.4497 0.1326 -0.8833
vn -0.7213 -0.3110 -0.6189
vn -0.5611 -0.3164 -0.7649
vn -0.5291 -0.3068 -0.7911
vn -0.5679 0.6614 -0.4900
vn -0.6744 -0.4751 -0.5652
vn 0.3431 -0.1651 -0.9247
vn -0.6113 0.6583 -0.4393
vn -0.2896 -0.8531 -0.4340
vn -0.6920 0.6723 -0.2631
vn -0.3221 -0.8807 -0.3474
vn -0.7292 0.6776 -0.0955
vn -0.3484 -0.8938 -0.2825
vn -0.7151 0.6902 0.1106
vn -0.3659 -0.9137 -0.1767
vn -0.6201 0.6949 0.3640
vn -0.3676 -0.8487 0.3801
vn -0.5228 0.6971 0.4907
vn -0.6108 -0.5390 0.5801
vn 0.3002 0.8576 -0.4176
vn -0.4131 0.7038 0.5779
vn -0.4980 -0.4970 0.7106
vn 0.1557 0.7385 -0.6560
vn -0.3011 0.7163 0.6295
vn -0.3777 -0.4589 0.8042
vn -0.4271 0.0786 0.9008
vn -0.3980 0.0072 0.9173
vn -0.3268 -0.3808 0.8650
vn -0.0912 0.9951 0.0391
vn -0.4127 -0.1297 0.9016
vn 0.3303 -0.5352 0.7775
vn -0.3057 0.0838 -0.9484
vn -0.8269 0.1131 0.5508
vn -0.0126 -0.4213 -0.9068
vn -0.6270 -0.1814 -0.7576
vn -0.4414 0.0196 0.8971
vn -0.5017 -0.0688 -0.8623
vn -0.2852 -0.0756 -0.9555
vn -0.2758 0.2204 -0.9356
vn -0.1982 -0.1492 -0.9687
vn -0.1040 -0.3236 -0.9404
vn -0.6323 -0.6655 0.3966
vn -0.7068 0.2729 0.6526
vn -0.4101 -0.1818 -0.8937
vn -0.6343 -0.0446 -0.7718
vn -0.3391 0.0042 -0.9407
vn -0.3388 0.0435 -0.9399
vn -0.6028 -0.6947 -0.3925
vn -0.4570 -0.1944 -0.8680
vn 0.0011 -0.0600 -0.9982
vn 0.3578 0.8938 0.2702
vn 0.0971 -0.8891 0.4473
vn -0.4848 -0.2975 -0.8225
vn 0.4249 -0.8697 0.2512
vn -0.5779 -0.6856 -0.4426
vn -0.6162 -0.7167 -0.3267
vn -0.6338 -0.7680 -0.0921
vn -0.6168 0.6527 -0.4398
vn -0.6289 -0.7668 -0.1280
vn -0.6349 -0.7257 -0.2652
vn -0.7263 0.6801 -0.0993
vn -0.6247 -0.7794 0.0469
vn -0.6631 0.6945 0.2792
vn -0.7344 0.6715 -0.0981
vn -0.5617 -0.7971 0.2216
vn -0.6188 -0.7776 0.1117
vn -0.5772 0.6954 0.4281
vn -0.5308 -0.7791 0.3336
vn -0.5560 -0.7931 0.2487
vn -0.0753 0.4385 -0.8956
vn -0.4698 -0.7464 0.4714
vn 0.3106 -0.2151 0.9259
vn -0.4716 0.6995 0.5369
vn 0.3678 -0.6552 0.6599
vn -0.3915 -0.7092 0.5863
vn -0.5767 -0.0606 0.8147
vn 0.3669 -0.0179 0.9301
vn -0.3592 0.7091 0.6068
vn -0.5463 -0.5128 0.6623
vn 0.3362 -0.2779 0.8999
vn -0.3008 -0.6735 0.6753
vn -0.4281 -0.0566 0.9020
vn -0.4226 0.1159 0.8989
vn -0.2634 -0.6581 0.7053
vn -0.4281 -0.4724 0.7705
vn -0.4827 0.0802 0.8721
vn 0.0429 -0.4672 0.8831
vn -0.4104 0.1120 0.9050
vn -0.7514 -0.0530 0.6577
vn -0.7771 0.2668 0.5700
vn -0.6597 0.2477 0.7095
vn -0.3058 -0.4385 0.8451
vn -0.3381 0.0756 0.9381
vn -0.0669 -0.1973 -0.9781
vn -0.3370 0.1116 0.9349
vn -0.3386 -0.0544 0.9394
vn 0.0642 0.3419 -0.9375
vn -0.4808 0.1183 0.8688
vn -0.4834 -0.0577 0.8735
vn -0.6789 0.0364 -0.7333
vn -0.6337 -0.0620 0.7711
vn -0.3590 -0.6921 0.6262
vn -0.4431 -0.7297 0.5207
vn -0.2467 -0.3640 0.8981
vn -0.3643 -0.9025 0.2298
vn -0.5797 -0.7858 0.2155
vn 0.3275 0.9344 -0.1404
vn -0.6391 -0.7526 -0.1589
vn 0.3643 0.9299 0.0507
vn -0.8022 -0.4567 0.3847
vn -0.5227 -0.0649 -0.8501
vn -0.3307 0.2217 -0.9173
vn 0.0045 0.4512 -0.8924
vn -0.4006 -0.0897 -0.9118
vn -0.3831 -0.2350 -0.8933
vn -0.2849 -0.0763 -0.9555
vn 0.2507 0.4176 0.8733
vn 0.4805 0.0095 0.8769
vn 0.2954 0.0105 0.9553
vn 0.2429 -0.1569 0.9573
vn 0.1766 0.2681 0.9471
vn -0.2764 -0.0047 -0.9610
vn -0.0114 0.4814 0.8764
vn 0.0649 -0.1390 0.9882
vn 0.2004 0.0119 0.9796
vn 0.2423 0.0883 0.9662
vn 0.3346 0.3688 0.8672
vn 0.3382 0.0752 0.9381
vn 0.3307 -0.2217 0.9173
vn 0.4363 0.3970 0.8075
vn 0.6848 0.5521 0.4756
vn 0.2537 -0.6636 0.7038
vn 0.3356 -0.1443 0.9309
vn 0.6569 0.4810 0.5807
vn 0.5281 0.0480 0.8478
vn 0.6035 0.0469 0.7960
vn 0.6517 -0.4637 -0.6002
vn 0.5244 -0.3834 0.7602
vn 0.5818 0.8133 0.0104
vn 0.5527 0.6620 0.5062
vn 0.6193 0.6561 0.4313
vn 0.8714 0.0956 0.4812
vn 0.6343 0.0446 0.7718
vn 0.3924 0.9174 -0.0662
vn 0.7831 -0.5587 0.2733
vn 0.7037 0.5438 0.4572
vn 0.7768 0.6197 0.1122
vn -0.3962 -0.8811 -0.2583
vn -0.8541 0.0020 -0.5201
vn 0.7571 0.6380 -0.1407
vn 0.7583 0.6040 0.2454
vn 0.6468 0.7321 0.2138
vn -0.8678 -0.0001 -0.4969
vn 0.8465 -0.3577 0.3944
vn -0.5700 -0.4306 0.6997
vn 0.7781 0.6276 0.0232
vn 0.6339 0.7681 0.0907
vn -0.6335 -0.7685 -0.0894
vn -0.9649 -0.0104 -0.2625
vn 0.7481 0.5431 0.3813
vn 0.7339 0.6503 -0.1960
vn 0.6100 0.7744 -0.1680
vn -1.0000 -0.0082 0.0041
vn -0.3913 -0.9070 0.1558
vn -0.5592 -0.7926 0.2430
vn 0.6798 0.6290 -0.3772
vn 0.5570 0.7934 -0.2454
vn -0.9623 -0.0179 0.2714
vn -0.3208 -0.9460 -0.0464
vn -0.5113 -0.7651 0.3914
vn 0.4846 0.7549 -0.4419
vn 0.5655 0.5630 -0.6027
vn 0.5865 -0.3186 0.7447
vn 0.3208 0.9261 -0.1987
vn -0.8653 -0.0147 0.5010
vn 0.5850 -0.0959 -0.8054
vn 0.6201 -0.7842 0.0235
vn 0.4095 0.7183 -0.5625
vn 0.4549 0.5210 -0.7223
vn 0.5298 0.0592 -0.8460
vn 0.5259 -0.0703 -0.8477
vn 0.6085 -0.2094 0.7655
vn 0.3066 0.9027 -0.3020
vn -0.7326 -0.0102 0.6806
vn 0.8764 -0.2767 -0.3942
vn 0.5327 0.5467 -0.6461
vn 0.2817 0.8663 -0.4126
vn 0.3208 0.6816 -0.6577
vn 0.3375 0.4841 -0.8073
vn 0.3830 0.0555 -0.9221
vn 0.4383 -0.0209 -0.8986
vn 0.3836 -0.1140 -0.9164
vn -0.0106 -0.9998 0.0166
vn -0.5859 -0.0054 0.8103
vn -0.9930 0.0693 0.0952
vn 0.4189 0.5057 -0.7542
vn 0.4841 -0.0213 -0.8747
vn 0.2428 0.8119 -0.5310
vn -0.2838 0.4635 -0.8394
vn 0.3920 0.3125 -0.8653
vn -0.4290 -0.2429 0.8700
vn 0.3872 -0.0642 -0.9198
vn 0.3152 -0.3123 -0.8962
vn -0.1701 -0.8651 0.4718
vn -0.0068 -0.9998 0.0187
vn -0.4377 -0.0008 0.8991
vn -0.9213 0.3110 0.2336
vn 0.3000 0.4715 -0.8293
vn 0.3390 -0.0200 -0.9406
vn -0.4862 -0.1158 0.8661
vn 0.9615 0.0381 -0.2720
vn -0.0207 0.5141 0.8575
vn 0.3370 -0.1116 -0.9349
vn 0.3386 0.0544 -0.9394
vn 0.2594 0.6598 -0.7052
vn 0.4808 -0.1183 -0.8688
vn 0.4834 0.0577 -0.8735
vn 0.3542 0.6937 -0.6271
vn 0.6337 0.0620 -0.7711
vn 0.4385 0.7311 -0.5227
vn 0.5076 0.7662 -0.3941
vn 0.3188 0.9167 -0.2408
vn 0.3507 -0.9235 0.1554
vn -0.3834 -0.8975 0.2178
vn 0.7009 0.6415 -0.3119
vn 0.5773 0.6826 0.4481
vn -0.4167 -0.9007 -0.1226
vn 0.2208 0.1613 0.9619
vn -0.4665 -0.0739 0.8814
vn -0.9294 -0.2941 0.2228
vn 0.1956 -0.2173 0.9563
vn -0.4411 -0.8221 0.3600
vn 0.4714 0.0508 0.8805
vn -0.6814 0.1918 -0.7063
vn -0.1956 0.2173 -0.9563
vn -0.5562 0.8168 -0.1534
vn -0.3384 0.0656 -0.9387
vn -0.6506 0.6795 -0.3391
vn -0.8050 -0.4033 -0.4351
vn -0.2000 0.0628 -0.9778
vn -0.5478 -0.5333 -0.6446
vn 0.8113 -0.0013 0.5846
vn 0.4491 0.7599 -0.4699
vn 0.5424 0.7849 -0.2995
vn 0.6206 0.4966 -0.6068
vn -0.6349 -0.7709 0.0510
vn -0.8289 -0.5037 -0.2432
vn -0.6892 -0.7206 0.0760
vn 0.4026 0.8263 -0.3938
vn -0.5346 -0.7821 0.3202
vn -0.8046 -0.5421 0.2423
vn -0.5220 -0.7710 0.3649
vn -0.5461 -0.7108 0.4433
vn 0.3187 0.8559 -0.4072
vn -0.3857 -0.7019 0.5987
vn 0.6634 -0.0944 -0.7423
vn 0.7089 0.0648 -0.7023
vn -0.1635 -0.5427 0.8238
vn -0.6344 0.0410 0.7720
vn 0.8968 0.4400 0.0471
vn 0.5581 0.0600 -0.8276
vn 0.6077 0.2897 -0.7395
vn -0.0714 -0.0235 0.9972
vn 0.8240 -0.0974 -0.5582
vn -0.5767 -0.4679 0.6697
vn 0.4102 0.0561 -0.9103
vn -0.3310 -0.2172 0.9183
vn -0.6435 -0.7165 0.2692
vn -0.4614 -0.7400 0.4893
vn -0.4551 -0.4210 0.7846
vn -0.2066 0.0403 -0.9776
vn 0.3282 0.2512 -0.9106
vn 0.3040 0.3580 0.8828
vn -0.2611 -0.6592 0.7052
vn -0.4872 0.6626 -0.5688
vn 0.1292 0.5231 -0.8424
vn -0.5089 0.2405 0.8266
vn -0.6152 -0.2471 -0.7486
vn -0.6110 0.6696 -0.4223
vn 0.1998 0.0759 0.9769
vn -0.6476 0.3587 0.6723
vn -0.2836 0.1275 -0.9504
vn 0.5488 -0.6330 -0.5459
vn -0.6214 0.7665 -0.1624
vn -0.4962 0.0152 -0.8681
vn -0.2877 -0.2346 -0.9286
vn -0.9499 -0.2780 0.1426
vn -0.6027 0.6609 -0.4471
vn -0.2683 -0.0757 -0.9603
vn -0.4987 -0.4835 -0.7194
vn -0.8505 -0.3588 -0.3847
vn -0.5351 -0.7184 0.4444
vn -0.7136 -0.4465 -0.5397
vn -0.7108 -0.6342 -0.3043
vn -0.6060 -0.7299 -0.3161
vn 0.3861 0.9184 0.0866
vn -0.5145 0.6704 -0.5347
vn 0.4973 -0.6956 -0.5184
vn 0.3744 0.9272 -0.0109
vn -0.8362 -0.5359 -0.1166
vn 0.3540 0.7962 -0.4907
vn 0.4845 0.1557 0.8608
vn -0.4755 -0.4244 0.7706
vn -0.7655 -0.5532 0.3286
vn -0.3615 -0.3921 0.8459
vn -0.6838 -0.5147 0.5172
vn 0.7353 0.3461 -0.5827
vn 0.9782 -0.1834 -0.0971
vn 0.2588 0.8257 -0.5012
vn -0.3087 -0.6770 0.6681
vn 0.2404 0.8082 -0.5375
vn -0.5402 0.0393 0.8406
vn -0.0348 -0.9974 0.0629
vn 0.2590 0.8256 -0.5013
vn -0.4048 -0.2229 0.8868
vn -0.3928 0.0368 0.9189
vn -0.3848 -0.7039 0.5971
vn -0.9117 -0.0459 0.4084
vn -0.5159 -0.3543 0.7800
vn 0.3939 0.1707 -0.9032
vn -0.2765 -0.0047 -0.9610
vn -0.9125 -0.3863 -0.1346
vn -0.7665 0.0732 0.6381
vn -0.1991 0.5493 -0.8115
vn -0.1998 -0.0759 -0.9769
vn -0.3715 -0.3303 -0.8677
vn 0.2857 -0.5386 -0.7927
vn -0.2500 -0.6541 0.7139
vn -0.8060 0.5903 -0.0437
vn -0.3389 0.0359 0.9401
vn -0.4081 0.1152 0.9056
vn -0.2482 0.7244 0.6432
vn -0.2917 -0.6682 0.6844
vn -0.3450 -0.6866 0.6400
vn -0.0319 -0.5557 -0.8307
vn -0.4839 0.0381 0.8743
vn -0.3421 0.0270 0.9393
vn -0.4317 -0.7241 0.5379
vn -0.4102 -0.0562 0.9103
vn 0.6151 -0.2476 -0.7485
vn -0.5042 -0.7610 0.4082
vn -0.5210 -0.7720 0.3641
vn 0.6337 0.0621 -0.7711
vn -0.5565 -0.7906 0.2553
vn 0.3005 0.8879 -0.3483
vn -0.5581 -0.0600 0.8276
vn -0.5109 -0.7640 0.3942
vn -0.5912 -0.8064 0.0122
vn -0.3500 -0.1648 0.9221
vn -0.6329 -0.7685 -0.0942
vn -0.6346 -0.7683 -0.0830
vn -0.5622 -0.7959 0.2247
vn -0.5831 -0.7398 -0.3357
vn 0.3356 0.4496 -0.8278
vn -0.0942 -0.0323 -0.9950
vn -0.5680 -0.6827 -0.4597
vn 0.0431 -0.6574 -0.7523
vn 0.0288 -0.0213 -0.9994
vn 0.2831 -0.0051 -0.9591
vn 0.1453 -0.0171 -0.9892
vn -0.3548 -0.0998 -0.9296
vn 0.2971 -0.3209 -0.8993
vn 0.3738 0.0870 0.9234
vn -0.5227 -0.0555 -0.8507
vn -0.7014 -0.5972 -0.3891
vn -0.4250 -0.1577 -0.8914
vn 0.5190 0.0487 0.8534
vn -0.3348 -0.1583 -0.9289
vn -0.1581 -0.4533 -0.8773
vn -0.2477 0.2195 -0.9437
vn 0.0485 0.5824 0.8114
vn 0.2359 0.2537 0.9381
vn 0.5931 0.1563 0.7898
vn -0.1720 -0.1006 -0.9800
vn 0.4416 0.1491 0.8847
vn -0.1755 -0.8557 -0.4869
vn 0.2000 -0.0628 0.9778
vn 0.4602 -0.1881 0.8677
vn 0.2865 -0.2207 0.9323
vn 0.4230 0.2185 0.8794
vn 0.8475 0.0035 0.5308
vn 0.6148 -0.0937 -0.7831
vn 0.4708 0.8794 -0.0709
vn 0.9903 -0.0390 0.1333
vn 0.6753 -0.3762 -0.6343
vn 0.4235 0.0745 0.9028
vn -0.6373 -0.7474 -0.1877
vn -0.6433 -0.7654 -0.0192
vn 0.5123 0.5675 -0.6446
vn -0.5901 -0.7875 0.1778
vn -0.5442 -0.7780 0.3139
vn -0.3892 0.0965 -0.9161
vn 0.5264 -0.3980 0.7513
vn 0.5069 0.7636 -0.3998
vn 0.5632 0.2826 -0.7765
vn 0.2700 0.8437 -0.4641
vn 0.3824 -0.0835 -0.9202
vn 0.4225 0.2624 -0.8675
vn 0.8312 -0.5464 -0.1028
vn -0.1996 -0.8737 0.4436
vn 0.8490 -0.1670 -0.5013
vn 0.2995 0.6765 -0.6728
vn 0.3337 0.2510 -0.9087
vn -0.3181 0.8314 0.4556
vn 0.5965 -0.3812 -0.7063
vn -0.4870 -0.2911 0.8234
vn 0.4081 -0.1152 -0.9056
vn -0.9600 0.2751 0.0523
vn -0.2723 0.8585 0.4344
vn 0.3041 0.1254 -0.9444
vn -0.0891 0.1225 -0.9885
vn -0.2947 0.7406 0.6039
vn 0.2428 0.3743 0.8949
vn 0.5633 -0.2608 -0.7840
vn 0.8654 -0.3614 0.3470
vn 0.6709 0.3944 -0.6280
vn 0.9080 -0.3363 0.2499
vn 0.6382 0.1794 0.7487
vn -0.8639 -0.3700 0.3418
vn 0.6930 -0.3310 0.6405
vn -0.3213 -0.9383 -0.1279
vn -0.2617 0.7401 0.6195
vn -0.3317 -0.8867 0.3220
vn -0.6075 -0.6905 -0.3927
vn 0.6369 0.7513 0.1727
vn 0.6337 -0.3705 0.6790
vn 0.7449 -0.3630 0.5598
vn 0.8215 -0.5688 0.0390
vn 0.5876 -0.5648 -0.5794
vn 0.8960 0.3748 0.2380
vn 0.7286 -0.5479 -0.4110
vn 0.8345 0.5248 -0.1677
vn 0.8990 -0.3569 -0.2536
vn 0.9397 0.0690 -0.3350
vn 0.8136 -0.3624 -0.4546
vn 0.3363 0.6775 -0.6541
vn 0.9538 -0.2665 -0.1390
vn -0.2890 0.3147 0.9041
vn -0.2982 -0.8781 0.3742
vn 0.1891 -0.1068 -0.9761
vn 0.2974 0.6826 -0.6676
vn 0.2230 0.7778 -0.5877
vn 0.1654 0.6983 -0.6965
vn 0.6636 -0.1852 -0.7248
vn 0.4386 0.6597 -0.6102
vn 0.4102 0.0562 -0.9103
vn 0.3781 0.6689 -0.6400
vn 0.7327 0.5806 -0.3550
vn 0.3420 -0.5539 -0.7591
vn 0.6105 -0.3610 0.7050
vn 0.3772 0.6723 -0.6370
vn 0.5516 0.7764 -0.3050
vn 0.4230 0.6594 -0.6215
vn 0.5827 0.7905 -0.1885
vn 0.6355 0.4594 -0.6205
vn 0.6540 0.7564 -0.0075
vn -0.3643 0.0316 -0.9308
vn 0.8103 0.2753 0.5173
vn 0.5652 0.5794 0.5872
vn -0.8938 -0.3215 0.3128
vn 0.7738 0.2229 -0.5929
vn 0.5383 0.1611 0.8272
vn 0.8784 -0.2687 0.3953
vn -0.6006 -0.3241 -0.7309
vn 0.5290 0.1128 0.8411
vn 0.9419 0.2747 -0.1933
vn 0.3683 0.1968 0.9086
vn 0.1262 0.5597 0.8190
vn -0.5837 -0.0474 -0.8106
vn 0.3366 0.8954 -0.2915
vn 0.5155 0.1249 0.8477
vn -0.1212 0.4471 -0.8863
vn 0.1083 0.1448 0.9835
vn -0.7329 -0.6470 -0.2102
vn 0.2778 0.8390 -0.4678
vn -0.2493 -0.5094 0.8236
vn -0.3732 -0.3176 0.8717
vn -0.3575 -0.6903 0.6290
vn 0.9546 -0.2633 0.1394
vn -0.6283 -0.7664 -0.1341
vn -0.2730 -0.2618 -0.9257
vn -0.3184 -0.9458 0.0633
vn 0.3586 0.1602 0.9196
vn -0.5311 0.3181 0.7853
vn -0.6132 -0.6899 -0.3847
vn -0.1230 0.0876 0.9885
vn 0.3139 -0.6782 0.6644
vn 0.4665 0.2681 -0.8429
vn -0.6276 -0.7572 -0.1813
vn 0.3578 0.9224 -0.1451
vn -0.4421 -0.7281 0.5238
vn -0.6438 -0.3682 0.6708
vn -0.9184 0.0927 0.3846
vn -0.9435 -0.1183 -0.3094
vn -0.6549 -0.6793 -0.3311
vn 0.2529 -0.0196 -0.9673
vn -0.6333 -0.7687 -0.0900
vn 0.5573 -0.7732 0.3026
vn -0.0796 -0.3024 0.9499
vn -0.3042 -0.9429 0.1357
vn -0.5622 -0.7984 0.2156
vn -0.3382 -0.0752 -0.9381
vn 0.4984 0.7764 -0.3857
vn -0.2619 -0.6566 0.7073
vn 0.5531 0.0060 0.8331
vn -0.1791 -0.2429 -0.9534
vn 0.5993 0.1554 0.7853
vn -0.5761 -0.6859 -0.4446
vn 0.4747 0.6370 -0.6074
vn -0.5714 -0.8131 0.1113
vn -0.5762 -0.7955 0.1876
vn 0.2977 0.8490 -0.4365
vn -0.5087 -0.3407 0.7906
vn -0.4194 -0.9077 -0.0153
vn -0.2057 -0.2964 -0.9326
vn -0.2864 -0.6912 0.6635
vn 0.7545 0.2199 0.6183
vn -0.5592 -0.7920 0.2449
vn 0.5731 0.8186 0.0374
vn 0.6676 -0.0841 -0.7397
vn -0.9230 -0.3817 0.0491
vn 0.3273 0.9188 -0.2206
vn 0.8612 0.3003 0.4101
vn -0.4265 -0.0114 -0.9044
vn 0.2412 -0.1424 0.9600
vn 0.6977 -0.5397 0.4711
vn -0.9368 0.3194 0.1428
vn -0.9560 -0.2916 0.0330
vn 0.4926 0.0698 0.8675
vn -0.1448 -0.5026 -0.8523
vn -0.9626 0.2709 -0.0093
vn -0.5423 0.6745 -0.5009
vn -0.0352 -0.1363 0.9900
vn -0.6995 -0.6453 0.3070
vn -0.0847 0.0861 -0.9927
vn -0.6600 -0.1209 -0.7414
vn 0.0657 0.1807 -0.9813
vn 0.6240 0.6856 0.3749
vn -0.1589 -0.2168 -0.9632
vn -0.1053 -0.0530 -0.9930
vn -0.6797 -0.7288 0.0830
vn -0.5620 -0.0388 -0.8262
vn -0.4054 -0.9061 0.1210
vn 0.3030 -0.5437 -0.7827
vn -0.5920 -0.6894 -0.4173
vn 0.2676 0.6763 0.6863
vn -0.5506 -0.6360 -0.5408
vn 0.3306 -0.8538 0.4023
vn -0.5563 -0.0389 -0.8301
vn 0.3925 0.8356 -0.3844
vn 0.3947 -0.1621 -0.9044
vn -0.5314 -0.6643 -0.5256
vn 0.3622 0.7757 0.5169
vn -0.6863 -0.4372 0.5812
vn -0.5681 -0.6826 -0.4598
vn -0.6344 -0.7686 -0.0829
vn 0.4125 0.9045 0.1085
vn -0.5929 -0.6882 -0.4181
vn 0.5069 0.0546 0.8603
vn 0.3631 0.8011 0.4757
vn -0.4625 -0.7385 0.4906
vn -0.5845 -0.7384 -0.3362
vn 0.4192 0.7879 -0.4512
vn 0.6743 0.1714 0.7183
vn 0.4181 0.8889 0.1872
vn -0.5776 -0.6839 -0.4457
vn -0.1985 -0.0293 -0.9797
vn -0.5629 -0.7953 0.2251
vn 0.8019 -0.5640 -0.1968
vn 0.3939 0.8998 0.1876
vn -0.6438 -0.7412 -0.1903
vn -0.3107 -0.0239 -0.9502
vn -0.5931 -0.8050 0.0125
vn 0.3283 0.8213 -0.4666
vn 0.4822 0.6205 -0.6184
vn 0.4008 0.9159 0.0210
vn -0.6337 -0.7683 -0.0901
vn -0.3535 -0.8933 0.2776
vn -0.5564 -0.7907 0.2552
vn 0.3138 0.8611 -0.4001
vn 0.5848 0.6325 -0.5079
vn 0.3758 0.9086 -0.1821
vn -0.5972 -0.7796 0.1885
vn -0.5937 -0.3545 0.7224
vn 0.3094 0.3365 -0.8894
vn 0.2949 0.8527 -0.4312
vn -0.7819 -0.0671 0.6197
vn -0.5092 -0.7658 0.3929
vn -0.5579 -0.7931 0.2443
vn -0.4574 -0.3285 0.8264
vn -0.2922 -0.6662 0.6862
vn -0.5489 0.0086 -0.8359
vn 0.8150 -0.2590 -0.5183
vn 0.2767 0.8410 -0.4649
vn -0.5573 0.0296 0.8298
vn -0.3562 -0.6931 0.6267
vn -0.4405 -0.7305 0.5218
vn -0.3226 -0.3078 0.8951
vn -0.3451 -0.6863 0.6402
vn -0.4712 -0.2307 0.8513
vn -0.7571 -0.4642 -0.4597
vn 0.2418 0.8055 -0.5410
vn -0.2501 -0.6537 0.7142
vn -0.3996 -0.0546 0.9151
vn -0.1545 0.1026 0.9827
vn -0.4851 0.0681 0.8718
vn -0.2931 0.5950 -0.7484
vn -0.1887 -0.4932 -0.8492
vn 0.2427 0.0758 0.9671
vn 0.4315 -0.3748 -0.8206
vn 0.9213 -0.1971 -0.3353
vn 0.3384 -0.0656 0.9387
vn -0.9770 0.2111 0.0286
vn 0.8421 0.5383 0.0330
vn -0.4800 0.0979 0.8718
vn 0.4959 0.0600 0.8663
vn 0.7051 -0.3346 -0.6252
vn 0.1288 0.4642 0.8763
vn 0.7542 -0.2997 0.5842
vn 0.5287 0.0486 0.8474
vn 0.5153 0.0600 0.8549
vn 0.4175 0.1490 0.8964
vn 0.4814 0.7916 -0.3763
vn 0.7577 0.2859 -0.5866
vn 0.3071 0.7025 0.6421
vn 0.3167 0.7243 0.6124
vn 0.3620 0.7938 0.4886
vn 0.3986 0.8485 0.3481
vn 0.4024 0.8976 0.1797
vn 0.7076 -0.3711 -0.6013
vn 0.9265 0.1489 -0.3455
vn 0.4003 0.9096 0.1114
vn 0.2928 0.6833 -0.6689
vn 0.4824 -0.0868 -0.8716
vn 0.3939 0.9164 -0.0716
vn 0.5997 -0.1645 0.7831
vn 0.4267 0.6502 -0.6286
vn 0.4768 -0.1742 -0.8616
vn 0.3380 -0.0818 -0.9376
vn 0.3470 0.8912 -0.2923
vn -0.0950 0.3109 -0.9457
vn 0.3354 0.6792 -0.6528
vn 0.4013 -0.5598 -0.7250
vn 0.2382 0.8094 -0.5367
vn 0.0251 0.9762 -0.2153
vn 0.1462 -0.2038 -0.9680
vn -0.9653 -0.2562 -0.0506
vn 0.4558 -0.1506 -0.8772
vn -0.6103 -0.0657 -0.7895
vn 0.4773 0.0088 0.8787
vn -0.9120 -0.2432 -0.3302
vn 0.3687 0.6425 0.6717
vn -0.2412 -0.1633 -0.9566
vn 0.7535 0.5804 0.3089
vn -0.6245 -0.7085 -0.3288
vn -0.6112 -0.6927 -0.3829
vn -0.8783 -0.4478 0.1675
vn 0.6972 0.3274 -0.6378
vn -0.6277 -0.7669 -0.1339
vn -0.6089 -0.7915 0.0524
vn 0.5388 0.5151 -0.6666
vn -0.5640 -0.7970 0.2160
vn -0.4755 -0.7503 0.4594
vn -0.5371 -0.7798 0.3217
vn -0.3986 -0.7133 0.5765
vn -0.4780 -0.7471 0.4619
vn -0.4007 -0.7096 0.5795
vn -0.3100 -0.6735 0.6710
vn 0.9117 0.0459 -0.4084
vn -0.7744 -0.3668 0.5155
vn 0.0219 -0.2660 -0.9637
vn -0.9375 0.3177 0.1422
vn -0.7114 0.6793 -0.1804
vn -0.0126 0.2253 -0.9742
vn -0.0691 0.9963 0.0515
vn -0.0110 0.1093 0.9939
vn -0.9504 -0.1271 0.2838
vn 0.0290 -0.2985 -0.9540
vn 0.0241 -0.2207 -0.9750
vn 0.0004 -0.0531 0.9986
vn 0.0026 0.0108 -0.9999
vn -0.4088 0.1120 0.9057
vn 0.4102 -0.2276 -0.8831
vn 0.3837 -0.5673 -0.7286
vn 0.0600 0.9636 -0.2604
vn 0.3667 -0.0315 -0.9298
vn -0.5305 -0.1235 0.8386
vn 0.2685 -0.8296 -0.4896
vn 0.4048 0.0873 -0.9102
vn -0.9918 -0.0730 0.1049
vn -0.8276 0.2682 -0.4931
vn -0.8258 -0.0289 -0.5633
vn -0.8216 -0.1406 -0.5524
vn -0.9993 0.0254 -0.0290
vn -0.9165 0.0339 -0.3987
vn -0.9926 -0.1170 -0.0313
vn -0.9245 0.2082 -0.3192
vn 0.0103 -0.1921 0.9813
vn 0.0130 -0.1384 -0.9903
vn 0.1051 -0.8537 0.5100
vn 0.0077 -0.0617 -0.9981
vn -0.0639 0.7360 0.6739
vn -0.0289 0.2745 0.9611
vn -0.5653 0.1227 0.8157
vn -0.6367 -0.1071 0.7636
vn -0.1303 0.3424 -0.9305
vn -0.0693 0.3498 0.9343
vn -0.2033 0.4002 0.8936
vn -0.2521 -0.0027 0.9677
vn -0.2559 -0.0270 0.9663
vn -0.5013 -0.4564 0.7351
vn -0.3978 0.0725 0.9146
vn -0.4497 -0.1326 0.8833
vn -0.7213 0.3110 0.6189
vn -0.5611 0.3164 0.7649
vn -0.5291 0.3068 0.7911
vn -0.5679 -0.6614 0.4900
vn -0.6744 0.4751 0.5652
vn 0.3431 0.1651 0.9247
vn -0.6113 -0.6583 0.4393
vn -0.2896 0.8531 0.4340
vn -0.6920 -0.6723 0.2631
vn -0.3221 0.8807 0.3474
vn -0.7292 -0.6776 0.0955
vn -0.3484 0.8938 0.2825
vn -0.7151 -0.6902 -0.1106
vn -0.3659 0.9137 0.1767
vn -0.6201 -0.6949 -0.3640
vn -0.3676 0.8487 -0.3801
vn -0.5228 -0.6971 -0.4907
vn -0.6108 0.5390 -0.5801
vn 0.3002 -0.8576 0.4176
vn -0.4131 -0.7038 -0.5779
vn -0.4980 0.4970 -0.7106
vn 0.1557 -0.7385 0.6560
vn -0.3011 -0.7163 -0.6295
vn -0.3777 0.4589 -0.8042
vn -0.4271 -0.0786 -0.9008
vn -0.3980 -0.0072 -0.9173
vn -0.3268 0.3808 -0.8650
vn -0.0912 -0.9951 -0.0391
vn -0.4127 0.1297 -0.9016
vn 0.2854 0.5628 -0.7758
vn -0.3057 -0.0838 0.9484
vn -0.8269 -0.1131 -0.5508
vn -0.0126 0.4213 0.9068
vn -0.6270 0.1814 0.7576
vn -0.4414 -0.0196 -0.8971
vn -0.5017 0.0688 0.8623
vn -0.2852 0.0756 0.9555
vn -0.2758 -0.2204 0.9356
vn -0.1982 0.1492 0.9687
vn -0.1040 0.3236 0.9404
vn -0.6323 0.6655 -0.3966
vn -0.7068 -0.2729 -0.6526
vn -0.4102 0.1818 0.8937
vn -0.6343 0.0446 0.7718
vn -0.3391 -0.0042 0.9407
vn -0.3388 -0.0435 0.9399
vn -0.6028 0.6947 0.3925
vn -0.4570 0.1944 0.8680
vn 0.0011 0.0600 0.9982
vn 0.3578 -0.8938 -0.2702
vn 0.0971 0.8891 -0.4473
vn -0.4848 0.2975 0.8225
vn 0.4249 0.8697 -0.2512
vn -0.5779 0.6856 0.4426
vn -0.6162 0.7167 0.3267
vn -0.6338 0.7680 0.0921
vn -0.6168 -0.6527 0.4398
vn -0.6289 0.7668 0.1280
vn -0.6349 0.7257 0.2652
vn -0.7263 -0.6801 0.0993
vn -0.6247 0.7794 -0.0469
vn -0.6631 -0.6945 -0.2792
vn -0.7344 -0.6715 0.0981
vn -0.5617 0.7971 -0.2216
vn -0.6188 0.7776 -0.1117
vn -0.5772 -0.6954 -0.4281
vn -0.5308 0.7791 -0.3336
vn -0.5560 0.7931 -0.2487
vn -0.0753 -0.4385 0.8956
vn -0.4698 0.7464 -0.4714
vn 0.3106 0.2151 -0.9259
vn -0.4716 -0.6995 -0.5369
vn 0.3678 0.6552 -0.6599
vn -0.3915 0.7092 -0.5863
vn -0.5767 0.0606 -0.8147
vn 0.3669 0.0179 -0.9301
vn -0.3592 -0.7091 -0.6068
vn -0.5463 0.5128 -0.6623
vn 0.3362 0.2779 -0.8999
vn -0.3008 0.6734 -0.6753
vn -0.4281 0.0566 -0.9020
vn -0.4226 -0.1159 -0.8989
vn -0.2634 0.6581 -0.7053
vn -0.4281 0.4724 -0.7705
vn -0.4827 -0.0802 -0.8721
vn 0.0429 0.4672 -0.8831
vn -0.4104 -0.1120 -0.9050
vn -0.7514 0.0530 -0.6577
vn -0.7720 -0.2969 -0.5621
vn -0.6597 -0.2477 -0.7095
vn -0.3058 0.4385 -0.8451
vn -0.3381 -0.0756 -0.9381
vn -0.0669 0.1973 0.9781
vn -0.3370 -0.1116 -0.9349
vn -0.3386 0.0544 -0.9394
vn 0.0642 -0.3419 0.9375
vn -0.4808 -0.1183 -0.8688
vn -0.4834 0.0577 -0.8735
vn -0.6789 -0.0364 0.7333
vn -0.6337 0.0620 -0.7711
vn -0.3590 0.6921 -0.6262
vn -0.4431 0.7297 -0.5207
vn -0.2467 0.3640 -0.8981
vn -0.3643 0.9025 -0.2298
vn -0.5797 0.7858 -0.2155
vn 0.3275 -0.9344 0.1404
vn -0.6391 0.7526 0.1589
vn 0.3643 -0.9299 -0.0507
vn -0.8022 0.4567 -0.3847
vn -0.5227 0.0649 0.8501
vn -0.3307 -0.2217 0.9173
vn 0.0045 -0.4512 0.8924
vn -0.4006 0.0897 0.9118
vn -0.3831 0.2350 0.8933
vn -0.2849 0.0763 0.9555
vn 0.2507 -0.4176 -0.8733
vn 0.4805 -0.0095 -0.8769
vn 0.2954 -0.0105 -0.9553
vn 0.2429 0.1569 -0.9573
vn 0.1766 -0.2681 -0.9471
vn -0.2764 0.0047 0.9610
vn -0.0114 -0.4814 -0.8764
vn 0.0649 0.1390 -0.9882
vn 0.2004 -0.0119 -0.9796
vn 0.2423 -0.0883 -0.9662
vn 0.3346 -0.3688 -0.8672
vn 0.3382 -0.0752 -0.9381
vn 0.3307 0.2217 -0.9173
vn 0.4363 -0.3970 -0.8075
vn 0.6848 -0.5521 -0.4756
vn 0.2537 0.6636 -0.7038
vn 0.3356 0.1443 -0.9309
vn 0.6569 -0.4810 -0.5807
vn 0.5281 -0.0480 -0.8479
vn 0.6035 -0.0469 -0.7960
vn 0.6517 0.4637 0.6002
vn 0.5244 0.3834 -0.7602
vn 0.5818 -0.8133 -0.0104
vn 0.5527 -0.6620 -0.5062
vn 0.6193 -0.6561 -0.4313
vn 0.8714 -0.0956 -0.4812
vn 0.6343 -0.0446 -0.7718
vn 0.3924 -0.9174 0.0662
vn 0.7831 0.5587 -0.2733
vn 0.7037 -0.5438 -0.4572
vn 0.7768 -0.6197 -0.1122
vn -0.3962 0.8811 0.2583
vn -0.8541 -0.0020 0.5201
vn 0.7570 -0.6380 0.1407
vn 0.7583 -0.6040 -0.2454
vn 0.6468 -0.7321 -0.2138
vn -0.8678 0.0001 0.4969
vn 0.8465 0.3577 -0.3944
vn -0.5700 0.4306 -0.6997
vn 0.7781 -0.6276 -0.0232
vn 0.6339 -0.7681 -0.0907
vn -0.6335 0.7685 0.0894
vn -0.9649 0.0104 0.2625
vn 0.7481 -0.5431 -0.3813
vn 0.7339 -0.6503 0.1960
vn 0.6100 -0.7744 0.1680
vn -1.0000 0.0082 -0.0041
vn -0.3913 0.9070 -0.1558
vn -0.5592 0.7926 -0.2430
vn 0.6798 -0.6290 0.3772
vn 0.5570 -0.7934 0.2454
vn -0.9623 0.0179 -0.2714
vn -0.3208 0.9460 0.0464
vn -0.5113 0.7651 -0.3914
vn 0.4846 -0.7549 0.4419
vn 0.5655 -0.5630 0.6027
vn 0.5865 0.3186 -0.7447
vn 0.3208 -0.9261 0.1987
vn -0.8653 0.0147 -0.5010
vn 0.5850 0.0959 0.8054
vn 0.6201 0.7842 -0.0235
vn 0.4095 -0.7183 0.5625
vn 0.4549 -0.5210 0.7223
vn 0.5298 -0.0592 0.8460
vn 0.5259 0.0703 0.8477
vn 0.6085 0.2094 -0.7655
vn 0.3066 -0.9027 0.3020
vn -0.7326 0.0102 -0.6806
vn 0.8764 0.2767 0.3942
vn 0.5327 -0.5467 0.6461
vn 0.2817 -0.8663 0.4126
vn 0.3208 -0.6816 0.6577
vn 0.3375 -0.4841 0.8073
vn 0.3830 -0.0555 0.9221
vn 0.4383 0.0209 0.8986
vn 0.3836 0.1140 0.9164
vn -0.0106 0.9998 -0.0166
vn -0.5859 0.0054 -0.8103
vn -0.9930 -0.0693 -0.0952
vn 0.4189 -0.5057 0.7542
vn 0.4841 0.0213 0.8747
vn 0.2428 -0.8119 0.5310
vn -0.2838 -0.4635 0.8394
vn 0.3920 -0.3125 0.8653
vn -0.4290 0.2429 -0.8700
vn 0.3872 0.0642 0.9198
vn 0.3212 0.3313 0.8872
vn -0.1701 0.8651 -0.4718
vn -0.0068 0.9998 -0.0187
vn -0.4377 0.0008 -0.8991
vn -0.9213 -0.3110 -0.2335
vn 0.3000 -0.4715 0.8293
vn 0.3390 0.0200 0.9406
vn -0.4862 0.1158 -0.8661
vn 0.9615 -0.0381 0.2720
vn -0.0207 -0.5141 -0.8575
vn 0.3370 0.1116 0.9349
vn 0.3386 -0.0544 0.9394
vn 0.2594 -0.6598 0.7052
vn 0.4808 0.1183 0.8688
vn 0.4834 -0.0577 0.8735
vn 0.3542 -0.6937 0.6271
vn 0.6337 -0.0620 0.7711
vn 0.4385 -0.7311 0.5227
vn 0.5076 -0.7662 0.3941
vn 0.3188 -0.9167 0.2408
vn 0.3507 0.9235 -0.1554
vn -0.3834 0.8975 -0.2178
vn 0.7009 -0.6415 0.3119
vn 0.5773 -0.6826 -0.4481
vn -0.4167 0.9007 0.1226
vn 0.2208 -0.1613 -0.9619
vn -0.4665 0.0739 -0.8814
vn -0.9294 0.2941 -0.2228
vn 0.1956 0.2173 -0.9563
vn -0.4411 0.8221 -0.3600
vn 0.4714 -0.0508 -0.8805
vn -0.6814 -0.1918 0.7063
vn -0.1956 -0.2173 0.9563
vn -0.5562 -0.8168 0.1534
vn -0.3384 -0.0656 0.9387
vn -0.6506 -0.6795 0.3391
vn -0.8050 0.4033 0.4351
vn -0.2000 -0.0628 0.9778
vn -0.5478 0.5333 0.6446
vn 0.8113 0.0013 -0.5846
vn 0.4491 -0.7599 0.4699
vn 0.5424 -0.7849 0.2995
vn 0.6206 -0.4966 0.6068
vn -0.6349 0.7709 -0.0510
vn -0.8289 0.5037 0.2432
vn -0.6892 0.7206 -0.0760
vn 0.4026 -0.8263 0.3938
vn -0.5346 0.7821 -0.3202
vn -0.8046 0.5421 -0.2423
vn -0.5220 0.7710 -0.3649
vn -0.5461 0.7109 -0.4433
vn 0.3187 -0.8559 0.4072
vn -0.3857 0.7019 -0.5987
vn 0.6634 0.0944 0.7423
vn 0.7089 -0.0648 0.7023
vn -0.1635 0.5427 -0.8238
vn -0.6344 -0.0410 -0.7720
vn 0.8968 -0.4400 -0.0471
vn 0.5581 -0.0600 0.8276
vn 0.6077 -0.2897 0.7395
vn -0.0714 0.0235 -0.9972
vn 0.8240 0.0974 0.5582
vn -0.5767 0.4679 -0.6697
vn 0.4102 -0.0561 0.9103
vn -0.3310 0.2172 -0.9183
vn -0.6401 0.7188 -0.2714
vn -0.4614 0.7400 -0.4893
vn -0.4551 0.4210 -0.7846
vn -0.2066 -0.0403 0.9776
vn 0.3282 -0.2512 0.9106
vn 0.3041 -0.3580 -0.8828
vn -0.2611 0.6592 -0.7052
vn -0.4872 -0.6626 0.5688
vn 0.1292 -0.5231 0.8424
vn -0.5089 -0.2405 -0.8266
vn -0.6152 0.2471 0.7486
vn -0.6110 -0.6696 0.4223
vn 0.1998 -0.0759 -0.9769
vn -0.6476 -0.3587 -0.6723
vn -0.2836 -0.1275 0.9504
vn 0.5488 0.6330 0.5459
vn -0.6214 -0.7665 0.1624
vn -0.4962 -0.0152 0.8681
vn -0.2877 0.2346 0.9286
vn -0.9499 0.2780 -0.1426
vn -0.6027 -0.6609 0.4471
vn -0.2683 0.0757 0.9603
vn -0.4987 0.4835 0.7194
vn -0.8505 0.3588 0.3847
vn -0.5351 0.7184 -0.4444
vn -0.7136 0.4465 0.5397
vn -0.7108 0.6342 0.3043
vn -0.6060 0.7299 0.3161
vn 0.3861 -0.9184 -0.0866
vn -0.5145 -0.6704 0.5347
vn 0.4973 0.6956 0.5184
vn 0.3744 -0.9272 0.0109
vn -0.8362 0.5359 0.1166
vn 0.3540 -0.7962 0.4907
vn 0.4845 -0.1557 -0.8608
vn -0.4755 0.4244 -0.7706
vn -0.7655 0.5532 -0.3286
vn -0.3615 0.3921 -0.8459
vn -0.6838 0.5147 -0.5172
vn 0.7353 -0.3461 0.5827
vn 0.9782 0.1834 0.0971
vn 0.2588 -0.8257 0.5012
vn -0.3087 0.6770 -0.6681
vn 0.2404 -0.8082 0.5375
vn -0.5402 -0.0393 -0.8406
vn -0.0348 0.9974 -0.0629
vn 0.2590 -0.8256 0.5013
vn -0.4048 0.2229 -0.8868
vn -0.3928 -0.0368 -0.9189
vn -0.3848 0.7039 -0.5970
vn -0.9117 0.0459 -0.4084
vn -0.5159 0.3543 -0.7800
vn 0.3939 -0.1707 0.9032
vn -0.2765 0.0047 0.9610
vn -0.9125 0.3863 0.1346
vn -0.7665 -0.0732 -0.6381
vn -0.1991 -0.5493 0.8115
vn -0.1998 0.0759 0.9769
vn -0.3715 0.3303 0.8677
vn 0.2857 0.5386 0.7927
vn -0.2500 0.6541 -0.7139
vn -0.8060 -0.5903 0.0437
vn -0.3389 -0.0359 -0.9401
vn -0.4081 -0.1152 -0.9056
vn -0.2482 -0.7244 -0.6432
vn -0.2917 0.6682 -0.6844
vn -0.3450 0.6866 -0.6400
vn -0.0319 0.5557 0.8307
vn -0.4839 -0.0381 -0.8743
vn -0.3421 -0.0270 -0.9393
vn -0.4317 0.7241 -0.5379
vn -0.4102 0.0562 -0.9103
vn 0.6151 0.2476 0.7486
vn -0.5042 0.7610 -0.4082
vn -0.5210 0.7720 -0.3641
vn 0.6337 -0.0621 0.7711
vn -0.5565 0.7906 -0.2553
vn 0.3005 -0.8879 0.3483
vn -0.5581 0.0600 -0.8276
vn -0.5109 0.7640 -0.3942
vn -0.5912 0.8064 -0.0122
vn -0.3500 0.1648 -0.9221
vn -0.6329 0.7685 0.0942
vn -0.6346 0.7683 0.0830
vn -0.5622 0.7959 -0.2248
vn -0.5831 0.7398 0.3357
vn 0.3356 -0.4496 0.8278
vn -0.0942 0.0323 0.9950
vn -0.5680 0.6827 0.4597
vn 0.0431 0.6574 0.7523
vn 0.0288 0.0213 0.9994
vn 0.2831 0.0051 0.9591
vn 0.1453 0.0171 0.9892
vn -0.3548 0.0998 0.9296
vn 0.2971 0.3209 0.8993
vn 0.3738 -0.0870 -0.9234
vn -0.5227 0.0555 0.8507
vn -0.7014 0.5972 0.3891
vn -0.4250 0.1577 0.8914
vn 0.5190 -0.0487 -0.8534
vn -0.3348 0.1583 0.9289
vn -0.1581 0.4533 0.8773
vn -0.2477 -0.2195 0.9437
vn 0.0485 -0.5824 -0.8114
vn 0.2359 -0.2537 -0.9381
vn 0.5931 -0.1563 -0.7898
vn -0.1720 0.1006 0.9800
vn 0.4416 -0.1491 -0.8847
vn -0.1755 0.8557 0.4869
vn 0.2000 0.0628 -0.9778
vn 0.4602 0.1881 -0.8677
vn 0.2865 0.2207 -0.9323
vn 0.4230 -0.2185 -0.8794
vn 0.8475 -0.0035 -0.5308
vn 0.6148 0.0937 0.7831
vn 0.4708 -0.8794 0.0709
vn 0.9903 0.0390 -0.1333
vn 0.6753 0.3762 0.6343
vn 0.4235 -0.0745 -0.9028
vn -0.6373 0.7474 0.1877
vn -0.6433 0.7654 0.0192
vn 0.5123 -0.5675 0.6446
vn -0.5901 0.7875 -0.1778
vn -0.5442 0.7780 -0.3139
vn -0.3892 -0.0965 0.9161
vn 0.5264 0.3980 -0.7513
vn 0.5069 -0.7636 0.3998
vn 0.5632 -0.2826 0.7765
vn 0.2700 -0.8437 0.4641
vn 0.3824 0.0835 0.9202
vn 0.4225 -0.2624 0.8675
vn 0.8312 0.5464 0.1028
vn -0.1996 0.8737 -0.4436
vn 0.8490 0.1670 0.5013
vn 0.2995 -0.6765 0.6728
vn 0.3337 -0.2510 0.9087
vn -0.3181 -0.8314 -0.4556
vn 0.5965 0.3812 0.7063
vn -0.4870 0.2911 -0.8234
vn 0.4081 0.1152 0.9056
vn -0.9600 -0.2751 -0.0523
vn -0.2723 -0.8585 -0.4345
vn 0.3041 -0.1254 0.9444
vn -0.0891 -0.1225 0.9885
vn -0.2947 -0.7406 -0.6039
vn 0.2428 -0.3743 -0.8949
vn 0.5633 0.2608 0.7840
vn 0.8654 0.3614 -0.3470
vn 0.6709 -0.3944 0.6280
vn 0.9080 0.3363 -0.2499
vn 0.6382 -0.1794 -0.7487
vn -0.8639 0.3700 -0.3418
vn 0.6930 0.3310 -0.6405
vn -0.3213 0.9383 0.1279
vn -0.2617 -0.7401 -0.6195
vn -0.3317 0.8867 -0.3220
vn -0.6075 0.6905 0.3927
vn 0.6369 -0.7513 -0.1727
vn 0.6337 0.3705 -0.6790
vn 0.7449 0.3630 -0.5598
vn 0.8215 0.5688 -0.0390
vn 0.5876 0.5648 0.5794
vn 0.8960 -0.3748 -0.2380
vn 0.7286 0.5479 0.4110
vn 0.8345 -0.5248 0.1677
vn 0.8990 0.3569 0.2536
vn 0.9397 -0.0690 0.3350
vn 0.8136 0.3624 0.4546
vn 0.3363 -0.6775 0.6541
vn 0.9538 0.2665 0.1390
vn -0.2957 -0.3352 -0.8946
vn -0.2982 0.8781 -0.3742
vn 0.1891 0.1068 0.9761
vn 0.2974 -0.6826 0.6676
vn 0.2230 -0.7778 0.5877
vn 0.1654 -0.6983 0.6965
vn 0.6636 0.1852 0.7248
vn 0.4386 -0.6597 0.6102
vn 0.4102 -0.0562 0.9103
vn 0.3781 -0.6689 0.6400
vn 0.7327 -0.5806 0.3550
vn 0.3420 0.5539 0.7591
vn 0.6105 0.3610 -0.7050
vn 0.3772 -0.6723 0.6370
vn 0.5516 -0.7764 0.3050
vn 0.4230 -0.6594 0.6215
vn 0.5827 -0.7905 0.1885
vn 0.6355 -0.4594 0.6205
vn 0.6540 -0.7564 0.0075
vn -0.3643 -0.0316 0.9308
vn 0.8103 -0.2753 -0.5173
vn 0.5652 -0.5794 -0.5872
vn -0.8938 0.3215 -0.3128
vn 0.7738 -0.2229 0.5929
vn 0.5383 -0.1611 -0.8272
vn 0.8784 0.2687 -0.3953
vn -0.6006 0.3241 0.7309
vn 0.5290 -0.1128 -0.8411
vn 0.9419 -0.2747 0.1933
vn 0.3683 -0.1968 -0.9086
vn 0.1262 -0.5597 -0.8190
vn -0.5837 0.0474 0.8106
vn 0.3366 -0.8954 0.2915
vn 0.5155 -0.1249 -0.8477
vn -0.1212 -0.4471 0.8863
vn 0.1083 -0.1448 -0.9835
vn -0.7329 0.6470 0.2102
vn 0.2778 -0.8390 0.4678
vn -0.2493 0.5094 -0.8236
vn -0.3732 0.3176 -0.8717
vn -0.3575 0.6903 -0.6289
vn 0.9546 0.2633 -0.1394
vn -0.6283 0.7664 0.1341
vn -0.2730 0.2618 0.9257
vn -0.3184 0.9458 -0.0633
vn 0.3586 -0.1602 -0.9196
vn -0.5311 -0.3181 -0.7853
vn -0.6132 0.6899 0.3847
vn -0.1230 -0.0876 -0.9885
vn 0.3139 0.6782 -0.6644
vn 0.4665 -0.2681 0.8429
vn -0.6276 0.7572 0.1813
vn 0.3578 -0.9224 0.1451
vn -0.4421 0.7281 -0.5238
vn -0.6438 0.3682 -0.6708
vn -0.9184 -0.0927 -0.3845
vn -0.9435 0.1183 0.3094
vn -0.6549 0.6793 0.3311
vn 0.2529 0.0196 0.9673
vn -0.6333 0.7687 0.0900
vn 0.5573 0.7732 -0.3026
vn -0.0796 0.3024 -0.9499
vn -0.3042 0.9429 -0.1357
vn -0.5622 0.7984 -0.2156
vn -0.3382 0.0752 0.9381
vn 0.4984 -0.7764 0.3857
vn -0.2619 0.6566 -0.7073
vn 0.5531 -0.0060 -0.8331
vn -0.1791 0.2429 0.9534
vn 0.5993 -0.1554 -0.7853
vn -0.5761 0.6859 0.4446
vn 0.4747 -0.6370 0.6074
vn -0.5714 0.8131 -0.1113
vn -0.5762 0.7955 -0.1876
vn 0.2977 -0.8490 0.4365
vn -0.5087 0.3407 -0.7906
vn -0.4194 0.9077 0.0153
vn -0.2057 0.2964 0.9326
vn -0.2864 0.6912 -0.6635
vn 0.7545 -0.2199 -0.6183
vn -0.5592 0.7920 -0.2449
vn 0.5731 -0.8186 -0.0374
vn 0.6676 0.0841 0.7397
vn -0.9230 0.3817 -0.0491
vn 0.3273 -0.9188 0.2206
vn 0.8612 -0.3003 -0.4101
vn -0.4265 0.0114 0.9044
vn 0.2412 0.1424 -0.9600
vn 0.6977 0.5397 -0.4711
vn -0.9368 -0.3194 -0.1428
vn -0.9560 0.2916 -0.0330
vn 0.4925 -0.0698 -0.8675
vn -0.1448 0.5026 0.8523
vn -0.9626 -0.2709 0.0093
vn -0.5423 -0.6745 0.5009
vn -0.0352 0.1363 -0.9900
vn -0.6995 0.6453 -0.3070
vn -0.0847 -0.0861 0.9927
vn -0.6600 0.1209 0.7414
vn 0.0657 -0.1807 0.9813
vn 0.6240 -0.6856 -0.3749
vn -0.1589 0.2168 0.9632
vn -0.1053 0.0530 0.9930
vn -0.6797 0.7288 -0.0830
vn -0.5620 0.0388 0.8262
vn -0.4054 0.9061 -0.1210
vn 0.3030 0.5437 0.7827
vn -0.5920 0.6894 0.4174
vn 0.2676 -0.6763 -0.6863
vn -0.5506 0.6360 0.5407
vn 0.3306 0.8538 -0.4023
vn -0.5563 0.0389 0.8301
vn 0.3925 -0.8356 0.3844
vn 0.3947 0.1621 0.9044
vn -0.5314 0.6643 0.5256
vn 0.3622 -0.7757 -0.5169
vn -0.6863 0.4372 -0.5812
vn -0.5681 0.6826 0.4598
vn -0.6344 0.7686 0.0829
vn 0.4125 -0.9045 -0.1085
vn -0.5929 0.6882 0.4181
vn 0.5069 -0.0546 -0.8603
vn 0.3631 -0.8011 -0.4757
vn -0.4625 0.7385 -0.4906
vn -0.5845 0.7384 0.3362
vn 0.4192 -0.7879 0.4512
vn 0.6743 -0.1714 -0.7183
vn 0.4181 -0.8889 -0.1872
vn -0.5776 0.6839 0.4457
vn -0.1985 0.0293 0.9797
vn -0.5629 0.7953 -0.2251
vn 0.8019 0.5640 0.1968
vn 0.3939 -0.8998 -0.1876
vn -0.6438 0.7412 0.1903
vn -0.3107 0.0239 0.9502
vn -0.5931 0.8050 -0.0125
vn 0.3283 -0.8213 0.4666
vn 0.4822 -0.6205 0.6184
vn 0.4008 -0.9159 -0.0210
vn -0.6337 0.7683 0.0901
vn -0.3535 0.8933 -0.2776
vn -0.5564 0.7907 -0.2553
vn 0.3138 -0.8611 0.4001
vn 0.5848 -0.6325 0.5079
vn 0.3758 -0.9086 0.1821
vn -0.5972 0.7796 -0.1885
vn -0.5937 0.3545 -0.7224
vn 0.3094 -0.3365 0.8894
vn 0.2949 -0.8527 0.4312
vn -0.7819 0.0671 -0.6197
vn -0.5092 0.7658 -0.3929
vn -0.5579 0.7931 -0.2443
vn -0.4574 0.3285 -0.8264
vn -0.2922 0.6662 -0.6862
vn -0.5489 -0.0086 0.8358
vn 0.8150 0.2590 0.5183
vn 0.2767 -0.8410 0.4649
vn -0.5573 -0.0296 -0.8298
vn -0.3562 0.6931 -0.6267
vn -0.4405 0.7305 -0.5218
vn -0.3226 0.3078 -0.8951
vn -0.3451 0.6863 -0.6402
vn -0.4712 0.2307 -0.8513
vn -0.7571 0.4642 0.4597
vn 0.2418 -0.8055 0.5410
vn -0.2501 0.6537 -0.7142
vn -0.3996 0.0546 -0.9151
vn -0.1300 -0.1011 -0.9863
vn -0.4851 -0.0681 -0.8718
vn -0.2931 -0.5950 0.7484
vn -0.1887 0.4932 0.8492
vn 0.2427 -0.0758 -0.9671
vn 0.4315 0.3748 0.8206
vn 0.9213 0.1971 0.3353
vn 0.3384 0.0656 -0.9387
vn -0.9770 -0.2111 -0.0286
vn 0.8421 -0.5383 -0.0330
vn -0.4800 -0.0979 -0.8718
vn 0.4959 -0.0600 -0.8663
vn 0.7051 0.3346 0.6252
vn 0.1288 -0.4642 -0.8763
vn 0.7542 0.2997 -0.5842
vn 0.5287 -0.0486 -0.8474
vn 0.5153 -0.0600 -0.8549
vn 0.4175 -0.1490 -0.8964
vn 0.4814 -0.7916 0.3763
vn 0.7577 -0.2859 0.5866
vn 0.3071 -0.7025 -0.6421
vn 0.3167 -0.7243 -0.6124
vn 0.3620 -0.7938 -0.4886
vn 0.3986 -0.8485 -0.3481
vn 0.4024 -0.8976 -0.1797
vn 0.7076 0.3711 0.6013
vn 0.9265 -0.1489 0.3455
vn 0.4003 -0.9096 -0.1114
vn 0.2928 -0.6833 0.6689
vn 0.4824 0.0868 0.8716
vn 0.3939 -0.9164 0.0716
vn 0.5997 0.1645 -0.7831
vn 0.4267 -0.6502 0.6286
vn 0.4768 0.1742 0.8615
vn 0.3380 0.0818 0.9376
vn 0.3470 -0.8912 0.2923
vn -0.0950 -0.3109 0.9457
vn 0.3354 -0.6792 0.6528
vn 0.4013 0.5598 0.7250
vn 0.2382 -0.8094 0.5367
vn 0.0251 -0.9762 0.2153
vn 0.1259 0.2037 0.9709
vn -0.9653 0.2562 0.0506
vn 0.4558 0.1506 0.8772
vn -0.6103 0.0657 0.7895
vn 0.4773 -0.0088 -0.8787
vn -0.9120 0.2432 0.3302
vn 0.3687 -0.6425 -0.6717
vn -0.2412 0.1633 0.9566
vn 0.7535 -0.5804 -0.3089
vn -0.6245 0.7085 0.3288
vn -0.6112 0.6927 0.3829
vn -0.8783 0.4478 -0.1675
vn 0.6972 -0.3274 0.6378
vn -0.6277 0.7669 0.1339
vn -0.6089 0.7915 -0.0524
vn 0.5388 -0.5151 0.6666
vn -0.5640 0.7970 -0.2160
vn -0.4755 0.7503 -0.4594
vn -0.5371 0.7798 -0.3217
vn -0.3986 0.7133 -0.5765
vn -0.4780 0.7471 -0.4619
vn -0.4007 0.7096 -0.5795
vn -0.3100 0.6735 -0.6710
vn 0.9117 -0.0459 0.4084
vn -0.9184 -0.0927 -0.3846
vn -0.7744 0.3668 -0.5155
vn 0.0219 0.2660 0.9637
vn -0.9375 -0.3177 -0.1422
vn -0.7114 -0.6793 0.1804
vn -0.0126 -0.2253 0.9742
vn -0.0703 -0.9967 -0.0398
vn -0.0110 -0.1093 -0.9939
vn -0.9504 0.1271 -0.2838
vn 0.0293 0.2993 0.9537
vn 0.0245 0.2211 0.9749
vn 0.0004 0.0531 -0.9986
vn 0.0026 -0.0108 0.9999
vn -0.4088 -0.1120 -0.9057
vn 0.4102 0.2276 0.8831
vn 0.3837 0.5673 0.7286
vn 0.0600 -0.9636 0.2604
vn 0.3667 0.0315 0.9298
vn -0.5305 0.1235 -0.8386
vn 0.2685 0.8296 0.4896
vn 0.4048 -0.0873 0.9102
vn -0.9921 -0.0054 -0.1254
vn -0.8555 -0.2658 0.4443
vn -0.8258 0.0289 0.5633
vn -0.8216 0.1406 0.5524
vn -0.9993 -0.0254 0.0290
vn -0.9330 -0.0062 0.3598
vn -0.9926 0.1170 0.0313
vn -0.9253 -0.3169 0.2086
vn 0.0103 0.1921 -0.9813
vn 0.0130 0.1384 0.9903
vn 0.1087 0.8532 -0.5101
vn 0.0077 0.0617 0.9981
vn -0.0654 -0.7359 -0.6739
vn -0.0293 -0.2751 -0.9610
vt 0.209070 0.540290
vt 0.202328 0.574224
vt 0.218750 0.582758
vt 0.218750 0.561340
vt 0.218750 0.539921
vt 0.209209 0.477897
vt 0.209013 0.509040
vt 0.218750 0.508780
vt 0.218750 0.493677
vt 0.218750 0.478574
vt 0.835726 0.616768
vt 0.851714 0.625000
vt 0.851012 0.601836
vt 0.194677 0.592272
vt 0.179321 0.614438
vt 0.195019 0.625000
vt 0.195343 0.614292
vt 0.193467 0.553460
vt 0.180934 0.572734
vt 0.193457 0.490853
vt 0.181603 0.509059
vt 0.193409 0.522210
vt 0.197238 0.509040
vt 0.193863 0.437500
vt 0.181069 0.446697
vt 0.193771 0.459603
vt 0.196718 0.446647
vt 0.157724 0.625000
vt 0.163858 0.625000
vt 0.164213 0.614822
vt 0.151578 0.615042
vt 0.165958 0.522191
vt 0.150652 0.521295
vt 0.150351 0.552845
vt 0.165901 0.553441
vt 0.151218 0.490789
vt 0.162143 0.509059
vt 0.165910 0.490803
vt 0.162330 0.477947
vt 0.114332 0.601993
vt 0.113900 0.625000
vt 0.135519 0.625000
vt 0.132904 0.589245
vt 0.115332 0.550105
vt 0.114869 0.585414
vt 0.130835 0.550858
vt 0.115040 0.500000
vt 0.115275 0.518855
vt 0.130471 0.519305
vt 0.129838 0.500000
vt 0.098063 0.625000
vt 0.085900 0.625000
vt 0.084590 0.618916
vt 0.097511 0.618738
vt 0.092979 0.550105
vt 0.084768 0.586391
vt 0.099125 0.586109
vt 0.099707 0.550105
vt 0.099650 0.518855
vt 0.099465 0.500000
vt 0.098617 0.510249
vt 0.093750 0.520660
vt 0.070309 0.625000
vt 0.054554 0.625000
vt 0.053273 0.618991
vt 0.068993 0.618958
vt 0.064656 0.566146
vt 0.056857 0.566129
vt 0.056324 0.569758
vt 0.064122 0.569792
vt 0.038931 0.625000
vt 0.023301 0.625000
vt 0.022020 0.618977
vt 0.037682 0.618946
vt 0.033411 0.566147
vt 0.025606 0.566142
vt 0.025071 0.569785
vt 0.032877 0.569793
vt 1.000000 0.624104
vt 0.992015 0.625000
vt 0.990738 0.618957
vt 0.006405 0.618987
vt 0.502131 0.565486
vt 0.994287 0.564835
vt 0.993685 0.567170
vt 0.501566 0.568473
vt 0.976384 0.625000
vt 0.960836 0.625000
vt 0.959549 0.618819
vt 0.975128 0.618873
vt 0.970909 0.566215
vt 0.963087 0.566239
vt 0.962542 0.569977
vt 0.970370 0.569930
vt 0.945229 0.625000
vt 0.929654 0.625000
vt 0.928350 0.618711
vt 0.943915 0.618789
vt 0.939650 0.566280
vt 0.931821 0.566306
vt 0.931269 0.570112
vt 0.939105 0.570059
vt 0.914040 0.625000
vt 0.898495 0.625000
vt 0.897163 0.618557
vt 0.912707 0.618664
vt 0.912231 0.545315
vt 0.899995 0.570302
vt 0.912882 0.586087
vt 0.915679 0.570157
vt 0.853402 0.600430
vt 0.865370 0.600384
vt 0.865980 0.618375
vt 0.882872 0.625000
vt 0.867351 0.625000
vt 0.881515 0.618498
vt 0.880949 0.545315
vt 0.868726 0.570524
vt 0.881650 0.585886
vt 0.884414 0.570357
vt 0.822110 0.600609
vt 0.834161 0.600567
vt 0.834787 0.618190
vt 0.836209 0.625000
vt 0.850328 0.618312
vt 0.849699 0.545315
vt 0.837466 0.570744
vt 0.850418 0.585661
vt 0.853149 0.570582
vt 0.837816 0.493334
vt 0.849647 0.517185
vt 0.853442 0.493334
vt 0.849851 0.475416
vt 0.837504 0.462084
vt 0.850183 0.444166
vt 0.837412 0.437500
vt 0.834557 0.444166
vt 0.835468 0.601991
vt 0.819819 0.602051
vt 0.820555 0.625000
vt 0.812500 0.514620
vt 0.818397 0.517185
vt 0.812500 0.493233
vt 0.822541 0.437500
vt 0.812500 0.443312
vt 0.818933 0.444166
vt 0.821693 0.444166
vt 0.135861 0.615191
vt 0.151130 0.625000
vt 0.218750 0.612625
vt 0.218750 0.625000
vt 0.213253 0.572846
vt 0.216002 0.577802
vt 0.220539 0.620669
vt 0.210938 0.625000
vt 0.218750 0.446810
vt 0.209406 0.437500
vt 0.209539 0.446647
vt 0.216159 0.461690
vt 0.216228 0.477444
vt 0.213706 0.476314
vt 0.213569 0.460689
vt 0.146402 0.541324
vt 0.177793 0.522191
vt 0.181546 0.540309
vt 0.178166 0.459553
vt 0.181400 0.477947
vt 0.147896 0.595831
vt 0.208439 0.445064
vt 0.192807 0.445064
vt 0.179776 0.625000
vt 0.181021 0.616272
vt 0.188449 0.625000
vt 0.177850 0.490803
vt 0.165981 0.509059
vt 0.165595 0.459553
vt 0.178299 0.446697
vt 0.165543 0.437500
vt 0.162659 0.446697
vt 0.086609 0.601113
vt 0.135189 0.511606
vt 0.146104 0.510482
vt 0.143923 0.493404
vt 0.153007 0.475236
vt 0.072232 0.599803
vt 0.071919 0.569826
vt 0.082258 0.554234
vt 0.072989 0.562500
vt 0.072454 0.566163
vt 0.103538 0.570368
vt 0.129451 0.510072
vt 0.114242 0.510249
vt 0.085267 0.601110
vt 0.071461 0.586429
vt 0.069674 0.601064
vt 0.053498 0.586485
vt 0.055407 0.601011
vt 0.069179 0.586434
vt 0.009446 0.569775
vt 0.022242 0.586466
vt 0.017259 0.569780
vt 0.024157 0.601035
vt 0.037902 0.586438
vt 0.048504 0.569780
vt 0.040683 0.569802
vt 0.990987 0.586440
vt 0.992818 0.597951
vt 1.000000 0.587118
vt 0.959759 0.586271
vt 0.961613 0.601225
vt 0.975366 0.586352
vt 0.985942 0.568527
vt 0.978198 0.569883
vt 0.928532 0.586136
vt 0.930312 0.601356
vt 0.944120 0.586239
vt 0.954742 0.569992
vt 0.946941 0.570006
vt 0.142094 0.625000
vt 0.897308 0.585946
vt 0.899000 0.601544
vt 0.900358 0.514065
vt 0.910948 0.540647
vt 0.906250 0.516630
vt 0.906250 0.516651
vt 0.902744 0.545315
vt 0.927664 0.562500
vt 0.917695 0.554140
vt 0.866079 0.585725
vt 0.867686 0.601765
vt 0.869108 0.514065
vt 0.880955 0.548435
vt 0.884733 0.514065
vt 0.880897 0.517185
vt 0.868755 0.462084
vt 0.877887 0.474523
vt 0.875000 0.462877
vt 0.875000 0.443922
vt 0.896574 0.545315
vt 0.880625 0.493334
vt 0.896307 0.500000
vt 0.887947 0.494644
vt 0.834841 0.585504
vt 0.836383 0.601988
vt 0.837858 0.514065
vt 0.849705 0.548435
vt 0.853483 0.514065
vt 0.853130 0.462084
vt 0.821439 0.585454
vt 0.865324 0.545315
vt 0.865272 0.517185
vt 0.869066 0.493334
vt 0.865475 0.475416
vt 0.852943 0.444166
vt 0.865683 0.437500
vt 0.853798 0.437500
vt 0.850024 0.437500
vt 0.812500 0.475392
vt 0.812500 0.462273
vt 0.822233 0.514065
vt 0.818455 0.548435
vt 0.821880 0.462084
vt 0.818601 0.475416
vt 0.165209 0.616435
vt 0.172491 0.625000
vt 0.834074 0.545315
vt 0.821888 0.570796
vt 0.822192 0.493334
vt 0.834022 0.517185
vt 0.834225 0.475416
vt 0.834079 0.548435
vt 0.865807 0.444166
vt 0.865329 0.548435
vt 0.896579 0.548435
vt 0.896522 0.517185
vt 0.866666 0.601768
vt 0.852703 0.585669
vt 0.897855 0.601548
vt 0.883971 0.585894
vt 0.882204 0.601612
vt 0.867042 0.616992
vt 0.017791 0.566140
vt 0.009976 0.566138
vt 0.991449 0.601056
vt 0.977765 0.586363
vt 0.975840 0.601149
vt 0.947271 0.599956
vt 0.053970 0.601014
vt 0.040236 0.586444
vt 0.038382 0.601064
vt 0.009786 0.599765
vt 0.023550 0.617715
vt 0.135116 0.519800
vt 0.177969 0.477947
vt 0.173019 0.614130
vt 0.162947 0.572634
vt 0.170542 0.570940
vt 0.182556 0.555009
vt 0.192938 0.571723
vt 0.181388 0.594461
vt 0.145241 0.522685
vt 0.136143 0.509531
vt 0.150243 0.492384
vt 0.176749 0.507491
vt 0.182563 0.492395
vt 0.192366 0.507475
vt 0.182603 0.523759
vt 0.192534 0.476314
vt 0.182303 0.461145
vt 0.197948 0.461186
vt 0.198189 0.555025
vt 0.193738 0.616185
vt 0.208014 0.523775
vt 0.198259 0.507475
vt 0.208048 0.492436
vt 0.213882 0.507475
vt 0.198237 0.523775
vt 0.162218 0.591077
vt 0.150589 0.570406
vt 0.161191 0.555010
vt 0.161143 0.523760
vt 0.176771 0.523759
vt 0.176796 0.538741
vt 0.166835 0.476355
vt 0.161170 0.492395
vt 0.161429 0.461145
vt 0.132320 0.617297
vt 0.120847 0.600735
vt 0.130927 0.570476
vt 0.113496 0.600547
vt 0.104931 0.587264
vt 0.114315 0.569490
vt 0.177198 0.445105
vt 0.166561 0.445105
vt 0.166229 0.437500
vt 0.176807 0.492395
vt 0.167003 0.507491
vt 0.136057 0.521846
vt 0.129737 0.541019
vt 0.114289 0.541499
vt 0.136318 0.500000
vt 0.065190 0.562500
vt 0.057391 0.562500
vt 0.113168 0.618248
vt 0.088235 0.587659
vt 0.083221 0.568583
vt 0.098584 0.568863
vt 0.097831 0.600015
vt 0.090066 0.538619
vt 0.098664 0.541499
vt 0.041016 0.599792
vt 0.041749 0.562500
vt 0.033945 0.562500
vt 0.041216 0.566151
vt 0.072591 0.587695
vt 0.057002 0.587750
vt 0.026140 0.562500
vt 0.025754 0.587726
vt 0.010128 0.587734
vt 0.010507 0.562500
vt 0.018324 0.562500
vt 0.085973 0.617639
vt 0.994888 0.562500
vt 0.994506 0.587718
vt 0.978887 0.587645
vt 0.979263 0.562500
vt 0.987075 0.562500
vt 0.041362 0.587710
vt 0.052716 0.599759
vt 0.054805 0.617737
vt 0.971447 0.562500
vt 0.963632 0.562500
vt 0.961010 0.617528
vt 0.502697 0.562500
vt 0.021461 0.599773
vt 0.022713 0.601034
vt 0.009004 0.586475
vt 0.007100 0.601023
vt 0.926994 0.568802
vt 0.932373 0.562500
vt 0.931958 0.587461
vt 0.963232 0.587570
vt 0.990199 0.599796
vt 0.992341 0.617701
vt 0.049037 0.566140
vt 0.960249 0.601227
vt 0.946506 0.586243
vt 0.944615 0.601260
vt 0.947628 0.587544
vt 0.940195 0.562500
vt 0.948016 0.562500
vt 0.958989 0.599934
vt 0.929046 0.601360
vt 0.915240 0.586093
vt 0.913402 0.601411
vt 0.912135 0.600087
vt 0.900683 0.587306
vt 0.911350 0.568839
vt 0.916364 0.587421
vt 0.895760 0.568961
vt 0.901326 0.548290
vt 0.911196 0.558570
vt 0.931586 0.600037
vt 0.929697 0.617398
vt 0.879876 0.517040
vt 0.870128 0.514210
vt 0.885753 0.514210
vt 0.880925 0.600254
vt 0.869411 0.587123
vt 0.880110 0.569007
vt 0.885097 0.587256
vt 0.864522 0.569145
vt 0.870076 0.548290
vt 0.864251 0.517040
vt 0.870080 0.545460
vt 0.869949 0.474262
vt 0.879852 0.489480
vt 0.900287 0.600191
vt 0.898371 0.617213
vt 0.955824 0.562500
vt 0.955283 0.566246
vt 0.885702 0.548290
vt 0.868988 0.600374
vt 0.849721 0.600440
vt 0.838149 0.586939
vt 0.848870 0.569193
vt 0.853830 0.587071
vt 0.833279 0.569326
vt 0.838826 0.548290
vt 0.833000 0.517040
vt 0.838878 0.514210
vt 0.848626 0.517040
vt 0.838830 0.545460
vt 0.848650 0.494488
vt 0.854503 0.514210
vt 0.833282 0.463238
vt 0.838423 0.443012
vt 0.848907 0.463238
vt 0.838699 0.474262
vt 0.849076 0.443012
vt 0.838115 0.437500
vt 0.812500 0.614023
vt 0.819139 0.618134
vt 0.854452 0.548290
vt 0.864275 0.494488
vt 0.837697 0.600558
vt 0.818514 0.600618
vt 0.812500 0.582393
vt 0.817629 0.569369
vt 0.822566 0.586892
vt 0.817376 0.517040
vt 0.812500 0.545904
vt 0.818449 0.545315
vt 0.812500 0.547830
vt 0.817657 0.463238
vt 0.834443 0.437500
vt 0.833451 0.443012
vt 0.218750 0.462692
vt 0.823202 0.548290
vt 0.823253 0.514210
vt 0.833025 0.494488
vt 0.216316 0.508127
vt 0.216304 0.523725
vt 0.213859 0.523100
vt 0.148419 0.616706
vt 0.822799 0.443012
vt 0.823074 0.474262
vt 0.823205 0.545460
vt 0.864532 0.463238
vt 0.854324 0.474262
vt 0.854049 0.443012
vt 0.854455 0.545460
vt 0.895501 0.517040
vt 0.885706 0.545460
vt 0.896573 0.600201
vt 0.927776 0.600045
vt 0.915989 0.600080
vt 0.901378 0.514210
vt 0.947479 0.566253
vt 0.084003 0.599833
vt 0.213835 0.538725
vt 0.216293 0.539323
vt 0.216147 0.558563
vt 0.213544 0.555786
vt 0.177066 0.461145
vt 0.208165 0.476314
vt 0.198207 0.492436
vt 0.178158 0.437500
vt 0.151469 0.539274
vt 0.197166 0.490853
vt 0.197047 0.477897
vt 0.208307 0.461186
vt 0.137854 0.572180
vt 0.196852 0.459603
vt 0.081820 0.555109
vt 0.056661 0.599751
vt 0.105288 0.600212
vt 0.005845 0.599764
vt 1.000000 0.597966
vt 0.025411 0.599774
vt 0.962876 0.599929
vt 0.912231 0.564289
vt 0.900295 0.548435
vt 0.869045 0.548435
vt 0.895544 0.545460
vt 0.901330 0.545460
vt 0.837795 0.548435
vt 0.884671 0.548435
vt 0.817420 0.545460
vt 0.833044 0.545460
vt 0.142121 0.616568
vt 0.853275 0.475416
vt 0.203449 0.620532
vt 0.201966 0.625000
vt 0.210938 0.625000
vt 0.833175 0.474262
vt 0.218750 0.524350
vt 0.098663 0.601348
vt 0.103975 0.585934
vt 0.007701 0.625000
vt 0.994106 0.598020
vt 0.853421 0.548435
vt 0.812500 0.547900
vt 0.216091 0.445937
vt 0.213432 0.445064
vt 0.817401 0.494488
vt 0.812500 0.514636
vt 0.812500 0.605025
vt 0.213362 0.625000
vt 0.197216 0.522210
vt 0.819184 0.585447
vt 0.218962 0.618879
vt 0.868899 0.475416
vt 0.837649 0.475416
vt 0.822171 0.548435
vt 0.864294 0.545460
vt 0.895497 0.514210
vt 0.884697 0.600244
vt 0.006629 0.586477
vt 0.089629 0.539493
vt 0.176924 0.476355
vt 0.208039 0.538725
vt 0.145503 0.554211
vt 0.161918 0.437500
vt 0.156250 0.459275
vt 0.153310 0.474630
vt 0.978545 0.599858
vt 0.974587 0.599873
vt 0.864701 0.443012
vt 0.879919 0.545460
vt 0.848670 0.545460
vt 0.869673 0.443012
vt 0.216272 0.492786
vt 0.213794 0.491894
vt 0.817551 0.474262
vt 0.037121 0.599800
vt 0.978731 0.566192
vt 0.986509 0.565513
vt 0.943355 0.599962
vt 0.049570 0.562500
vt 0.848801 0.474262
vt 0.812500 0.474775
vt 0.864425 0.474262
vt 1.000000 0.597766
vt 0.087873 0.599841
vt 0.145392 0.539634
vt 0.812500 0.604243
vt 1.000000 0.621503
vt 0.177828 0.540309
vt 0.068404 0.599796
vt 0.822025 0.475416
vt 0.218750 0.625000
vt 0.812500 0.575025
s 0
f 867/274/473 676/278/473 1087/277/473 605/276/473 683/275/473
f 865/279/474 677/283/474 1034/282/474 606/281/474 685/280/474
f 657/284/475 775/286/475 656/285/475
f 678/287/476 684/290/476 608/289/476 609/288/476
f 610/291/477 683/275/477 678/287/477 611/292/477
f 612/293/478 687/296/478 679/295/478 613/294/478
f 614/297/479 689/300/479 681/299/479 615/298/479
f 1102/301/480 809/304/480 616/303/480 1105/302/480
f 863/305/481 697/308/481 618/307/481 692/306/481
f 620/309/482 695/312/482 699/311/482 619/310/482
f 853/313/483 704/316/483 622/315/483 716/314/483
f 717/317/484 623/319/484 704/316/484 854/318/484
f 719/320/485 624/323/485 705/322/485 852/321/485
f 625/324/486 957/327/486 955/326/486 726/325/486
f 724/328/487 627/331/487 711/330/487 850/329/487
f 715/332/488 936/335/488 939/334/488 628/333/488
f 629/336/489 966/339/489 964/338/489 730/337/489
f 883/340/490 924/343/490 631/342/490 976/341/490
f 632/344/491 979/347/491 977/346/491 736/345/491
f 885/348/492 975/351/492 634/350/492 973/349/492
f 635/352/493 988/355/493 986/354/493 740/353/493
f 887/356/494 965/359/494 637/358/494 926/357/494
f 638/360/495 999/363/495 997/362/495 745/361/495
f 893/364/496 962/367/496 640/366/496 956/365/496
f 641/368/497 1015/371/497 1013/370/497 754/369/497
f 899/372/498 940/375/498 643/374/498 921/373/498
f 644/376/499 1037/379/499 1035/378/499 767/377/499
f 646/380/500 757/383/500 747/382/500 647/381/500
f 1122/384/501 1060/386/501 1124/385/501
f 649/387/502 1062/389/502 1060/386/502 782/388/502
f 651/390/503 769/393/503 758/392/503 652/391/503
f 1113/394/504 1088/396/504 1115/395/504
f 656/285/505 1090/398/505 1088/396/505 802/397/505
f 658/399/506 784/402/506 773/401/506 659/400/506
f 661/403/507 781/406/507 786/405/507 660/404/507
f 779/407/508 800/410/508 664/409/508 662/408/508
f 816/411/509 802/397/509 666/413/509 791/412/509
f 793/414/510 1178/414/510 1176/415/510 669/415/510
f 669/415/511 1176/415/511 1175/416/511 670/416/511
f 1084/417/512 799/420/512 671/419/512 1083/418/512
f 809/304/513 674/422/513 707/421/513
f 605/276/514 1149/426/514 869/425/514 1171/424/514 675/423/514
f 683/275/515 1169/428/515 807/427/515 684/290/515 678/287/515
f 607/429/516 690/431/516 688/430/516
f 1011/432/517 1036/435/517 872/434/517 1099/433/517
f 856/436/518 692/306/518 618/307/518
f 862/437/519 613/294/519 679/295/519 680/438/519
f 859/439/520 615/298/520 681/299/520 682/440/520
f 690/431/521 689/300/521 688/430/521
f 691/441/522 616/303/522 809/304/522
f 614/297/523 882/443/523 892/442/523 688/430/523
f 1100/444/524 696/446/524 906/445/524
f 611/292/525 680/438/525 610/291/525
f 715/332/526 852/321/526 717/317/526 627/331/526
f 698/447/527 613/294/527 862/437/527 700/448/527
f 860/449/528 621/452/528 702/451/528 703/450/528
f 850/329/529 711/330/529 712/453/529
f 710/454/530 709/456/530 708/455/530
f 694/457/531 620/309/531 708/455/531 709/456/531
f 1146/458/532 966/339/532 955/326/532
f 723/459/533 945/462/533 951/461/533 725/460/533
f 717/317/534 854/318/534 718/463/534
f 719/320/535 944/465/535 920/464/535 624/323/535
f 849/466/536 722/468/536 851/467/536
f 847/469/537 631/342/537 720/471/537 721/470/537
f 735/472/538 943/474/538 634/350/538 844/473/538
f 979/347/539 632/344/539 730/337/539 964/338/539
f 844/473/540 634/350/540 727/476/540 728/475/540
f 847/469/541 731/478/541 963/477/541 631/342/541
f 988/355/542 635/352/542 736/345/542 977/346/542
f 841/479/543 637/358/543 732/481/543 733/480/543
f 1015/371/544 641/368/544 745/361/544 997/362/544
f 999/363/545 638/360/545 740/353/545 986/354/545
f 838/482/546 640/366/546 737/484/546 738/483/546
f 841/479/547 741/486/547 954/485/547 637/358/547
f 1037/379/548 644/376/548 754/369/548 1013/370/548
f 835/487/549 643/374/549 742/489/549 743/488/549
f 838/482/550 746/491/550 950/490/550 640/366/550
f 707/421/551 674/422/551 925/492/551
f 832/493/552 647/381/552 747/382/552 748/494/552
f 750/495/553 648/498/553 1007/497/553 753/496/553
f 1062/389/554 649/387/554 767/377/554 1035/378/554
f 756/499/555 753/496/555 1018/501/555 755/500/555
f 826/502/556 652/391/556 758/392/556 759/503/556
f 761/504/557 653/507/557 830/506/557 763/505/557
f 764/508/558 655/511/558 1029/510/558 766/509/558
f 1090/398/559 656/285/559 782/388/559 1060/386/559
f 768/512/560 647/381/560 832/493/560 769/393/560
f 771/513/561 766/509/561 1042/515/561 770/514/561
f 817/516/562 659/400/562 773/401/562 774/517/562
f 776/518/563 660/404/563 824/520/563 778/519/563
f 779/407/564 662/408/564 821/521/564 781/406/564
f 816/411/565 791/412/565 818/522/565
f 783/523/566 652/391/566 826/502/566 784/402/566
f 786/405/567 820/526/567 654/525/567 785/524/567
f 788/527/568 663/530/568 1069/529/568 787/528/568
f 797/531/569 1183/531/569 1181/532/569 796/532/569
f 815/533/570 795/534/570 793/414/570 669/415/570
f 812/535/571 798/536/571 796/532/571 671/419/571
f 1105/302/572 808/538/572 1098/537/572
f 803/539/573 659/400/573 817/516/573 804/540/573
f 806/541/574 811/543/574 661/403/574 805/542/574
f 610/291/575 867/274/575 683/275/575
f 800/410/576 812/535/576 799/420/576
f 812/535/576 800/410/576 779/407/576 811/543/576
f 815/533/577 805/542/577 776/518/577 814/544/577
f 616/303/578 808/538/578 1105/302/578
f 821/521/579 789/545/579 764/508/579 820/526/579
f 824/520/580 785/524/580 761/504/580 823/546/580
f 802/397/581 816/411/581 657/284/581
f 830/506/582 772/548/582 750/495/582 829/547/582
f 825/549/583 775/286/583 827/550/583
f 831/551/584 760/553/584 833/552/584
f 650/554/585 760/553/585 649/387/585
f 735/472/586 989/556/586 904/555/586 943/474/586
f 840/557/587 739/559/587 842/558/587
f 1134/560/588 1015/371/588 997/362/588
f 846/561/589 729/563/589 848/562/589
f 1140/564/590 988/355/590 977/346/590
f 633/565/591 729/563/591 632/344/591
f 857/566/592 708/455/592 692/306/592 856/436/592
f 699/311/593 695/312/593 860/449/593 858/567/593
f 673/568/594 696/446/594 1100/444/594
f 619/310/595 863/305/595 692/306/595
f 618/307/596 697/308/596 617/569/596
f 689/300/597 614/297/597 688/430/597
f 907/570/598 874/573/598 875/572/598 876/571/598
f 1155/574/599 930/576/599 928/575/599
f 908/577/600 877/580/600 878/579/600 879/578/600
f 880/581/601 1163/583/601 882/443/601 881/582/601
f 875/572/602 869/425/602 884/584/602
f 609/288/603 608/289/603 696/446/603
f 874/573/604 906/445/604 888/585/604
f 1163/583/605 892/442/605 882/443/605
f 1167/586/606 871/589/606 891/588/606 889/587/606
f 877/580/607 1166/590/607 878/579/607
f 894/591/608 907/570/608 896/593/608 895/592/608
f 897/594/609 896/593/609 1162/596/609 1161/595/609
f 1157/597/610 901/599/610 900/598/610
f 927/600/611 916/602/611 915/601/611
f 1153/603/612 942/605/612 1152/604/612
f 911/606/613 913/608/613 912/607/613
f 910/609/614 1157/597/614 900/598/614 909/610/614
f 942/605/615 1153/603/615 915/601/615 916/602/615
f 1154/611/616 920/464/616 918/612/616
f 1150/613/617 918/612/617 920/464/617 944/465/617
f 624/323/618 920/464/618 929/614/618
f 1000/615/619 883/340/619 976/341/619 949/616/619
f 915/601/620 941/617/620 927/600/620
f 933/618/621 935/620/621 953/619/621
f 931/621/622 1152/604/622 935/620/622 933/618/622
f 938/622/623 953/619/623 935/620/623 937/623/623
f 937/623/624 1150/613/624 944/465/624 939/334/624
f 1143/624/625 979/347/625 964/338/625
f 968/625/626 996/627/626 885/348/626 998/626/626
f 1147/628/627 951/461/627 1000/615/627 949/616/627 948/629/627
f 961/630/628 967/634/628 974/633/628 1141/632/628 960/631/628
f 945/462/629 723/459/629 924/343/629 883/340/629
f 625/324/630 726/325/630 626/635/630
f 972/636/631 923/640/631 990/639/631 1138/638/631 971/637/631
f 1144/641/632 968/625/632 998/626/632 961/630/632 960/631/632
f 1145/642/633 948/629/633 1144/641/633
f 629/336/634 730/337/634 630/643/634
f 987/644/635 893/364/635 956/365/635 984/645/635
f 639/646/636 739/559/636 638/360/636
f 1141/632/637 974/633/637 994/647/637 972/636/637 971/637/637
f 1142/648/638 960/631/638 1141/632/638
f 843/649/639 734/651/639 845/650/639
f 632/344/640 736/345/640 633/565/640
f 1016/652/641 993/654/641 995/653/641
f 1138/638/642 990/639/642 987/644/642 984/645/642 982/655/642
f 1139/656/643 971/637/643 1138/638/643
f 635/352/644 740/353/644 636/657/644
f 996/627/645 902/658/645 963/477/645 731/478/645
f 837/659/646 744/661/646 839/660/646
f 1135/662/647 1001/664/647 983/663/647 995/653/647 993/654/647
f 1136/665/648 982/655/648 1135/662/648
f 638/360/649 745/361/649 639/646/649
f 943/474/650 904/555/650 973/349/650 634/350/650
f 834/666/651 749/668/651 836/667/651
f 1002/669/652 1132/672/652 1005/671/652 1004/670/652
f 1038/673/653 1004/670/653 1005/671/653 1006/674/653
f 1018/501/654 753/496/654 1007/497/654 1008/675/654
f 992/676/655 1013/370/655 1015/371/655
f 641/368/656 754/369/656 642/677/656
f 1024/678/657 1041/680/657 1027/679/657
f 995/653/658 755/500/658 1018/501/658 1016/652/658
f 1019/681/659 1129/684/659 1022/683/659 1021/682/659
f 1063/685/660 1021/682/660 1022/683/660 1023/686/660
f 1120/687/661 1026/688/661 1024/678/661 1027/679/661
f 1027/679/662 1041/680/662 1030/690/662 1031/689/662
f 1042/515/663 766/509/663 1029/510/663 1030/690/663
f 1003/691/664 1035/378/664 1037/379/664
f 644/376/665 767/377/665 645/692/665
f 919/693/666 984/645/666 956/365/666 917/694/666
f 1022/683/667 1129/684/667 1038/673/667 1039/695/667
f 1020/696/668 1060/386/668 1062/389/668
f 1043/697/669 1123/700/669 1046/699/669 1045/698/669
f 1091/701/670 1045/698/670 1046/699/670 1047/702/670
f 1111/703/671 1050/706/671 1048/705/671 1051/704/671
f 1048/705/672 1065/708/672 1052/707/672 1051/704/672
f 1108/709/673 1055/712/673 1053/711/673 1056/710/673
f 1069/529/674 663/530/674 1057/714/674 1058/713/674
f 649/387/675 782/388/675 650/554/675
f 666/413/676 1106/716/676 665/715/676
f 1046/699/677 1123/700/677 1063/685/677 1064/717/677
f 1120/687/678 1027/679/678 1066/718/678 1065/708/678
f 1044/719/679 1088/396/679 1090/398/679
f 1071/720/680 1114/723/680 1074/722/680 1070/721/680
f 1075/724/681 1185/724/681 1184/725/681 1077/725/681
f 804/540/682 1174/540/682 1173/726/682 668/726/682
f 1073/727/683 1189/727/683 1193/722/683 1074/722/683
f 1083/418/684 1192/418/684 1188/728/684 1080/728/684
f 801/729/685 1057/714/685 664/409/685
f 1057/714/686 801/729/686 1084/417/686 1085/730/686
f 656/285/687 802/397/687 657/284/687
f 1095/731/688 1011/432/688 1099/433/688 677/283/688
f 1074/722/689 1114/723/689 1091/701/689 1092/732/689
f 1111/703/690 1051/704/690 1094/734/690 1093/733/690
f 1028/735/691 871/589/691 1033/737/691 1012/736/691
f 937/623/692 939/334/692 936/335/692
f 1098/537/693 894/591/693 1104/738/693 1105/302/693
f 1086/739/694 1108/709/694 1085/730/694
f 1108/709/694 1086/739/694 1080/728/694 1107/740/694
f 1111/703/695 1093/733/695 1075/724/695 1110/741/695
f 1115/395/696 1045/698/696 1091/701/696 1114/723/696
f 1117/742/697 1068/744/697 1053/711/697 1116/743/697
f 1120/687/698 1065/708/698 1048/705/698 1119/745/698
f 1124/385/699 1021/682/699 1063/685/699 1123/700/699
f 1126/746/700 1041/680/700 1024/678/700 1125/747/700
f 1130/748/701 1004/670/701 1038/673/701 1129/684/701
f 1133/749/702 993/654/702 1016/652/702 1132/672/702
f 1131/750/703 1037/379/703 1013/370/703
f 1007/497/704 648/498/704 1010/751/704
f 978/752/705 746/491/705 940/375/705 899/372/705
f 984/645/706 919/693/706 1001/664/706 1135/662/706 982/655/706
f 1148/753/707 933/618/707 953/619/707 1147/628/707
f 996/627/708 731/478/708 975/351/708 885/348/708
f 1162/596/709 896/593/709 907/570/709
f 870/754/710 1101/757/710 1017/756/710 1061/755/710
f 1158/758/610 912/607/610 901/599/610 1157/597/610
f 1061/755/711 1017/756/711 1087/277/711 676/278/711
f 880/581/712 890/760/712 1165/759/712 1163/583/712
f 911/606/713 701/761/713 913/608/713
f 898/762/714 897/594/714 1155/574/714
f 865/279/715 690/431/715 607/429/715 1095/731/715 677/283/715
f 686/763/716 612/293/716 864/764/716
f 872/434/712 1164/765/712 1165/759/712
f 906/445/717 696/446/717 608/289/717 888/585/717
f 619/310/718 699/311/718 700/448/718
f 622/315/719 707/421/719 925/492/719 927/600/719
f 706/766/720 704/316/720 623/319/720
f 687/296/721 612/293/721 686/763/721
f 704/316/722 853/313/722 854/318/722
f 690/431/716 866/767/716 689/300/716
f 951/461/723 953/619/723 952/768/723
f 1145/642/724 964/338/724 947/769/724
f 931/621/725 957/327/725 1151/770/725
f 1140/564/726 1141/632/726 969/771/726
f 734/772/727 733/480/727 732/481/727
f 729/563/728 846/561/728 730/337/728 632/344/728
f 721/470/729 630/643/729 846/561/729
f 1142/648/730 977/346/730 959/773/730
f 744/661/731 743/488/731 742/489/731
f 739/559/732 840/557/732 740/353/732 638/360/732
f 835/487/733 743/488/733 834/666/733
f 733/480/734 636/657/734 840/557/734
f 1136/665/735 997/362/735 981/774/735
f 826/502/736 759/503/736 825/549/736
f 1027/679/737 1031/689/737 1066/718/737
f 646/380/738 751/776/738 752/775/738
f 750/495/739 772/548/739 770/514/739 648/498/739
f 830/506/740 653/507/740 771/513/740 772/548/740
f 1131/750/741 1133/749/741 1132/672/741
f 651/390/742 762/777/742 763/505/742
f 1127/778/743 1039/695/743 1038/673/743 1006/674/743
f 764/508/744 789/545/744 787/528/744 655/511/744
f 1007/497/745 1009/779/745 1008/675/745
f 1039/695/700 1127/778/700 1125/747/700
f 760/553/746 831/551/746 767/377/746 649/387/746
f 658/399/747 777/780/747 778/519/747
f 664/409/748 800/410/748 801/729/748
f 671/419/749 1180/419/749 1192/418/749 1083/418/749
f 828/781/582 830/506/582 829/547/582
f 748/494/750 645/692/750 831/551/750
f 775/286/751 825/549/751 782/388/751 656/285/751
f 1075/724/752 1077/725/752 1076/782/752
f 1112/783/753 1092/732/753 1091/701/753 1047/702/753
f 895/592/754 916/602/754 927/600/754 1103/784/754 1104/738/754
f 1112/783/695 1111/703/695 1110/741/695
f 819/785/579 786/405/579 781/406/579
f 816/411/755 818/522/755 817/516/755
f 808/538/756 673/568/756 1100/444/756 1098/537/756
f 1097/786/757 888/585/757 886/787/757
f 1012/736/758 1033/737/758 870/754/758 1061/755/758
f 627/331/759 717/317/759 718/463/759
f 608/289/760 684/290/760 886/787/760 888/585/760
f 1167/586/761 870/754/761 1033/737/761 871/589/761
f 1170/788/762 1171/424/762 869/425/762
f 866/767/716 864/764/716 681/299/716
f 698/447/763 682/440/763 612/293/763 613/294/763
f 701/761/764 911/606/764 882/443/764 614/297/764
f 941/617/765 716/314/765 622/315/765 927/600/765
f 1109/789/694 1108/709/694 1107/740/694
f 708/455/766 620/309/766 619/310/766 692/306/766
f 859/439/593 860/449/593 703/450/593
f 617/569/767 697/308/767 611/292/767
f 606/281/768 1028/735/768 1012/736/768 1160/790/768
f 966/339/769 629/336/769 726/325/769 955/326/769
f 680/438/770 679/295/770 610/291/770
f 724/328/771 850/329/771 723/459/771
f 713/791/772 853/313/772 716/314/772 625/324/772
f 841/479/773 733/480/773 840/557/773
f 722/468/774 849/466/774 726/325/774 629/336/774
f 853/313/775 713/791/775 855/792/775
f 722/468/776 630/643/776 721/470/776
f 947/769/777 964/338/777 966/339/777
f 957/327/778 625/324/778 716/314/778 941/617/778
f 725/460/779 951/461/779 952/768/779
f 959/773/780 977/346/780 979/347/780
f 734/772/781 843/649/781 736/345/781 635/793/781
f 1139/656/782 986/354/782 970/794/782
f 1143/624/783 1145/642/783 1144/641/783
f 642/677/784 744/661/784 641/368/784
f 744/661/785 837/659/785 745/361/785 641/368/785
f 645/692/786 749/668/786 644/376/786
f 749/668/787 834/666/787 754/369/787 644/376/787
f 757/383/788 646/380/788 756/499/788
f 1042/515/789 1030/690/789 1041/680/789
f 1124/385/790 1060/386/790 1020/696/790
f 775/286/791 774/517/791 773/401/791
f 1115/395/792 1088/396/792 1044/719/792
f 828/781/582 763/505/582 830/506/582
f 785/524/793 654/525/793 653/507/793 761/504/793
f 789/545/794 788/527/794 787/528/794
f 1043/697/795 1090/398/795 1122/384/795
f 662/408/796 664/409/796 663/530/796
f 822/795/580 778/519/580 824/520/580
f 805/542/797 661/403/797 660/404/797 776/518/797
f 759/503/798 650/554/798 825/549/798
f 793/414/799 795/534/799 794/796/799
f 1089/797/800 873/798/800 1036/435/800 1011/432/800
f 1079/799/801 1186/799/801 1179/800/801 1078/800/801
f 609/288/802 696/446/802 673/568/802
f 791/412/803 665/715/803 790/801/803
f 670/416/804 798/536/804 806/541/804 669/415/804
f 684/290/805 672/802/805 886/787/805
f 685/280/806 868/803/806 687/296/806
f 706/766/807 618/307/807 617/569/807 691/441/807
f 1056/710/808 1057/714/808 1085/730/808
f 777/780/577 814/544/577 776/518/577
f 799/420/748 801/729/748 800/410/748
f 818/522/809 791/412/809 792/804/809
f 672/802/810 807/427/810 1096/805/810 1097/786/810
f 669/415/811 806/541/811 805/542/811 815/533/811
f 765/806/579 820/526/579 764/508/579
f 779/407/812 781/406/812 780/807/812
f 803/539/695 813/808/695 814/544/695
f 1106/716/813 666/413/813 802/397/813 1088/396/813
f 762/777/580 823/546/580 761/504/580
f 774/517/814 657/284/814 816/411/814
f 819/785/579 781/406/579 821/521/579
f 827/550/815 775/286/815 773/401/815
f 1073/727/816 1076/782/816 1077/725/816
f 660/404/817 786/405/817 785/524/817 824/520/817
f 751/776/582 829/547/582 750/495/582
f 771/513/818 654/525/818 765/806/818 766/509/818
f 783/523/698 822/795/698 823/546/698
f 1064/717/698 1121/809/698 1119/745/698
f 833/552/819 760/553/819 758/392/819
f 776/518/820 778/519/820 777/780/820
f 1040/810/821 1042/515/821 1041/680/821
f 836/667/822 749/668/822 747/382/822
f 743/488/823 642/677/823 834/666/823
f 768/512/824 828/781/824 829/547/824
f 839/660/825 744/661/825 742/489/825
f 1128/811/826 1062/389/826 1035/378/826
f 761/504/827 763/505/827 762/777/827
f 836/667/828 757/383/828 835/487/828
f 842/558/829 739/559/829 737/484/829
f 750/495/830 753/496/830 752/775/830 751/776/830
f 845/650/831 734/651/831 732/812/831
f 728/475/832 633/565/832 843/649/832
f 738/483/833 639/646/833 837/659/833
f 848/562/834 729/563/834 727/476/834
f 1006/674/835 1005/671/835 1008/675/835
f 740/353/836 840/557/836 636/657/836
f 851/467/837 722/468/837 720/471/837
f 725/460/838 724/328/838 723/459/838
f 736/345/839 843/649/839 633/565/839
f 726/325/840 849/466/840 626/635/840
f 730/337/841 846/561/841 630/643/841
f 627/331/842 724/328/842 714/813/842 715/332/842
f 936/335/843 715/332/843 714/813/843
f 1151/770/844 1153/603/844 1152/604/844
f 856/436/845 623/319/845 705/322/845 857/566/845
f 853/313/846 855/792/846 854/318/846
f 623/319/847 856/436/847 706/766/847
f 1154/611/848 1155/574/848 928/575/848
f 858/567/593 860/449/593 859/439/593
f 701/761/849 703/450/849 702/451/849
f 1166/590/761 1167/586/761 889/587/761
f 864/764/716 866/767/716 865/279/716
f 616/303/850 691/441/850 617/569/850
f 612/293/851 682/440/851 681/299/851 864/764/851
f 875/572/852 874/573/852 888/585/852
f 1164/765/712 872/434/712 1036/435/712 873/798/712
f 884/584/853 876/571/853 875/572/853
f 1162/596/609 876/571/609 877/580/609
f 879/578/610 1159/814/610 910/609/610
f 1166/590/761 884/584/761 1168/815/761
f 1150/613/854 942/605/854 916/602/854 918/612/854
f 615/298/855 701/761/855 614/297/855
f 896/593/856 898/762/856 922/816/856 895/592/856
f 702/451/857 913/608/857 701/761/857
f 905/817/613 912/607/613 913/608/613
f 889/587/858 891/588/858 890/760/858
f 881/582/859 882/443/859 911/606/859
f 1159/814/860 879/578/860 880/581/860 881/582/860
f 895/592/861 922/816/861 916/602/861
f 891/588/712 1165/759/712 890/760/712
f 953/619/862 938/622/862 952/768/862
f 694/457/863 903/819/863 693/818/863
f 1151/770/864 957/327/864 941/617/864
f 938/622/865 937/623/865 936/335/865
f 903/819/866 709/456/866 929/614/866 930/576/866
f 896/593/867 897/594/867 898/762/867
f 634/350/868 975/351/868 731/478/868 727/476/868
f 637/358/869 965/359/869 735/472/869 732/812/869
f 1137/820/870 1138/638/870 980/821/870
f 640/366/871 962/367/871 741/486/871 737/484/871
f 643/374/872 940/375/872 746/491/872 742/489/872
f 807/427/873 672/802/873 684/290/873
f 1067/822/874 787/528/874 1069/529/874
f 1132/672/875 1016/652/875 1005/671/875
f 1025/823/876 1023/686/876 1022/683/876 1039/695/876
f 1122/384/877 1090/398/877 1060/386/877
f 1052/707/878 1055/712/878 1094/734/878 1051/704/878
f 1049/824/879 1047/702/879 1046/699/879 1064/717/879
f 1067/822/880 1069/529/880 1068/744/880
f 1057/714/881 663/530/881 664/409/881
f 909/610/609 897/594/609 1161/595/609
f 1117/742/882 1031/689/882 1029/510/882 1032/825/882
f 1113/394/883 1114/723/883 1071/720/883
f 1074/722/884 1092/732/884 1076/782/884 1073/727/884
f 906/445/885 1098/537/885 1100/444/885
f 1001/664/886 919/693/886 917/694/886 978/752/886
f 872/434/887 1059/827/887 1014/826/887 1099/433/887
f 1056/710/888 1053/711/888 1058/713/888
f 1160/790/889 1012/736/889 1061/755/889 676/278/889
f 1104/738/890 1103/784/890 1102/301/890
f 707/421/891 622/315/891 704/316/891
f 686/763/892 865/279/892 685/280/892
f 1102/301/893 1105/302/893 1104/738/893
f 890/760/858 878/579/858 889/587/858
f 1104/738/894 894/591/894 895/592/894
f 1107/740/694 1080/728/694 1081/828/694
f 709/456/895 903/819/895 694/457/895
f 912/607/896 905/817/896 901/599/896
f 1143/624/897 1144/641/897 958/829/897
f 928/575/898 930/576/898 929/614/898
f 935/620/899 942/605/899 1150/613/899 937/623/899
f 718/463/900 711/330/900 627/331/900
f 929/614/901 920/464/901 928/575/901
f 902/658/902 976/341/902 631/342/902 963/477/902
f 1103/784/903 927/600/903 925/492/903
f 985/830/904 914/831/904 954/485/904 741/486/904
f 631/342/905 924/343/905 723/459/905 720/471/905
f 958/829/906 1144/641/906 960/631/906
f 998/626/907 885/348/907 973/349/907 961/630/907
f 994/647/908 887/356/908 926/357/908 972/636/908
f 974/633/909 989/556/909 887/356/909 994/647/909
f 983/663/910 899/372/910 921/373/910 995/653/910
f 991/832/911 993/654/911 992/676/911
f 1001/664/912 978/752/912 899/372/912 983/663/912
f 1002/669/913 1004/670/913 1003/691/913
f 968/625/914 934/833/914 902/658/914 996/627/914
f 1126/746/915 1009/779/915 1007/497/915 1010/751/915
f 1026/688/698 1120/687/698 1121/809/698
f 989/556/916 974/633/916 967/634/916 904/555/916
f 1122/384/917 1123/700/917 1043/697/917
f 1054/834/697 1052/707/697 1116/743/697
f 1050/706/695 1111/703/695 1112/783/695
f 1055/712/694 1108/709/694 1109/789/694
f 923/640/918 972/636/918 926/357/918 914/831/918
f 1085/730/694 1108/709/694 1056/710/694
f 1081/828/694 1079/799/694 1107/740/694
f 796/532/919 1181/532/919 1180/419/919 671/419/919
f 978/752/920 917/694/920 950/490/920 746/491/920
f 1082/835/921 1079/799/921 1081/828/921
f 1044/719/922 1045/698/922 1115/395/922
f 1110/741/695 1075/724/695 1076/782/695
f 1113/394/923 1106/716/923 1088/396/923
f 1113/394/924 1115/395/924 1114/723/924
f 1109/789/694 1094/734/694 1055/712/694
f 1068/744/925 1117/742/925 1067/822/925
f 1050/706/695 1112/783/695 1047/702/695
f 1119/745/698 1048/705/698 1049/824/698
f 1110/741/695 1076/782/695 1092/732/695
f 1122/384/926 1124/385/926 1123/700/926
f 1118/836/697 1066/718/697 1031/689/697
f 1047/702/927 1049/824/927 1050/706/927
f 1003/691/928 1004/670/928 1130/748/928
f 1026/688/698 1121/809/698 1023/686/698
f 1031/689/697 1117/742/697 1118/836/697
f 1128/811/929 1130/748/929 1129/684/929
f 1056/710/930 1058/713/930 1057/714/930
f 1023/686/742 1025/823/742 1026/688/742
f 1009/779/700 1127/778/700 1006/674/700
f 1009/779/700 1126/746/700 1127/778/700
f 1006/674/738 1008/675/738 1009/779/738
f 1040/810/931 770/514/931 1042/515/931
f 1128/811/932 1129/684/932 1019/681/932
f 991/832/933 1135/662/933 993/654/933
f 1131/750/934 1132/672/934 1002/669/934
f 980/821/935 1138/638/935 982/655/935
f 959/773/936 960/631/936 1142/648/936
f 969/837/937 1141/632/937 971/637/937
f 673/568/938 808/538/938 616/303/938
f 980/821/939 982/655/939 981/774/939
f 1152/604/940 942/605/940 935/620/940
f 791/412/941 666/413/941 665/715/941
f 932/838/942 933/618/942 1148/753/942
f 958/829/943 960/631/943 959/773/943
f 934/833/944 949/616/944 976/341/944 902/658/944
f 628/333/945 719/320/945 852/321/945 715/332/945
f 918/612/946 916/602/946 922/816/946 1156/839/946
f 1151/770/947 1152/604/947 931/621/947
f 931/621/948 933/618/948 932/838/948
f 1159/814/610 1158/758/610 1157/597/610
f 1163/583/712 1165/759/712 1164/765/712
f 869/425/949 875/572/949 888/585/949 1097/786/949 1096/805/949 1170/788/949
f 717/317/950 852/321/950 705/322/950 623/319/950
f 1137/820/951 999/363/951 986/354/951
f 876/571/952 1162/596/952 907/570/952
f 1072/840/953 1106/716/953 1071/720/953
f 870/754/954 1168/815/954 884/584/954 869/425/954 1101/757/954
f 1159/814/610 881/582/610 1158/758/610
f 1169/428/955 683/275/955 605/276/955 675/423/955
f 867/274/806 610/291/806 679/295/806 868/803/806
f 1130/748/956 1035/378/956 1003/691/956
f 755/500/957 757/383/957 756/499/957
f 803/539/958 777/780/958 658/399/958 659/400/958
f 827/550/959 784/402/959 826/502/959
f 904/555/960 967/634/960 961/630/960 973/349/960
f 729/563/961 728/475/961 727/476/961
f 714/813/962 724/328/962 725/460/962
f 914/831/963 926/357/963 637/358/963 954/485/963
f 1146/458/964 1148/753/964 1147/628/964
f 1101/757/965 869/425/965 1149/426/965 1017/756/965
f 713/791/966 712/453/966 711/330/966
f 764/508/967 766/509/967 765/806/967
f 787/528/968 1067/822/968 1032/825/968 655/511/968
f 790/801/803 792/804/803 791/412/803
f 1121/809/969 1064/717/969 1063/685/969 1023/686/969
f 848/562/970 731/478/970 847/469/970
f 970/794/971 986/354/971 988/841/971
f 833/552/972 769/393/972 832/493/972
f 768/512/973 751/776/973 646/380/973 647/381/973
f 796/532/974 798/536/974 797/531/974
f 1072/840/975 665/715/975 1106/716/975
f 855/792/976 718/463/976 854/318/976
f 1093/733/977 1079/799/977 1078/800/977 1075/724/977
f 1118/836/697 1117/742/697 1116/743/697
f 845/650/978 735/472/978 844/473/978
f 770/514/979 1040/810/979 1010/751/979 648/498/979
f 772/548/980 771/513/980 770/514/980
f 1086/739/808 1085/730/808 1084/417/808
f 917/694/981 956/365/981 640/366/981 950/490/981
f 739/559/982 738/483/982 737/484/982
f 700/448/983 863/305/983 619/310/983
f 1148/753/984 955/326/984 932/838/984
f 892/442/712 1164/765/712 873/798/712
f 818/522/985 804/540/985 817/516/985
f 909/610/986 900/598/986 897/594/986
f 755/500/987 995/653/987 921/373/987 643/374/987
f 1140/564/988 1142/648/988 1141/632/988
f 851/467/989 723/459/989 850/329/989
f 1134/560/990 1135/662/990 991/832/990
f 688/430/991 892/442/991 873/798/991 1089/797/991 607/429/991
f 842/558/992 741/486/992 841/479/992
f 1133/749/993 1013/370/993 992/676/993
f 783/523/994 762/777/994 651/390/994 652/391/994
f 989/556/995 735/472/995 965/359/995 887/356/995
f 691/441/996 809/304/996 707/421/996 704/316/996 706/766/996
f 792/804/997 1190/804/997 1174/540/997 804/540/997
f 1137/820/998 1139/656/998 1138/638/998
f 839/660/999 746/491/999 838/482/999
f 1153/603/1000 941/617/1000 915/601/1000
f 621/452/1001 693/818/1001 901/599/1001 905/817/1001
f 626/635/1002 713/791/1002 625/324/1002
f 981/774/1003 997/362/1003 999/363/1003
f 1134/560/1004 1136/665/1004 1135/662/1004
f 780/807/576 811/543/576 779/407/576
f 767/377/1005 831/551/1005 645/692/1005
f 880/581/1006 879/578/1006 878/579/1006 890/760/1006
f 951/461/1007 945/462/1007 883/340/1007 1000/615/1007
f 1014/826/1008 1028/735/1008 606/281/1008 1034/282/1008
f 1099/433/1009 1014/826/1009 1034/282/1009 677/283/1009
f 1156/839/1010 922/816/1010 898/762/1010
f 1164/765/712 892/442/712 1163/583/712
f 611/292/1011 678/287/1011 609/288/1011
f 862/437/983 680/438/983 861/842/983
f 1017/756/1012 1149/426/1012 605/276/1012 1087/277/1012
f 865/279/716 686/763/716 864/764/716
f 674/422/1013 809/304/1013 1102/301/1013 1103/784/1013
f 871/589/1014 1059/827/1014 872/434/1014 891/588/1014
f 868/803/806 679/295/806 687/296/806
f 859/439/593 682/440/593 858/567/593
f 682/440/593 698/447/593 858/567/593
f 615/298/593 859/439/593 703/450/593
f 866/767/716 681/299/716 689/300/716
f 799/420/1015 1084/417/1015 801/729/1015
f 687/296/721 686/763/721 685/280/721
f 698/447/718 700/448/718 699/311/718
f 813/808/577 815/533/577 814/544/577
f 693/818/1016 695/312/1016 694/457/1016
f 706/766/1017 856/436/1017 618/307/1017
f 860/449/1018 695/312/1018 693/818/1018 621/452/1018
f 868/803/806 685/280/806 867/274/806
f 861/842/983 863/305/983 862/437/983
f 946/843/1019 1147/628/1019 948/629/1019
f 702/451/857 905/817/857 913/608/857
f 710/454/1020 705/322/1020 624/323/1020
f 620/309/1021 694/457/1021 695/312/1021
f 697/308/983 863/305/983 861/842/983
f 847/469/1022 721/470/1022 846/561/1022
f 857/566/1023 705/322/1023 710/454/1023
f 985/830/1024 741/486/1024 962/367/1024 893/364/1024
f 710/454/1025 624/323/1025 929/614/1025 709/456/1025
f 850/329/1026 712/453/1026 849/466/1026
f 1146/458/1027 955/326/1027 1148/753/1027
f 698/447/593 699/311/593 858/567/593
f 855/792/1028 711/330/1028 718/463/1028
f 628/333/1029 939/334/1029 944/465/1029 719/320/1029
f 708/455/1030 857/566/1030 710/454/1030
f 969/771/1031 988/355/1031 1140/564/1031
f 938/622/1032 936/335/1032 714/813/1032
f 855/792/1033 713/791/1033 711/330/1033
f 1143/624/1034 964/338/1034 1145/642/1034
f 636/657/1035 734/772/1035 635/793/1035
f 851/467/1036 720/471/1036 723/459/1036
f 844/473/1037 728/475/1037 843/649/1037
f 932/838/1038 955/326/1038 957/327/1038
f 712/453/1039 626/635/1039 849/466/1039
f 918/612/1040 1156/839/1040 1154/611/1040
f 1140/564/1041 977/346/1041 1142/648/1041
f 832/493/1042 748/494/1042 831/551/1042
f 848/562/1043 727/476/1043 731/478/1043
f 958/829/1044 979/347/1044 1143/624/1044
f 969/837/1045 971/637/1045 970/794/1045
f 1137/820/1046 986/354/1046 1139/656/1046
f 849/466/1047 851/467/1047 850/329/1047
f 745/361/1048 837/659/1048 639/646/1048
f 845/650/831 732/812/831 735/472/831
f 838/482/1049 738/483/1049 837/659/1049
f 990/639/1050 985/830/1050 893/364/1050 987/644/1050
f 1134/560/1051 997/362/1051 1136/665/1051
f 846/561/1052 848/562/1052 847/469/1052
f 754/369/1053 834/666/1053 642/677/1053
f 842/558/1054 737/484/1054 741/486/1054
f 980/821/1055 999/363/1055 1137/820/1055
f 981/774/1056 982/655/1056 1136/665/1056
f 1131/750/1057 1013/370/1057 1133/749/1057
f 843/649/1058 845/650/1058 844/473/1058
f 835/487/1059 757/383/1059 755/500/1059 643/374/1059
f 839/660/1060 742/489/1060 746/491/1060
f 991/832/1061 1015/371/1061 1134/560/1061
f 1019/681/1062 1021/682/1062 1020/696/1062
f 1128/811/1063 1035/378/1063 1130/748/1063
f 840/557/1064 842/558/1064 841/479/1064
f 651/390/1065 828/781/1065 768/512/1065 769/393/1065
f 836/667/822 747/382/822 757/383/822
f 753/496/1066 756/499/1066 752/775/1066
f 751/776/700 768/512/700 829/547/700
f 1002/669/1067 1037/379/1067 1131/750/1067
f 1058/713/697 1053/711/697 1068/744/697
f 752/775/1068 756/499/1068 646/380/1068
f 1125/747/700 1024/678/700 1025/823/700
f 834/666/1069 836/667/1069 835/487/1069
f 837/659/1070 839/660/1070 838/482/1070
f 658/399/1071 822/795/1071 783/523/1071 784/402/1071
f 833/552/819 758/392/819 769/393/819
f 828/781/700 651/390/700 763/505/700
f 762/777/698 783/523/698 823/546/698
f 817/516/1072 774/517/1072 816/411/1072
f 782/388/1073 825/549/1073 650/554/1073
f 1029/510/1074 1031/689/1074 1030/690/1074
f 1019/681/1075 1062/389/1075 1128/811/1075
f 1121/809/698 1120/687/698 1119/745/698
f 654/525/1076 771/513/1076 653/507/1076
f 1116/743/697 1053/711/697 1054/834/697
f 825/549/1077 827/550/1077 826/502/1077
f 831/551/1078 833/552/1078 832/493/1078
f 668/726/1079 813/808/1079 803/539/1079 804/540/1079
f 827/550/1080 773/401/1080 784/402/1080
f 822/795/698 658/399/698 778/519/698
f 777/780/695 803/539/695 814/544/695
f 662/408/1081 663/530/1081 788/527/1081
f 781/406/812 661/403/812 780/807/812
f 820/526/579 786/405/579 819/785/579
f 788/527/579 821/521/579 662/408/579
f 1092/732/695 1112/783/695 1110/741/695
f 1070/721/1082 790/801/1082 1072/840/1082
f 1071/720/1083 1106/716/1083 1113/394/1083
f 818/522/1084 792/804/1084 804/540/1084
f 813/808/695 668/726/695 795/534/695
f 813/808/577 795/534/577 815/533/577
f 794/796/1085 1177/796/1085 1178/414/1085 793/414/1085
f 799/420/1086 812/535/1086 671/419/1086
f 811/543/576 806/541/576 810/844/576
f 810/844/576 806/541/576 798/536/576
f 810/844/576 798/536/576 812/535/576
f 1080/728/921 1082/835/921 1081/828/921
f 925/492/1087 674/422/1087 1103/784/1087
f 886/787/1088 672/802/1088 1097/786/1088
f 822/795/580 824/520/580 823/546/580
f 609/288/1089 673/568/1089 616/303/1089 617/569/1089 611/292/1089
f 1165/759/712 891/588/712 872/434/712
f 810/844/576 812/535/576 811/543/576
f 884/584/1090 1166/590/1090 877/580/1090 876/571/1090
f 725/460/1091 952/768/1091 938/622/1091 714/813/1091
f 765/806/579 654/525/579 820/526/579
f 780/807/576 661/403/576 811/543/576
f 603/845/1092 604/845/1092 1096/805/1092 807/427/1092
f 1162/596/609 877/580/609 1161/595/609
f 866/767/716 690/431/716 865/279/716
f 910/609/1093 908/577/1093 879/578/1093
f 889/587/761 878/579/761 1166/590/761
f 877/580/609 908/577/609 1161/595/609
f 1169/428/1094 675/423/1094 1171/424/1094
f 912/607/610 1158/758/610 911/606/610
f 953/619/1095 951/461/1095 1147/628/1095
f 881/582/610 911/606/610 1158/758/610
f 1059/827/1096 871/589/1096 1028/735/1096 1014/826/1096
f 898/762/1097 1155/574/1097 1156/839/1097
f 901/599/1098 693/818/1098 903/819/1098
f 1166/590/761 1168/815/761 1167/586/761
f 908/577/1093 910/609/1093 909/610/1093
f 907/570/1099 894/591/1099 1098/537/1099 906/445/1099 874/573/1099
f 909/610/609 1161/595/609 908/577/609
f 930/576/1100 900/598/1100 901/599/1100 903/819/1100
f 928/575/1101 920/464/1101 1154/611/1101
f 1154/611/1102 1156/839/1102 1155/574/1102
f 946/843/1103 948/629/1103 947/769/1103
f 946/843/1104 966/339/1104 1146/458/1104
f 1146/458/1105 1147/628/1105 946/843/1105
f 932/838/1106 957/327/1106 931/621/1106
f 947/769/1107 966/339/1107 946/843/1107
f 959/773/1108 979/347/1108 958/829/1108
f 970/794/1109 988/841/1109 969/837/1109
f 1041/680/700 1126/746/700 1040/810/700
f 981/774/1110 999/363/1110 980/821/1110
f 990/639/1111 923/640/1111 914/831/1111 985/830/1111
f 1008/675/1112 1005/671/1112 1016/652/1112 1018/501/1112
f 992/676/1113 1015/371/1113 991/832/1113
f 1043/697/1114 1045/698/1114 1044/719/1114
f 1040/810/824 1126/746/824 1010/751/824
f 1066/718/1115 1116/743/1115 1052/707/1115 1065/708/1115
f 1125/747/700 1025/823/700 1039/695/700
f 1003/691/1116 1037/379/1116 1002/669/1116
f 1116/743/697 1066/718/697 1118/836/697
f 1024/678/742 1026/688/742 1025/823/742
f 1029/510/1117 655/511/1117 1032/825/1117
f 992/676/1118 993/654/1118 1133/749/1118
f 1067/822/1119 1117/742/1119 1032/825/1119
f 1094/734/1120 1107/740/1120 1079/799/1120 1093/733/1120
f 1119/745/698 1049/824/698 1064/717/698
f 1020/696/1121 1062/389/1121 1019/681/1121
f 1107/740/694 1094/734/694 1109/789/694
f 1048/705/927 1050/706/927 1049/824/927
f 1055/712/888 1052/707/888 1054/834/888
f 1127/778/700 1126/746/700 1125/747/700
f 1053/711/888 1055/712/888 1054/834/888
f 1072/840/1122 1071/720/1122 1070/721/1122
f 1020/696/1123 1021/682/1123 1124/385/1123
f 1069/529/1124 1058/713/1124 1068/744/1124
f 1044/719/1125 1090/398/1125 1043/697/1125
f 1070/721/1126 1182/721/1126 1191/801/1126 790/801/1126
f 1080/728/1127 1086/739/1127 1084/417/1127 1083/418/1127
f 607/429/1128 1089/797/1128 1011/432/1128 1095/731/1128
f 702/451/1129 621/452/1129 905/817/1129
f 867/274/1130 685/280/1130 606/281/1130 1160/790/1130 676/278/1130
f 870/754/761 1167/586/761 1168/815/761
f 1157/597/610 910/609/610 1159/814/610
f 930/576/1131 1155/574/1131 897/594/1131 900/598/1131
f 665/715/1132 1072/840/1132 790/801/1132
f 863/305/983 700/448/983 862/437/983
f 703/450/849 701/761/849 615/298/849
f 1151/770/1133 941/617/1133 1153/603/1133
f 861/842/1134 680/438/1134 611/292/1134 697/308/1134
f 949/616/1135 934/833/1135 968/625/1135 1144/641/1135 948/629/1135
f 722/468/1136 721/470/1136 720/471/1136
f 713/791/1137 626/635/1137 712/453/1137
f 630/643/1138 722/468/1138 629/336/1138
f 947/769/1139 948/629/1139 1145/642/1139
f 729/563/1140 633/565/1140 728/475/1140
f 734/772/1141 636/657/1141 733/480/1141
f 970/794/1142 971/637/1142 1139/656/1142
f 739/559/1143 639/646/1143 738/483/1143
f 749/668/1144 748/494/1144 747/382/1144
f 744/661/1145 642/677/1145 743/488/1145
f 760/553/1146 759/503/1146 758/392/1146
f 749/668/1147 645/692/1147 748/494/1147
f 760/553/1148 650/554/1148 759/503/1148
f 775/286/1149 657/284/1149 774/517/1149
f 819/785/579 821/521/579 820/526/579
f 789/545/579 821/521/579 788/527/579
f 668/726/1150 794/796/1150 795/534/1150
f 798/536/974 670/416/974 797/531/974
f 1173/726/1151 1174/540/1151 1190/804/1151 1172/846/1151
f 1179/800/1152 1196/800/1152 1202/724/1152 1185/724/1152
f 1182/721/1153 1172/846/1153 1190/804/1153 1191/801/1153
f 1189/727/1154 1172/846/1154 1182/721/1154 1193/722/1154
f 1185/724/1155 1202/724/1155 1201/725/1155 1184/725/1155
f 1178/414/1156 1195/414/1156 1194/415/1156 1176/415/1156
f 1175/416/1157 667/416/1157 1200/531/1157 1183/531/1157
f 1177/796/1158 1173/726/1158 1172/846/1158 1189/727/1158
f 1184/725/1159 1201/725/1159 1206/727/1159 1189/727/1159
f 1183/531/1157 1200/531/1157 1198/532/1157 1181/532/1157
f 1192/418/1160 1207/418/1160 1205/728/1160 1188/728/1160
f 1177/796/1161 1199/796/1161 1195/414/1161 1178/414/1161
f 1186/799/1162 1203/799/1162 1196/800/1162 1179/800/1162
f 670/416/1163 1175/416/1163 1183/531/1163 797/531/1163
f 1082/835/1164 1187/835/1164 1186/799/1164 1079/799/1164
f 668/726/1165 1173/726/1165 1177/796/1165 794/796/1165
f 1074/722/1166 1193/722/1166 1182/721/1166 1070/721/1166
f 1077/725/1167 1184/725/1167 1189/727/1167 1073/727/1167
f 790/801/1168 1191/801/1168 1190/804/1168 792/804/1168
f 1078/800/1169 1179/800/1169 1185/724/1169 1075/724/1169
f 1080/728/1170 1188/728/1170 1187/835/1170 1082/835/1170
f 1194/415/1171 1195/414/1171 1196/800/1171 667/416/1171
f 1196/800/1172 1195/414/1172 1201/725/1172 1202/724/1172
f 1204/835/1173 667/416/1173 1196/800/1173 1203/799/1173
f 1207/418/1174 1198/532/1174 1204/835/1174 1205/728/1174
f 667/416/1175 1204/835/1175 1200/531/1175
f 1199/796/1176 1201/725/1176 1195/414/1176
f 1198/532/1177 1207/418/1177 1197/419/1177
f 1199/796/1178 1206/727/1178 1201/725/1178
f 1200/531/1175 1204/835/1175 1198/532/1175
f 1176/415/1179 1194/415/1179 667/416/1179 1175/416/1179
f 1187/835/1180 1204/835/1180 1203/799/1180 1186/799/1180
f 1180/419/1181 1197/419/1181 1207/418/1181 1192/418/1181
f 1188/728/1182 1205/728/1182 1204/835/1182 1187/835/1182
f 1189/727/1183 1206/727/1183 1199/796/1183 1177/796/1183
f 1181/532/1184 1198/532/1184 1197/419/1184 1180/419/1184
f 1472/274/1185 1281/278/1185 1692/277/1185 1210/276/1185 1288/275/1185
f 1470/279/1186 1282/283/1186 1639/282/1186 1211/281/1186 1290/280/1186
f 1262/284/1187 1380/286/1187 1261/285/1187
f 1283/287/1188 1289/290/1188 1213/289/1188 1214/288/1188
f 1215/291/1189 1288/275/1189 1283/287/1189 1216/292/1189
f 1217/293/1190 1292/296/1190 1284/295/1190 1218/294/1190
f 1219/297/1191 1294/300/1191 1286/299/1191 1220/298/1191
f 1707/301/1192 1414/304/1192 1221/303/1192 1710/302/1192
f 1468/305/1193 1302/308/1193 1223/307/1193 1297/306/1193
f 1225/309/1194 1300/312/1194 1304/311/1194 1224/310/1194
f 1458/313/1195 1309/316/1195 1227/315/1195 1321/314/1195
f 1322/317/1196 1228/319/1196 1309/316/1196 1459/318/1196
f 1324/320/1197 1229/323/1197 1310/322/1197 1457/321/1197
f 1230/324/1198 1562/327/1198 1560/326/1198 1331/325/1198
f 1329/328/1199 1232/331/1199 1316/330/1199 1455/329/1199
f 1320/332/1200 1541/335/1200 1544/334/1200 1233/333/1200
f 1234/336/1201 1571/339/1201 1569/338/1201 1335/337/1201
f 1488/340/1202 1529/343/1202 1236/342/1202 1581/341/1202
f 1237/344/1203 1584/347/1203 1582/346/1203 1341/345/1203
f 1490/348/1204 1580/351/1204 1239/350/1204 1578/349/1204
f 1240/352/1205 1593/355/1205 1591/354/1205 1345/353/1205
f 1492/356/1206 1570/359/1206 1242/358/1206 1531/357/1206
f 1243/360/1207 1604/363/1207 1602/362/1207 1350/361/1207
f 1498/364/1208 1567/367/1208 1245/366/1208 1561/365/1208
f 1246/368/1209 1620/371/1209 1618/370/1209 1359/369/1209
f 1504/372/1210 1545/375/1210 1248/374/1210 1526/373/1210
f 1249/376/1211 1642/379/1211 1640/378/1211 1372/377/1211
f 1251/380/1212 1362/383/1212 1352/382/1212 1252/381/1212
f 1727/384/1213 1665/386/1213 1729/385/1213
f 1254/387/1214 1667/389/1214 1665/386/1214 1387/388/1214
f 1256/390/1215 1374/393/1215 1363/392/1215 1257/391/1215
f 1718/394/1216 1693/396/1216 1720/395/1216
f 1261/285/1217 1695/398/1217 1693/396/1217 1407/397/1217
f 1263/399/1218 1389/402/1218 1378/401/1218 1264/400/1218
f 1266/403/1219 1386/406/1219 1391/405/1219 1265/404/1219
f 1384/407/1220 1405/410/1220 1269/409/1220 1267/408/1220
f 1421/411/1221 1407/397/1221 1271/413/1221 1396/412/1221
f 1398/414/1222 1783/414/1222 1781/415/1222 1274/415/1222
f 1274/415/1223 1781/415/1223 1780/416/1223 1275/416/1223
f 1689/417/1224 1404/420/1224 1276/419/1224 1688/418/1224
f 1414/304/1225 1279/422/1225 1312/421/1225
f 1210/276/1226 1754/426/1226 1474/425/1226 1776/424/1226 1280/423/1226
f 1288/275/1227 1774/428/1227 1412/427/1227 1289/290/1227 1283/287/1227
f 1212/429/1228 1295/431/1228 1293/430/1228
f 1616/432/1229 1641/435/1229 1477/434/1229 1704/433/1229
f 1461/436/1230 1297/306/1230 1223/307/1230
f 1467/437/1231 1218/294/1231 1284/295/1231 1285/438/1231
f 1464/439/1232 1220/298/1232 1286/299/1232 1287/440/1232
f 1295/431/1233 1294/300/1233 1293/430/1233
f 1296/441/1234 1221/303/1234 1414/304/1234
f 1219/297/1235 1487/443/1235 1497/442/1235 1293/430/1235
f 1705/444/1236 1301/446/1236 1511/445/1236
f 1216/292/1237 1285/438/1237 1215/291/1237
f 1320/332/1238 1457/321/1238 1322/317/1238 1232/331/1238
f 1303/447/1239 1218/294/1239 1467/437/1239 1305/448/1239
f 1465/449/1240 1226/452/1240 1307/451/1240 1308/450/1240
f 1455/329/1241 1316/330/1241 1317/453/1241
f 1315/454/1242 1314/456/1242 1313/455/1242
f 1299/457/1243 1225/309/1243 1313/455/1243 1314/456/1243
f 1751/458/1244 1571/339/1244 1560/326/1244
f 1328/459/1245 1550/462/1245 1556/461/1245 1330/460/1245
f 1322/317/1246 1459/318/1246 1323/463/1246
f 1324/320/1247 1549/465/1247 1525/464/1247 1229/323/1247
f 1454/466/1248 1327/468/1248 1456/467/1248
f 1452/469/1249 1236/342/1249 1325/471/1249 1326/470/1249
f 1340/472/1250 1548/474/1250 1239/350/1250 1449/473/1250
f 1584/347/1251 1237/344/1251 1335/337/1251 1569/338/1251
f 1449/473/1252 1239/350/1252 1332/476/1252 1333/475/1252
f 1452/469/1253 1336/478/1253 1568/477/1253 1236/342/1253
f 1593/355/1254 1240/352/1254 1341/345/1254 1582/346/1254
f 1446/479/1255 1242/358/1255 1337/481/1255 1338/480/1255
f 1620/371/1256 1246/368/1256 1350/361/1256 1602/362/1256
f 1604/363/1257 1243/360/1257 1345/353/1257 1591/354/1257
f 1443/482/1258 1245/366/1258 1342/484/1258 1343/483/1258
f 1446/479/1259 1346/486/1259 1559/485/1259 1242/358/1259
f 1642/379/1260 1249/376/1260 1359/369/1260 1618/370/1260
f 1440/487/1261 1248/374/1261 1347/489/1261 1348/488/1261
f 1443/482/1262 1351/491/1262 1555/490/1262 1245/366/1262
f 1312/421/1263 1279/422/1263 1530/492/1263
f 1437/493/1264 1252/381/1264 1352/382/1264 1353/494/1264
f 1355/495/1265 1253/498/1265 1612/497/1265 1358/496/1265
f 1667/389/1266 1254/387/1266 1372/377/1266 1640/378/1266
f 1361/499/1267 1358/496/1267 1623/501/1267 1360/500/1267
f 1431/502/1268 1257/391/1268 1363/392/1268 1364/503/1268
f 1366/504/1269 1258/507/1269 1435/506/1269 1368/505/1269
f 1369/508/1270 1260/511/1270 1634/510/1270 1371/509/1270
f 1695/398/1271 1261/285/1271 1387/388/1271 1665/386/1271
f 1373/512/1272 1252/381/1272 1437/493/1272 1374/393/1272
f 1376/513/1273 1371/509/1273 1647/515/1273 1375/514/1273
f 1422/516/1274 1264/400/1274 1378/401/1274 1379/517/1274
f 1381/518/1275 1265/404/1275 1429/520/1275 1383/519/1275
f 1384/407/1276 1267/408/1276 1426/521/1276 1386/406/1276
f 1421/411/1277 1396/412/1277 1423/522/1277
f 1388/523/1278 1257/391/1278 1431/502/1278 1389/402/1278
f 1391/405/1279 1425/526/1279 1259/525/1279 1390/524/1279
f 1393/527/1280 1268/530/1280 1674/529/1280 1392/528/1280
f 1402/531/1281 1788/531/1281 1786/532/1281 1401/532/1281
f 1420/533/1282 1400/534/1282 1398/414/1282 1274/415/1282
f 1417/535/1283 1403/536/1283 1401/532/1283 1276/419/1283
f 1710/302/1284 1413/538/1284 1703/537/1284
f 1408/539/1285 1264/400/1285 1422/516/1285 1409/540/1285
f 1411/541/1286 1416/543/1286 1266/403/1286 1410/542/1286
f 1215/291/1287 1472/274/1287 1288/275/1287
f 1405/410/1288 1417/535/1288 1404/420/1288
f 1417/535/1288 1405/410/1288 1384/407/1288 1416/543/1288
f 1420/533/1289 1410/542/1289 1381/518/1289 1419/544/1289
f 1221/303/1290 1413/538/1290 1710/302/1290
f 1426/521/1291 1394/545/1291 1369/508/1291 1425/526/1291
f 1429/520/1292 1390/524/1292 1366/504/1292 1428/546/1292
f 1407/397/1293 1421/411/1293 1262/284/1293
f 1435/506/1294 1377/548/1294 1355/495/1294 1434/547/1294
f 1430/549/1295 1380/286/1295 1432/550/1295
f 1436/551/1296 1365/553/1296 1438/552/1296
f 1255/554/1297 1365/553/1297 1254/387/1297
f 1340/472/1298 1594/556/1298 1509/555/1298 1548/474/1298
f 1445/557/1299 1344/559/1299 1447/558/1299
f 1739/560/1300 1620/371/1300 1602/362/1300
f 1451/561/1301 1334/563/1301 1453/562/1301
f 1745/564/1302 1593/355/1302 1582/346/1302
f 1238/565/1303 1334/563/1303 1237/344/1303
f 1462/566/1304 1313/455/1304 1297/306/1304 1461/436/1304
f 1304/311/1305 1300/312/1305 1465/449/1305 1463/567/1305
f 1278/568/1306 1301/446/1306 1705/444/1306
f 1224/310/1307 1468/305/1307 1297/306/1307
f 1223/307/1308 1302/308/1308 1222/569/1308
f 1294/300/1309 1219/297/1309 1293/430/1309
f 1512/570/1310 1479/573/1310 1480/572/1310 1481/571/1310
f 1760/574/1311 1535/576/1311 1533/575/1311
f 1513/577/1312 1482/580/1312 1483/579/1312 1484/578/1312
f 1485/581/1313 1768/583/1313 1487/443/1313 1486/582/1313
f 1480/572/1314 1474/425/1314 1489/584/1314
f 1214/288/1315 1213/289/1315 1301/446/1315
f 1479/573/1316 1511/445/1316 1493/585/1316
f 1768/583/1317 1497/442/1317 1487/443/1317
f 1772/586/1318 1476/589/1318 1496/588/1318 1494/587/1318
f 1482/580/1319 1771/590/1319 1483/579/1319
f 1499/591/1320 1512/570/1320 1501/593/1320 1500/592/1320
f 1502/594/1321 1501/593/1321 1767/596/1321 1766/595/1321
f 1762/597/1322 1506/599/1322 1505/598/1322
f 1532/600/1323 1521/602/1323 1520/601/1323
f 1758/603/1324 1547/605/1324 1757/604/1324
f 1516/606/1325 1518/608/1325 1517/607/1325
f 1515/609/1326 1762/597/1326 1505/598/1326 1514/610/1326
f 1547/605/1327 1758/603/1327 1520/601/1327 1521/602/1327
f 1759/611/1328 1525/464/1328 1523/612/1328
f 1755/613/1329 1523/612/1329 1525/464/1329 1549/465/1329
f 1229/323/1330 1525/464/1330 1534/614/1330
f 1605/615/1331 1488/340/1331 1581/341/1331 1554/616/1331
f 1520/601/1332 1546/617/1332 1532/600/1332
f 1538/618/1333 1540/620/1333 1558/619/1333
f 1536/621/1334 1757/604/1334 1540/620/1334 1538/618/1334
f 1543/622/1335 1558/619/1335 1540/620/1335 1542/623/1335
f 1542/623/1336 1755/613/1336 1549/465/1336 1544/334/1336
f 1748/624/1337 1584/347/1337 1569/338/1337
f 1573/625/1338 1601/627/1338 1490/348/1338 1603/626/1338
f 1752/628/1339 1556/461/1339 1605/615/1339 1554/616/1339 1553/629/1339
f 1566/630/1340 1572/634/1340 1579/633/1340 1746/632/1340 1565/631/1340
f 1550/462/1341 1328/459/1341 1529/343/1341 1488/340/1341
f 1230/324/1342 1331/325/1342 1231/635/1342
f 1577/636/1343 1528/640/1343 1595/639/1343 1743/638/1343 1576/637/1343
f 1749/641/1344 1573/625/1344 1603/626/1344 1566/630/1344 1565/631/1344
f 1750/642/1345 1553/629/1345 1749/641/1345
f 1234/336/1346 1335/337/1346 1235/643/1346
f 1592/644/1347 1498/364/1347 1561/365/1347 1589/645/1347
f 1244/646/1348 1344/559/1348 1243/360/1348
f 1746/632/1349 1579/633/1349 1599/647/1349 1577/636/1349 1576/637/1349
f 1747/648/1350 1565/631/1350 1746/632/1350
f 1448/649/1351 1339/651/1351 1450/650/1351
f 1237/344/1352 1341/345/1352 1238/565/1352
f 1621/652/1353 1598/654/1353 1600/653/1353
f 1743/638/1354 1595/639/1354 1592/644/1354 1589/645/1354 1587/655/1354
f 1744/656/1355 1576/637/1355 1743/638/1355
f 1240/352/1356 1345/353/1356 1241/657/1356
f 1601/627/1357 1507/658/1357 1568/477/1357 1336/478/1357
f 1442/659/1358 1349/661/1358 1444/660/1358
f 1740/662/1359 1606/664/1359 1588/663/1359 1600/653/1359 1598/654/1359
f 1741/665/1360 1587/655/1360 1740/662/1360
f 1243/360/1361 1350/361/1361 1244/646/1361
f 1548/474/1362 1509/555/1362 1578/349/1362 1239/350/1362
f 1439/666/1363 1354/668/1363 1441/667/1363
f 1607/669/1364 1737/672/1364 1610/671/1364 1609/670/1364
f 1643/673/1365 1609/670/1365 1610/671/1365 1611/674/1365
f 1623/501/1366 1358/496/1366 1612/497/1366 1613/675/1366
f 1597/676/1367 1618/370/1367 1620/371/1367
f 1246/368/1368 1359/369/1368 1247/677/1368
f 1629/678/1369 1646/680/1369 1632/679/1369
f 1600/653/1370 1360/500/1370 1623/501/1370 1621/652/1370
f 1624/681/1371 1734/684/1371 1627/683/1371 1626/682/1371
f 1668/685/1372 1626/682/1372 1627/683/1372 1628/686/1372
f 1725/687/1373 1631/688/1373 1629/678/1373 1632/679/1373
f 1632/679/1374 1646/680/1374 1635/690/1374 1636/689/1374
f 1647/515/1375 1371/509/1375 1634/510/1375 1635/690/1375
f 1608/691/1376 1640/378/1376 1642/379/1376
f 1249/376/1377 1372/377/1377 1250/692/1377
f 1524/693/1378 1589/645/1378 1561/365/1378 1522/694/1378
f 1627/683/1379 1734/684/1379 1643/673/1379 1644/695/1379
f 1625/696/1380 1665/386/1380 1667/389/1380
f 1648/697/1381 1728/700/1381 1651/699/1381 1650/698/1381
f 1696/701/1382 1650/698/1382 1651/699/1382 1652/702/1382
f 1716/703/1383 1655/706/1383 1653/705/1383 1656/704/1383
f 1653/705/1384 1670/708/1384 1657/707/1384 1656/704/1384
f 1713/709/1385 1660/712/1385 1658/711/1385 1661/710/1385
f 1674/529/1386 1268/530/1386 1662/714/1386 1663/713/1386
f 1254/387/1387 1387/388/1387 1255/554/1387
f 1271/413/1388 1711/716/1388 1270/715/1388
f 1651/699/1389 1728/700/1389 1668/685/1389 1669/717/1389
f 1725/687/1390 1632/679/1390 1671/718/1390 1670/708/1390
f 1649/719/1391 1693/396/1391 1695/398/1391
f 1676/720/1392 1719/723/1392 1679/722/1392 1675/721/1392
f 1680/724/1393 1790/724/1393 1789/725/1393 1682/725/1393
f 1409/540/1394 1779/540/1394 1778/726/1394 1273/726/1394
f 1678/727/1395 1794/727/1395 1798/722/1395 1679/722/1395
f 1688/418/1396 1797/418/1396 1793/728/1396 1685/728/1396
f 1406/729/1397 1662/714/1397 1269/409/1397
f 1662/714/1398 1406/729/1398 1689/417/1398 1690/730/1398
f 1261/285/1399 1407/397/1399 1262/284/1399
f 1700/731/1400 1616/432/1400 1704/433/1400 1282/283/1400
f 1679/722/1401 1719/723/1401 1696/701/1401 1697/732/1401
f 1716/703/1402 1656/704/1402 1699/734/1402 1698/733/1402
f 1633/735/1403 1476/589/1403 1638/737/1403 1617/736/1403
f 1542/623/1404 1544/334/1404 1541/335/1404
f 1703/537/1405 1499/591/1405 1709/738/1405 1710/302/1405
f 1691/739/1406 1713/709/1406 1690/730/1406
f 1713/709/1406 1691/739/1406 1685/728/1406 1712/740/1406
f 1716/703/1407 1698/733/1407 1680/724/1407 1715/741/1407
f 1720/395/1408 1650/698/1408 1696/701/1408 1719/723/1408
f 1722/742/1409 1673/744/1409 1658/711/1409 1721/743/1409
f 1725/687/1410 1670/708/1410 1653/705/1410 1724/745/1410
f 1729/385/1411 1626/682/1411 1668/685/1411 1728/700/1411
f 1731/746/1412 1646/680/1412 1629/678/1412 1730/747/1412
f 1735/748/1413 1609/670/1413 1643/673/1413 1734/684/1413
f 1738/749/1414 1598/654/1414 1621/652/1414 1737/672/1414
f 1736/750/1415 1642/379/1415 1618/370/1415
f 1612/497/1416 1253/498/1416 1615/751/1416
f 1583/752/1417 1351/491/1417 1545/375/1417 1504/372/1417
f 1589/645/1418 1524/693/1418 1606/664/1418 1740/662/1418 1587/655/1418
f 1753/753/1419 1538/618/1419 1558/619/1419 1752/628/1419
f 1601/627/1420 1336/478/1420 1580/351/1420 1490/348/1420
f 1767/596/1421 1501/593/1421 1512/570/1421
f 1475/754/1422 1706/757/1422 1622/756/1422 1666/755/1422
f 1763/758/1322 1517/607/1322 1506/599/1322 1762/597/1322
f 1666/755/1423 1622/756/1423 1692/277/1423 1281/278/1423
f 1485/581/1424 1495/760/1424 1770/759/1424 1768/583/1424
f 1516/606/1425 1306/761/1425 1518/608/1425
f 1503/762/1426 1502/594/1426 1760/574/1426
f 1470/279/1427 1295/431/1427 1212/429/1427 1700/731/1427 1282/283/1427
f 1291/763/1428 1217/293/1428 1469/764/1428
f 1477/434/1424 1769/765/1424 1770/759/1424
f 1511/445/1429 1301/446/1429 1213/289/1429 1493/585/1429
f 1224/310/1430 1304/311/1430 1305/448/1430
f 1227/315/1431 1312/421/1431 1530/492/1431 1532/600/1431
f 1311/766/1432 1309/316/1432 1228/319/1432
f 1292/296/1433 1217/293/1433 1291/763/1433
f 1309/316/1434 1458/313/1434 1459/318/1434
f 1295/431/1428 1471/767/1428 1294/300/1428
f 1556/461/1435 1558/619/1435 1557/768/1435
f 1750/642/1436 1569/338/1436 1552/769/1436
f 1536/621/1437 1562/327/1437 1756/770/1437
f 1745/564/1438 1746/632/1438 1574/771/1438
f 1339/772/1439 1338/480/1439 1337/481/1439
f 1334/563/1440 1451/561/1440 1335/337/1440 1237/344/1440
f 1326/470/1441 1235/643/1441 1451/561/1441
f 1747/648/1442 1582/346/1442 1564/773/1442
f 1349/661/1443 1348/488/1443 1347/489/1443
f 1344/559/1444 1445/557/1444 1345/353/1444 1243/360/1444
f 1440/487/1445 1348/488/1445 1439/666/1445
f 1338/480/1446 1241/657/1446 1445/557/1446
f 1741/665/1447 1602/362/1447 1586/774/1447
f 1431/502/1448 1364/503/1448 1430/549/1448
f 1632/679/1449 1636/689/1449 1671/718/1449
f 1251/380/1450 1356/776/1450 1357/775/1450
f 1355/495/1451 1377/548/1451 1375/514/1451 1253/498/1451
f 1435/506/1452 1258/507/1452 1376/513/1452 1377/548/1452
f 1736/750/1453 1738/749/1453 1737/672/1453
f 1256/390/1454 1367/777/1454 1368/505/1454
f 1732/778/1455 1644/695/1455 1643/673/1455 1611/674/1455
f 1369/508/1456 1394/545/1456 1392/528/1456 1260/511/1456
f 1612/497/1457 1614/779/1457 1613/675/1457
f 1644/695/1412 1732/778/1412 1730/747/1412
f 1365/553/1458 1436/551/1458 1372/377/1458 1254/387/1458
f 1263/399/1459 1382/780/1459 1383/519/1459
f 1269/409/1460 1405/410/1460 1406/729/1460
f 1276/419/1461 1785/419/1461 1797/418/1461 1688/418/1461
f 1433/781/1294 1435/506/1294 1434/547/1294
f 1353/494/1462 1250/692/1462 1436/551/1462
f 1380/286/1463 1430/549/1463 1387/388/1463 1261/285/1463
f 1680/724/1464 1682/725/1464 1681/782/1464
f 1717/783/1465 1697/732/1465 1696/701/1465 1652/702/1465
f 1500/592/1466 1521/602/1466 1532/600/1466 1708/784/1466 1709/738/1466
f 1717/783/1407 1716/703/1407 1715/741/1407
f 1424/785/1291 1391/405/1291 1386/406/1291
f 1421/411/1467 1423/522/1467 1422/516/1467
f 1413/538/1468 1278/568/1468 1705/444/1468 1703/537/1468
f 1702/786/1469 1493/585/1469 1491/787/1469
f 1617/736/1470 1638/737/1470 1475/754/1470 1666/755/1470
f 1232/331/1471 1322/317/1471 1323/463/1471
f 1213/289/1472 1289/290/1472 1491/787/1472 1493/585/1472
f 1772/586/1473 1475/754/1473 1638/737/1473 1476/589/1473
f 1775/788/1474 1776/424/1474 1474/425/1474
f 1471/767/1428 1469/764/1428 1286/299/1428
f 1303/447/1475 1287/440/1475 1217/293/1475 1218/294/1475
f 1306/761/1476 1516/606/1476 1487/443/1476 1219/297/1476
f 1546/617/1477 1321/314/1477 1227/315/1477 1532/600/1477
f 1714/789/1406 1713/709/1406 1712/740/1406
f 1313/455/1478 1225/309/1478 1224/310/1478 1297/306/1478
f 1464/439/1305 1465/449/1305 1308/450/1305
f 1222/569/1479 1302/308/1479 1216/292/1479
f 1211/281/1480 1633/735/1480 1617/736/1480 1765/790/1480
f 1571/339/1481 1234/336/1481 1331/325/1481 1560/326/1481
f 1285/438/1482 1284/295/1482 1215/291/1482
f 1329/328/1483 1455/329/1483 1328/459/1483
f 1318/791/1484 1458/313/1484 1321/314/1484 1230/324/1484
f 1446/479/1485 1338/480/1485 1445/557/1485
f 1327/468/1486 1454/466/1486 1331/325/1486 1234/336/1486
f 1458/313/1487 1318/791/1487 1460/792/1487
f 1327/468/1488 1235/643/1488 1326/470/1488
f 1552/769/1489 1569/338/1489 1571/339/1489
f 1562/327/1490 1230/324/1490 1321/314/1490 1546/617/1490
f 1330/460/1491 1556/461/1491 1557/768/1491
f 1564/773/1492 1582/346/1492 1584/347/1492
f 1339/772/1493 1448/649/1493 1341/345/1493 1240/793/1493
f 1744/656/1494 1591/354/1494 1575/794/1494
f 1748/624/1495 1750/642/1495 1749/641/1495
f 1247/677/1496 1349/661/1496 1246/368/1496
f 1349/661/1497 1442/659/1497 1350/361/1497 1246/368/1497
f 1250/692/1498 1354/668/1498 1249/376/1498
f 1354/668/1499 1439/666/1499 1359/369/1499 1249/376/1499
f 1362/383/1500 1251/380/1500 1361/499/1500
f 1647/515/1501 1635/690/1501 1646/680/1501
f 1729/385/1502 1665/386/1502 1625/696/1502
f 1380/286/1503 1379/517/1503 1378/401/1503
f 1720/395/1504 1693/396/1504 1649/719/1504
f 1433/781/1294 1368/505/1294 1435/506/1294
f 1390/524/1505 1259/525/1505 1258/507/1505 1366/504/1505
f 1394/545/1506 1393/527/1506 1392/528/1506
f 1648/697/1507 1695/398/1507 1727/384/1507
f 1267/408/1508 1269/409/1508 1268/530/1508
f 1427/795/1292 1383/519/1292 1429/520/1292
f 1410/542/1509 1266/403/1509 1265/404/1509 1381/518/1509
f 1364/503/1510 1255/554/1510 1430/549/1510
f 1398/414/1511 1400/534/1511 1399/796/1511
f 1694/797/1512 1478/798/1512 1641/435/1512 1616/432/1512
f 1684/799/1513 1791/799/1513 1784/800/1513 1683/800/1513
f 1214/288/1514 1301/446/1514 1278/568/1514
f 1396/412/1515 1270/715/1515 1395/801/1515
f 1275/416/1516 1403/536/1516 1411/541/1516 1274/415/1516
f 1289/290/1517 1277/802/1517 1491/787/1517
f 1290/280/1518 1473/803/1518 1292/296/1518
f 1311/766/1519 1223/307/1519 1222/569/1519 1296/441/1519
f 1661/710/1520 1662/714/1520 1690/730/1520
f 1382/780/1289 1419/544/1289 1381/518/1289
f 1404/420/1460 1406/729/1460 1405/410/1460
f 1423/522/1521 1396/412/1521 1397/804/1521
f 1277/802/1522 1412/427/1522 1701/805/1522 1702/786/1522
f 1274/415/1523 1411/541/1523 1410/542/1523 1420/533/1523
f 1370/806/1291 1425/526/1291 1369/508/1291
f 1384/407/1524 1386/406/1524 1385/807/1524
f 1408/539/1407 1418/808/1407 1419/544/1407
f 1711/716/1525 1271/413/1525 1407/397/1525 1693/396/1525
f 1367/777/1292 1428/546/1292 1366/504/1292
f 1379/517/1526 1262/284/1526 1421/411/1526
f 1424/785/1291 1386/406/1291 1426/521/1291
f 1432/550/1527 1380/286/1527 1378/401/1527
f 1678/727/1528 1681/782/1528 1682/725/1528
f 1265/404/1529 1391/405/1529 1390/524/1529 1429/520/1529
f 1356/776/1294 1434/547/1294 1355/495/1294
f 1376/513/1530 1259/525/1530 1370/806/1530 1371/509/1530
f 1388/523/1410 1427/795/1410 1428/546/1410
f 1669/717/1410 1726/809/1410 1724/745/1410
f 1438/552/1531 1365/553/1531 1363/392/1531
f 1381/518/1532 1383/519/1532 1382/780/1532
f 1645/810/1533 1647/515/1533 1646/680/1533
f 1441/667/1534 1354/668/1534 1352/382/1534
f 1348/488/1535 1247/677/1535 1439/666/1535
f 1373/512/1536 1433/781/1536 1434/547/1536
f 1444/660/1537 1349/661/1537 1347/489/1537
f 1733/811/1538 1667/389/1538 1640/378/1538
f 1366/504/1539 1368/505/1539 1367/777/1539
f 1441/667/1540 1362/383/1540 1440/487/1540
f 1447/558/1541 1344/559/1541 1342/484/1541
f 1355/495/1542 1358/496/1542 1357/775/1542 1356/776/1542
f 1450/650/1543 1339/651/1543 1337/812/1543
f 1333/475/1544 1238/565/1544 1448/649/1544
f 1343/483/1545 1244/646/1545 1442/659/1545
f 1453/562/1546 1334/563/1546 1332/476/1546
f 1611/674/1547 1610/671/1547 1613/675/1547
f 1345/353/1548 1445/557/1548 1241/657/1548
f 1456/467/1549 1327/468/1549 1325/471/1549
f 1330/460/1550 1329/328/1550 1328/459/1550
f 1341/345/1551 1448/649/1551 1238/565/1551
f 1331/325/1552 1454/466/1552 1231/635/1552
f 1335/337/1553 1451/561/1553 1235/643/1553
f 1232/331/1554 1329/328/1554 1319/813/1554 1320/332/1554
f 1541/335/1555 1320/332/1555 1319/813/1555
f 1756/770/1556 1758/603/1556 1757/604/1556
f 1461/436/1557 1228/319/1557 1310/322/1557 1462/566/1557
f 1458/313/1558 1460/792/1558 1459/318/1558
f 1228/319/1559 1461/436/1559 1311/766/1559
f 1759/611/1560 1760/574/1560 1533/575/1560
f 1463/567/1305 1465/449/1305 1464/439/1305
f 1306/761/1561 1308/450/1561 1307/451/1561
f 1771/590/1473 1772/586/1473 1494/587/1473
f 1469/764/1428 1471/767/1428 1470/279/1428
f 1221/303/1562 1296/441/1562 1222/569/1562
f 1217/293/1563 1287/440/1563 1286/299/1563 1469/764/1563
f 1480/572/1564 1479/573/1564 1493/585/1564
f 1769/765/1424 1477/434/1424 1641/435/1424 1478/798/1424
f 1489/584/1565 1481/571/1565 1480/572/1565
f 1767/596/1321 1481/571/1321 1482/580/1321
f 1484/578/1322 1764/814/1322 1515/609/1322
f 1771/590/1473 1489/584/1473 1773/815/1473
f 1755/613/1566 1547/605/1566 1521/602/1566 1523/612/1566
f 1220/298/1567 1306/761/1567 1219/297/1567
f 1501/593/1568 1503/762/1568 1527/816/1568 1500/592/1568
f 1307/451/1569 1518/608/1569 1306/761/1569
f 1510/817/1325 1517/607/1325 1518/608/1325
f 1494/587/1570 1496/588/1570 1495/760/1570
f 1486/582/1571 1487/443/1571 1516/606/1571
f 1764/814/1572 1484/578/1572 1485/581/1572 1486/582/1572
f 1500/592/1573 1527/816/1573 1521/602/1573
f 1496/588/1424 1770/759/1424 1495/760/1424
f 1558/619/1574 1543/622/1574 1557/768/1574
f 1299/457/1575 1508/819/1575 1298/818/1575
f 1756/770/1576 1562/327/1576 1546/617/1576
f 1543/622/1577 1542/623/1577 1541/335/1577
f 1508/819/1578 1314/456/1578 1534/614/1578 1535/576/1578
f 1501/593/1579 1502/594/1579 1503/762/1579
f 1239/350/1580 1580/351/1580 1336/478/1580 1332/476/1580
f 1242/358/1581 1570/359/1581 1340/472/1581 1337/812/1581
f 1742/820/1582 1743/638/1582 1585/821/1582
f 1245/366/1583 1567/367/1583 1346/486/1583 1342/484/1583
f 1248/374/1584 1545/375/1584 1351/491/1584 1347/489/1584
f 1412/427/1585 1277/802/1585 1289/290/1585
f 1672/822/1586 1392/528/1586 1674/529/1586
f 1737/672/1587 1621/652/1587 1610/671/1587
f 1630/823/1588 1628/686/1588 1627/683/1588 1644/695/1588
f 1727/384/1589 1695/398/1589 1665/386/1589
f 1657/707/1590 1660/712/1590 1699/734/1590 1656/704/1590
f 1654/824/1591 1652/702/1591 1651/699/1591 1669/717/1591
f 1672/822/1592 1674/529/1592 1673/744/1592
f 1662/714/1593 1268/530/1593 1269/409/1593
f 1514/610/1321 1502/594/1321 1766/595/1321
f 1722/742/1594 1636/689/1594 1634/510/1594 1637/825/1594
f 1718/394/1595 1719/723/1595 1676/720/1595
f 1679/722/1596 1697/732/1596 1681/782/1596 1678/727/1596
f 1511/445/1597 1703/537/1597 1705/444/1597
f 1606/664/1598 1524/693/1598 1522/694/1598 1583/752/1598
f 1477/434/1599 1664/827/1599 1619/826/1599 1704/433/1599
f 1661/710/1600 1658/711/1600 1663/713/1600
f 1765/790/1601 1617/736/1601 1666/755/1601 1281/278/1601
f 1709/738/1602 1708/784/1602 1707/301/1602
f 1312/421/1603 1227/315/1603 1309/316/1603
f 1291/763/1604 1470/279/1604 1290/280/1604
f 1707/301/1605 1710/302/1605 1709/738/1605
f 1495/760/1570 1483/579/1570 1494/587/1570
f 1709/738/1606 1499/591/1606 1500/592/1606
f 1712/740/1406 1685/728/1406 1686/828/1406
f 1314/456/1607 1508/819/1607 1299/457/1607
f 1517/607/1608 1510/817/1608 1506/599/1608
f 1748/624/1609 1749/641/1609 1563/829/1609
f 1533/575/1610 1535/576/1610 1534/614/1610
f 1540/620/1611 1547/605/1611 1755/613/1611 1542/623/1611
f 1323/463/1612 1316/330/1612 1232/331/1612
f 1534/614/1613 1525/464/1613 1533/575/1613
f 1507/658/1614 1581/341/1614 1236/342/1614 1568/477/1614
f 1708/784/1615 1532/600/1615 1530/492/1615
f 1590/830/1616 1519/831/1616 1559/485/1616 1346/486/1616
f 1236/342/1617 1529/343/1617 1328/459/1617 1325/471/1617
f 1563/829/1618 1749/641/1618 1565/631/1618
f 1603/626/1619 1490/348/1619 1578/349/1619 1566/630/1619
f 1599/647/1620 1492/356/1620 1531/357/1620 1577/636/1620
f 1579/633/1621 1594/556/1621 1492/356/1621 1599/647/1621
f 1588/663/1622 1504/372/1622 1526/373/1622 1600/653/1622
f 1596/832/1623 1598/654/1623 1597/676/1623
f 1606/664/1624 1583/752/1624 1504/372/1624 1588/663/1624
f 1607/669/1625 1609/670/1625 1608/691/1625
f 1573/625/1626 1539/833/1626 1507/658/1626 1601/627/1626
f 1731/746/1627 1614/779/1627 1612/497/1627 1615/751/1627
f 1631/688/1410 1725/687/1410 1726/809/1410
f 1594/556/1628 1579/633/1628 1572/634/1628 1509/555/1628
f 1727/384/1629 1728/700/1629 1648/697/1629
f 1659/834/1409 1657/707/1409 1721/743/1409
f 1655/706/1407 1716/703/1407 1717/783/1407
f 1660/712/1406 1713/709/1406 1714/789/1406
f 1528/640/1630 1577/636/1630 1531/357/1630 1519/831/1630
f 1690/730/1406 1713/709/1406 1661/710/1406
f 1686/828/1406 1684/799/1406 1712/740/1406
f 1401/532/1631 1786/532/1631 1785/419/1631 1276/419/1631
f 1583/752/1632 1522/694/1632 1555/490/1632 1351/491/1632
f 1687/835/1633 1684/799/1633 1686/828/1633
f 1649/719/1634 1650/698/1634 1720/395/1634
f 1715/741/1407 1680/724/1407 1681/782/1407
f 1718/394/1635 1711/716/1635 1693/396/1635
f 1718/394/1636 1720/395/1636 1719/723/1636
f 1714/789/1406 1699/734/1406 1660/712/1406
f 1673/744/1637 1722/742/1637 1672/822/1637
f 1655/706/1407 1717/783/1407 1652/702/1407
f 1724/745/1410 1653/705/1410 1654/824/1410
f 1715/741/1407 1681/782/1407 1697/732/1407
f 1727/384/1638 1729/385/1638 1728/700/1638
f 1723/836/1409 1671/718/1409 1636/689/1409
f 1652/702/1639 1654/824/1639 1655/706/1639
f 1608/691/1640 1609/670/1640 1735/748/1640
f 1631/688/1410 1726/809/1410 1628/686/1410
f 1636/689/1409 1722/742/1409 1723/836/1409
f 1733/811/1641 1735/748/1641 1734/684/1641
f 1661/710/1642 1663/713/1642 1662/714/1642
f 1628/686/1454 1630/823/1454 1631/688/1454
f 1614/779/1412 1732/778/1412 1611/674/1412
f 1614/779/1412 1731/746/1412 1732/778/1412
f 1611/674/1450 1613/675/1450 1614/779/1450
f 1645/810/1643 1375/514/1643 1647/515/1643
f 1733/811/1644 1734/684/1644 1624/681/1644
f 1596/832/1645 1740/662/1645 1598/654/1645
f 1736/750/1646 1737/672/1646 1607/669/1646
f 1585/821/1647 1743/638/1647 1587/655/1647
f 1564/773/1648 1565/631/1648 1747/648/1648
f 1574/837/1649 1746/632/1649 1576/637/1649
f 1278/568/1650 1413/538/1650 1221/303/1650
f 1585/821/1651 1587/655/1651 1586/774/1651
f 1757/604/1652 1547/605/1652 1540/620/1652
f 1396/412/1653 1271/413/1653 1270/715/1653
f 1537/838/1654 1538/618/1654 1753/753/1654
f 1563/829/1655 1565/631/1655 1564/773/1655
f 1539/833/1656 1554/616/1656 1581/341/1656 1507/658/1656
f 1233/333/1657 1324/320/1657 1457/321/1657 1320/332/1657
f 1523/612/1658 1521/602/1658 1527/816/1658 1761/839/1658
f 1756/770/1659 1757/604/1659 1536/621/1659
f 1536/621/1660 1538/618/1660 1537/838/1660
f 1764/814/1322 1763/758/1322 1762/597/1322
f 1768/583/1424 1770/759/1424 1769/765/1424
f 1474/425/1661 1480/572/1661 1493/585/1661 1702/786/1661 1701/805/1661 1775/788/1661
f 1322/317/1662 1457/321/1662 1310/322/1662 1228/319/1662
f 1742/820/1663 1604/363/1663 1591/354/1663
f 1481/571/1664 1767/596/1664 1512/570/1664
f 1677/840/1665 1711/716/1665 1676/720/1665
f 1475/754/1666 1773/815/1666 1489/584/1666 1474/425/1666 1706/757/1666
f 1764/814/1322 1486/582/1322 1763/758/1322
f 1774/428/1667 1288/275/1667 1210/276/1667 1280/423/1667
f 1472/274/1518 1215/291/1518 1284/295/1518 1473/803/1518
f 1735/748/1668 1640/378/1668 1608/691/1668
f 1360/500/1669 1362/383/1669 1361/499/1669
f 1408/539/1670 1382/780/1670 1263/399/1670 1264/400/1670
f 1432/550/1671 1389/402/1671 1431/502/1671
f 1509/555/1672 1572/634/1672 1566/630/1672 1578/349/1672
f 1334/563/1673 1333/475/1673 1332/476/1673
f 1319/813/1674 1329/328/1674 1330/460/1674
f 1519/831/1675 1531/357/1675 1242/358/1675 1559/485/1675
f 1751/458/1676 1753/753/1676 1752/628/1676
f 1706/757/1677 1474/425/1677 1754/426/1677 1622/756/1677
f 1318/791/1678 1317/453/1678 1316/330/1678
f 1369/508/1679 1371/509/1679 1370/806/1679
f 1392/528/1680 1672/822/1680 1637/825/1680 1260/511/1680
f 1395/801/1515 1397/804/1515 1396/412/1515
f 1726/809/1681 1669/717/1681 1668/685/1681 1628/686/1681
f 1453/562/1682 1336/478/1682 1452/469/1682
f 1575/794/1683 1591/354/1683 1593/841/1683
f 1438/552/1684 1374/393/1684 1437/493/1684
f 1373/512/1685 1356/776/1685 1251/380/1685 1252/381/1685
f 1401/532/1686 1403/536/1686 1402/531/1686
f 1677/840/1687 1270/715/1687 1711/716/1687
f 1460/792/1688 1323/463/1688 1459/318/1688
f 1698/733/1689 1684/799/1689 1683/800/1689 1680/724/1689
f 1723/836/1409 1722/742/1409 1721/743/1409
f 1450/650/1690 1340/472/1690 1449/473/1690
f 1375/514/1691 1645/810/1691 1615/751/1691 1253/498/1691
f 1377/548/1692 1376/513/1692 1375/514/1692
f 1691/739/1520 1690/730/1520 1689/417/1520
f 1522/694/1693 1561/365/1693 1245/366/1693 1555/490/1693
f 1344/559/1694 1343/483/1694 1342/484/1694
f 1305/448/1695 1468/305/1695 1224/310/1695
f 1753/753/1696 1560/326/1696 1537/838/1696
f 1497/442/1424 1769/765/1424 1478/798/1424
f 1423/522/1697 1409/540/1697 1422/516/1697
f 1514/610/1698 1505/598/1698 1502/594/1698
f 1360/500/1699 1600/653/1699 1526/373/1699 1248/374/1699
f 1745/564/1700 1747/648/1700 1746/632/1700
f 1456/467/1701 1328/459/1701 1455/329/1701
f 1739/560/1702 1740/662/1702 1596/832/1702
f 1293/430/1703 1497/442/1703 1478/798/1703 1694/797/1703 1212/429/1703
f 1447/558/1704 1346/486/1704 1446/479/1704
f 1738/749/1705 1618/370/1705 1597/676/1705
f 1388/523/1706 1367/777/1706 1256/390/1706 1257/391/1706
f 1594/556/1707 1340/472/1707 1570/359/1707 1492/356/1707
f 1296/441/1708 1414/304/1708 1312/421/1708 1309/316/1708 1311/766/1708
f 1397/804/1709 1795/804/1709 1779/540/1709 1409/540/1709
f 1742/820/1710 1744/656/1710 1743/638/1710
f 1444/660/1711 1351/491/1711 1443/482/1711
f 1758/603/1712 1546/617/1712 1520/601/1712
f 1226/452/1713 1298/818/1713 1506/599/1713 1510/817/1713
f 1231/635/1714 1318/791/1714 1230/324/1714
f 1586/774/1715 1602/362/1715 1604/363/1715
f 1739/560/1716 1741/665/1716 1740/662/1716
f 1385/807/1288 1416/543/1288 1384/407/1288
f 1372/377/1717 1436/551/1717 1250/692/1717
f 1485/581/1718 1484/578/1718 1483/579/1718 1495/760/1718
f 1556/461/1719 1550/462/1719 1488/340/1719 1605/615/1719
f 1619/826/1720 1633/735/1720 1211/281/1720 1639/282/1720
f 1704/433/1721 1619/826/1721 1639/282/1721 1282/283/1721
f 1761/839/1722 1527/816/1722 1503/762/1722
f 1769/765/1424 1497/442/1424 1768/583/1424
f 1216/292/1723 1283/287/1723 1214/288/1723
f 1467/437/1695 1285/438/1695 1466/842/1695
f 1622/756/1724 1754/426/1724 1210/276/1724 1692/277/1724
f 1470/279/1428 1291/763/1428 1469/764/1428
f 1279/422/1725 1414/304/1725 1707/301/1725 1708/784/1725
f 1476/589/1726 1664/827/1726 1477/434/1726 1496/588/1726
f 1473/803/1518 1284/295/1518 1292/296/1518
f 1464/439/1305 1287/440/1305 1463/567/1305
f 1287/440/1305 1303/447/1305 1463/567/1305
f 1220/298/1305 1464/439/1305 1308/450/1305
f 1471/767/1428 1286/299/1428 1294/300/1428
f 1404/420/1727 1689/417/1727 1406/729/1727
f 1292/296/1433 1291/763/1433 1290/280/1433
f 1303/447/1430 1305/448/1430 1304/311/1430
f 1418/808/1289 1420/533/1289 1419/544/1289
f 1298/818/1728 1300/312/1728 1299/457/1728
f 1311/766/1729 1461/436/1729 1223/307/1729
f 1465/449/1730 1300/312/1730 1298/818/1730 1226/452/1730
f 1473/803/1518 1290/280/1518 1472/274/1518
f 1466/842/1695 1468/305/1695 1467/437/1695
f 1551/843/1731 1752/628/1731 1553/629/1731
f 1307/451/1569 1510/817/1569 1518/608/1569
f 1315/454/1732 1310/322/1732 1229/323/1732
f 1225/309/1733 1299/457/1733 1300/312/1733
f 1302/308/1695 1468/305/1695 1466/842/1695
f 1452/469/1734 1326/470/1734 1451/561/1734
f 1462/566/1735 1310/322/1735 1315/454/1735
f 1590/830/1736 1346/486/1736 1567/367/1736 1498/364/1736
f 1315/454/1737 1229/323/1737 1534/614/1737 1314/456/1737
f 1455/329/1738 1317/453/1738 1454/466/1738
f 1751/458/1739 1560/326/1739 1753/753/1739
f 1303/447/1305 1304/311/1305 1463/567/1305
f 1460/792/1740 1316/330/1740 1323/463/1740
f 1233/333/1741 1544/334/1741 1549/465/1741 1324/320/1741
f 1313/455/1742 1462/566/1742 1315/454/1742
f 1574/771/1743 1593/355/1743 1745/564/1743
f 1543/622/1744 1541/335/1744 1319/813/1744
f 1460/792/1745 1318/791/1745 1316/330/1745
f 1748/624/1746 1569/338/1746 1750/642/1746
f 1241/657/1747 1339/772/1747 1240/793/1747
f 1456/467/1748 1325/471/1748 1328/459/1748
f 1449/473/1749 1333/475/1749 1448/649/1749
f 1537/838/1750 1560/326/1750 1562/327/1750
f 1317/453/1751 1231/635/1751 1454/466/1751
f 1523/612/1752 1761/839/1752 1759/611/1752
f 1745/564/1753 1582/346/1753 1747/648/1753
f 1437/493/1754 1353/494/1754 1436/551/1754
f 1453/562/1755 1332/476/1755 1336/478/1755
f 1563/829/1756 1584/347/1756 1748/624/1756
f 1574/837/1757 1576/637/1757 1575/794/1757
f 1742/820/1758 1591/354/1758 1744/656/1758
f 1454/466/1759 1456/467/1759 1455/329/1759
f 1350/361/1760 1442/659/1760 1244/646/1760
f 1450/650/1543 1337/812/1543 1340/472/1543
f 1443/482/1761 1343/483/1761 1442/659/1761
f 1595/639/1762 1590/830/1762 1498/364/1762 1592/644/1762
f 1739/560/1763 1602/362/1763 1741/665/1763
f 1451/561/1764 1453/562/1764 1452/469/1764
f 1359/369/1765 1439/666/1765 1247/677/1765
f 1447/558/1766 1342/484/1766 1346/486/1766
f 1585/821/1767 1604/363/1767 1742/820/1767
f 1586/774/1768 1587/655/1768 1741/665/1768
f 1736/750/1769 1618/370/1769 1738/749/1769
f 1448/649/1770 1450/650/1770 1449/473/1770
f 1440/487/1771 1362/383/1771 1360/500/1771 1248/374/1771
f 1444/660/1772 1347/489/1772 1351/491/1772
f 1596/832/1773 1620/371/1773 1739/560/1773
f 1624/681/1774 1626/682/1774 1625/696/1774
f 1733/811/1775 1640/378/1775 1735/748/1775
f 1445/557/1776 1447/558/1776 1446/479/1776
f 1256/390/1777 1433/781/1777 1373/512/1777 1374/393/1777
f 1441/667/1534 1352/382/1534 1362/383/1534
f 1358/496/1778 1361/499/1778 1357/775/1778
f 1356/776/1412 1373/512/1412 1434/547/1412
f 1607/669/1779 1642/379/1779 1736/750/1779
f 1663/713/1409 1658/711/1409 1673/744/1409
f 1357/775/1780 1361/499/1780 1251/380/1780
f 1730/747/1412 1629/678/1412 1630/823/1412
f 1439/666/1781 1441/667/1781 1440/487/1781
f 1442/659/1782 1444/660/1782 1443/482/1782
f 1263/399/1783 1427/795/1783 1388/523/1783 1389/402/1783
f 1438/552/1531 1363/392/1531 1374/393/1531
f 1433/781/1412 1256/390/1412 1368/505/1412
f 1367/777/1410 1388/523/1410 1428/546/1410
f 1422/516/1784 1379/517/1784 1421/411/1784
f 1387/388/1785 1430/549/1785 1255/554/1785
f 1634/510/1786 1636/689/1786 1635/690/1786
f 1624/681/1787 1667/389/1787 1733/811/1787
f 1726/809/1410 1725/687/1410 1724/745/1410
f 1259/525/1788 1376/513/1788 1258/507/1788
f 1721/743/1409 1658/711/1409 1659/834/1409
f 1430/549/1789 1432/550/1789 1431/502/1789
f 1436/551/1790 1438/552/1790 1437/493/1790
f 1273/726/1791 1418/808/1791 1408/539/1791 1409/540/1791
f 1432/550/1792 1378/401/1792 1389/402/1792
f 1427/795/1410 1263/399/1410 1383/519/1410
f 1382/780/1407 1408/539/1407 1419/544/1407
f 1267/408/1793 1268/530/1793 1393/527/1793
f 1386/406/1524 1266/403/1524 1385/807/1524
f 1425/526/1291 1391/405/1291 1424/785/1291
f 1393/527/1291 1426/521/1291 1267/408/1291
f 1697/732/1407 1717/783/1407 1715/741/1407
f 1675/721/1794 1395/801/1794 1677/840/1794
f 1676/720/1795 1711/716/1795 1718/394/1795
f 1423/522/1796 1397/804/1796 1409/540/1796
f 1418/808/1407 1273/726/1407 1400/534/1407
f 1418/808/1289 1400/534/1289 1420/533/1289
f 1399/796/1797 1782/796/1797 1783/414/1797 1398/414/1797
f 1404/420/1798 1417/535/1798 1276/419/1798
f 1416/543/1288 1411/541/1288 1415/844/1288
f 1415/844/1288 1411/541/1288 1403/536/1288
f 1415/844/1288 1403/536/1288 1417/535/1288
f 1685/728/1633 1687/835/1633 1686/828/1633
f 1530/492/1799 1279/422/1799 1708/784/1799
f 1491/787/1800 1277/802/1800 1702/786/1800
f 1427/795/1292 1429/520/1292 1428/546/1292
f 1214/288/1801 1278/568/1801 1221/303/1801 1222/569/1801 1216/292/1801
f 1770/759/1424 1496/588/1424 1477/434/1424
f 1415/844/1288 1417/535/1288 1416/543/1288
f 1489/584/1802 1771/590/1802 1482/580/1802 1481/571/1802
f 1330/460/1803 1557/768/1803 1543/622/1803 1319/813/1803
f 1370/806/1291 1259/525/1291 1425/526/1291
f 1385/807/1288 1266/403/1288 1416/543/1288
f 1208/845/1804 1209/845/1804 1701/805/1804 1412/427/1804
f 1767/596/1321 1482/580/1321 1766/595/1321
f 1471/767/1428 1295/431/1428 1470/279/1428
f 1515/609/1805 1513/577/1805 1484/578/1805
f 1494/587/1473 1483/579/1473 1771/590/1473
f 1482/580/1321 1513/577/1321 1766/595/1321
f 1774/428/1806 1280/423/1806 1776/424/1806
f 1517/607/1322 1763/758/1322 1516/606/1322
f 1558/619/1807 1556/461/1807 1752/628/1807
f 1486/582/1322 1516/606/1322 1763/758/1322
f 1664/827/1808 1476/589/1808 1633/735/1808 1619/826/1808
f 1503/762/1809 1760/574/1809 1761/839/1809
f 1506/599/1810 1298/818/1810 1508/819/1810
f 1771/590/1473 1773/815/1473 1772/586/1473
f 1513/577/1805 1515/609/1805 1514/610/1805
f 1512/570/1811 1499/591/1811 1703/537/1811 1511/445/1811 1479/573/1811
f 1514/610/1321 1766/595/1321 1513/577/1321
f 1535/576/1812 1505/598/1812 1506/599/1812 1508/819/1812
f 1533/575/1813 1525/464/1813 1759/611/1813
f 1759/611/1814 1761/839/1814 1760/574/1814
f 1551/843/1815 1553/629/1815 1552/769/1815
f 1551/843/1816 1571/339/1816 1751/458/1816
f 1751/458/1817 1752/628/1817 1551/843/1817
f 1537/838/1818 1562/327/1818 1536/621/1818
f 1552/769/1819 1571/339/1819 1551/843/1819
f 1564/773/1820 1584/347/1820 1563/829/1820
f 1575/794/1821 1593/841/1821 1574/837/1821
f 1646/680/1412 1731/746/1412 1645/810/1412
f 1586/774/1822 1604/363/1822 1585/821/1822
f 1595/639/1823 1528/640/1823 1519/831/1823 1590/830/1823
f 1613/675/1824 1610/671/1824 1621/652/1824 1623/501/1824
f 1597/676/1825 1620/371/1825 1596/832/1825
f 1648/697/1826 1650/698/1826 1649/719/1826
f 1645/810/1536 1731/746/1536 1615/751/1536
f 1671/718/1827 1721/743/1827 1657/707/1827 1670/708/1827
f 1730/747/1412 1630/823/1412 1644/695/1412
f 1608/691/1828 1642/379/1828 1607/669/1828
f 1721/743/1409 1671/718/1409 1723/836/1409
f 1629/678/1454 1631/688/1454 1630/823/1454
f 1634/510/1829 1260/511/1829 1637/825/1829
f 1597/676/1830 1598/654/1830 1738/749/1830
f 1672/822/1831 1722/742/1831 1637/825/1831
f 1699/734/1832 1712/740/1832 1684/799/1832 1698/733/1832
f 1724/745/1410 1654/824/1410 1669/717/1410
f 1625/696/1833 1667/389/1833 1624/681/1833
f 1712/740/1406 1699/734/1406 1714/789/1406
f 1653/705/1639 1655/706/1639 1654/824/1639
f 1660/712/1600 1657/707/1600 1659/834/1600
f 1732/778/1412 1731/746/1412 1730/747/1412
f 1658/711/1600 1660/712/1600 1659/834/1600
f 1677/840/1834 1676/720/1834 1675/721/1834
f 1625/696/1835 1626/682/1835 1729/385/1835
f 1674/529/1836 1663/713/1836 1673/744/1836
f 1649/719/1837 1695/398/1837 1648/697/1837
f 1675/721/1838 1787/721/1838 1796/801/1838 1395/801/1838
f 1685/728/1839 1691/739/1839 1689/417/1839 1688/418/1839
f 1212/429/1840 1694/797/1840 1616/432/1840 1700/731/1840
f 1307/451/1841 1226/452/1841 1510/817/1841
f 1472/274/1842 1290/280/1842 1211/281/1842 1765/790/1842 1281/278/1842
f 1475/754/1473 1772/586/1473 1773/815/1473
f 1762/597/1322 1515/609/1322 1764/814/1322
f 1535/576/1843 1760/574/1843 1502/594/1843 1505/598/1843
f 1270/715/1844 1677/840/1844 1395/801/1844
f 1468/305/1695 1305/448/1695 1467/437/1695
f 1308/450/1561 1306/761/1561 1220/298/1561
f 1756/770/1845 1546/617/1845 1758/603/1845
f 1466/842/1846 1285/438/1846 1216/292/1846 1302/308/1846
f 1554/616/1847 1539/833/1847 1573/625/1847 1749/641/1847 1553/629/1847
f 1327/468/1848 1326/470/1848 1325/471/1848
f 1318/791/1849 1231/635/1849 1317/453/1849
f 1235/643/1850 1327/468/1850 1234/336/1850
f 1552/769/1851 1553/629/1851 1750/642/1851
f 1334/563/1852 1238/565/1852 1333/475/1852
f 1339/772/1853 1241/657/1853 1338/480/1853
f 1575/794/1854 1576/637/1854 1744/656/1854
f 1344/559/1855 1244/646/1855 1343/483/1855
f 1354/668/1856 1353/494/1856 1352/382/1856
f 1349/661/1857 1247/677/1857 1348/488/1857
f 1365/553/1858 1364/503/1858 1363/392/1858
f 1354/668/1859 1250/692/1859 1353/494/1859
f 1365/553/1860 1255/554/1860 1364/503/1860
f 1380/286/1861 1262/284/1861 1379/517/1861
f 1424/785/1291 1426/521/1291 1425/526/1291
f 1394/545/1291 1426/521/1291 1393/527/1291
f 1273/726/1862 1399/796/1862 1400/534/1862
f 1403/536/1863 1275/416/1863 1402/531/1863
f 1778/726/1864 1779/540/1864 1795/804/1864 1777/846/1864
f 1784/800/1865 1801/800/1865 1807/724/1865 1790/724/1865
f 1787/721/1866 1777/846/1866 1795/804/1866 1796/801/1866
f 1794/727/1867 1777/846/1867 1787/721/1867 1798/722/1867
f 1790/724/1868 1807/724/1868 1806/725/1868 1789/725/1868
f 1783/414/1869 1800/414/1869 1799/415/1869 1781/415/1869
f 1780/416/1870 1272/416/1870 1805/531/1870 1788/531/1870
f 1782/796/1871 1778/726/1871 1777/846/1871 1794/727/1871
f 1789/725/1872 1806/725/1872 1811/727/1872 1794/727/1872
f 1788/531/1870 1805/531/1870 1803/532/1870 1786/532/1870
f 1797/418/1873 1812/418/1873 1810/728/1873 1793/728/1873
f 1782/796/1874 1804/796/1874 1800/414/1874 1783/414/1874
f 1791/799/1875 1808/799/1875 1801/800/1875 1784/800/1875
f 1275/416/1876 1780/416/1876 1788/531/1876 1402/531/1876
f 1687/835/1877 1792/835/1877 1791/799/1877 1684/799/1877
f 1273/726/1878 1778/726/1878 1782/796/1878 1399/796/1878
f 1679/722/1879 1798/722/1879 1787/721/1879 1675/721/1879
f 1682/725/1880 1789/725/1880 1794/727/1880 1678/727/1880
f 1395/801/1881 1796/801/1881 1795/804/1881 1397/804/1881
f 1683/800/1882 1784/800/1882 1790/724/1882 1680/724/1882
f 1685/728/1883 1793/728/1883 1792/835/1883 1687/835/1883
f 1799/415/1884 1800/414/1884 1801/800/1884 1272/416/1884
f 1801/800/1885 1800/414/1885 1806/725/1885 1807/724/1885
f 1809/835/1886 1272/416/1886 1801/800/1886 1808/799/1886
f 1812/418/1887 1803/532/1887 1809/835/1887 1810/728/1887
f 1272/416/1888 1809/835/1888 1805/531/1888
f 1804/796/1889 1806/725/1889 1800/414/1889
f 1803/532/1890 1812/418/1890 1802/419/1890
f 1804/796/1891 1811/727/1891 1806/725/1891
f 1805/531/1888 1809/835/1888 1803/532/1888
f 1781/415/1892 1799/415/1892 1272/416/1892 1780/416/1892
f 1792/835/1893 1809/835/1893 1808/799/1893 1791/799/1893
f 1785/419/1894 1802/419/1894 1812/418/1894 1797/418/1894
f 1793/728/1895 1810/728/1895 1809/835/1895 1792/835/1895
f 1794/727/1896 1811/727/1896 1804/796/1896 1782/796/1896
f 1786/532/1897 1803/532/1897 1802/419/1897 1785/419/1897
o left_antler
v 0.376508 1.551828 0.162016
v 0.397118 1.663837 0.422646
v 0.350948 1.562645 0.159388
v 0.371558 1.674654 0.420019
v 0.323743 1.568722 0.158928
v 0.344353 1.680730 0.419559
v 0.295940 1.569825 0.160653
v 0.316550 1.681834 0.421283
v 0.268606 1.565912 0.164496
v 0.289216 1.677921 0.425126
v 0.242792 1.557133 0.170310
v 0.263402 1.669142 0.430940
v 0.219490 1.543826 0.177871
v 0.240100 1.655835 0.438502
v 0.199595 1.526503 0.186889
v 0.220205 1.638512 0.447520
v 0.183873 1.505828 0.197018
v 0.204483 1.617837 0.457648
v 0.172926 1.482597 0.207867
v 0.193536 1.594606 0.468498
v 0.167177 1.457702 0.219021
v 0.187787 1.569711 0.479651
v 0.166845 1.432100 0.230050
v 0.187455 1.544109 0.490681
v 0.171944 1.406774 0.240531
v 0.192554 1.518783 0.501161
v 0.182278 1.382699 0.250060
v 0.202888 1.494707 0.510691
v 0.197449 1.360798 0.258273
v 0.218059 1.472807 0.518903
v 0.216875 1.341915 0.264852
v 0.237485 1.453924 0.525482
v 0.239808 1.326774 0.269545
v 0.260418 1.438783 0.530176
v 0.265368 1.315957 0.272173
v 0.285978 1.427966 0.532803
v 0.292573 1.309881 0.272633
v 0.313183 1.421889 0.533263
v 0.320376 1.308778 0.270908
v 0.340987 1.420786 0.531539
v 0.347710 1.312690 0.267065
v 0.368320 1.424699 0.527696
v 0.373524 1.321469 0.261251
v 0.394134 1.433478 0.521882
v 0.396826 1.334776 0.253690
v 0.417436 1.446785 0.514320
v 0.416721 1.352099 0.244672
v 0.437331 1.464108 0.505302
v 0.432443 1.372774 0.234543
v 0.453054 1.484783 0.495174
v 0.443390 1.396005 0.223694
v 0.464000 1.508014 0.484324
v 0.449139 1.420900 0.212540
v 0.469749 1.532909 0.473170
v 0.449471 1.446503 0.201511
v 0.470081 1.558511 0.462141
v 0.444372 1.471828 0.191030
v 0.464982 1.583837 0.451661
v 0.434038 1.495904 0.181501
v 0.454648 1.607913 0.442131
v 0.418867 1.517804 0.173288
v 0.439477 1.629813 0.433919
v 0.399441 1.536687 0.166709
v 0.420052 1.648696 0.427340
v 0.402358 1.770624 0.556277
v 0.427719 1.759169 0.557961
v 0.375745 1.778593 0.558610
v 0.348901 1.782768 0.564871
v 0.322858 1.782990 0.574819
v 0.298618 1.779249 0.588072
v 0.277112 1.771690 0.604121
v 0.259165 1.760603 0.622348
v 0.245469 1.746414 0.642053
v 0.236548 1.729669 0.662480
v 0.232747 1.711010 0.682843
v 0.234211 1.691156 0.702359
v 0.240883 1.670868 0.720279
v 0.252508 1.650927 0.735913
v 0.268639 1.632099 0.748662
v 0.288656 1.615108 0.758035
v 0.311789 1.600605 0.763671
v 0.337150 1.589150 0.765355
v 0.363763 1.581182 0.763022
v 0.390607 1.577006 0.756761
v 0.416650 1.576785 0.746813
v 0.440890 1.580525 0.733560
v 0.462396 1.588084 0.717511
v 0.480343 1.599171 0.699284
v 0.494039 1.613360 0.679579
v 0.502960 1.630105 0.659152
v 0.506761 1.648764 0.638789
v 0.505297 1.668618 0.619273
v 0.498625 1.688906 0.601353
v 0.486999 1.708847 0.585719
v 0.470869 1.727675 0.572970
v 0.450852 1.744666 0.563597
v 0.454908 1.929530 0.610020
v 0.479658 1.917236 0.606342
v 0.431705 1.942159 0.618929
v 0.410940 1.954636 0.632726
v 0.393412 1.966483 0.650882
v 0.379793 1.977243 0.672699
v 0.370608 1.986505 0.697338
v 0.366209 1.993911 0.723853
v 0.366766 1.999176 0.751224
v 0.372256 2.002100 0.778400
v 0.382469 2.002569 0.804336
v 0.397013 2.000565 0.828036
v 0.415329 1.996166 0.848589
v 0.436712 1.989539 0.865205
v 0.460341 1.980941 0.877245
v 0.485307 1.970702 0.884248
v 0.510653 1.959214 0.885942
v 0.535402 1.946919 0.882265
v 0.558606 1.934291 0.873356
v 0.579370 1.921814 0.859559
v 0.596899 1.909967 0.841403
v 0.610517 1.899207 0.819586
v 0.619702 1.889945 0.794947
v 0.624101 1.882540 0.768432
v 0.623545 1.877274 0.741061
v 0.618054 1.874350 0.713885
v 0.607841 1.873881 0.687948
v 0.593297 1.875885 0.664248
v 0.574982 1.880284 0.643696
v 0.553599 1.886911 0.627080
v 0.529970 1.895509 0.615039
v 0.505003 1.905748 0.608037
v 0.573115 2.206859 0.599934
v 0.591587 2.195969 0.593558
v 0.557185 2.219291 0.609533
v 0.544410 2.232788 0.621986
v 0.535281 2.246831 0.636816
v 0.530148 2.260880 0.653451
v 0.529208 2.274395 0.671253
v 0.532498 2.286858 0.689537
v 0.539892 2.297788 0.707601
v 0.551104 2.306766 0.724752
v 0.565705 2.313447 0.740328
v 0.583133 2.317575 0.753733
v 0.602718 2.318990 0.764450
v 0.623708 2.317638 0.772069
v 0.645297 2.313572 0.776296
v 0.666653 2.306947 0.776968
v 0.686958 2.298018 0.774061
v 0.705430 2.287127 0.767685
v 0.721359 2.274695 0.758086
v 0.734134 2.261199 0.745632
v 0.743264 2.247156 0.730803
v 0.748397 2.233107 0.714168
v 0.749337 2.219592 0.696366
v 0.746047 2.207129 0.678081
v 0.738653 2.196199 0.660017
v 0.727441 2.187221 0.642867
v 0.712840 2.180539 0.627290
v 0.695412 2.176412 0.613886
v 0.675826 2.174997 0.603168
v 0.654836 2.176348 0.595550
v 0.633248 2.180415 0.591323
v 0.611891 2.187040 0.590650
v 0.689412 2.405798 0.559941
v 0.690404 2.405214 0.559598
v 0.688557 2.406466 0.560456
v 0.687871 2.407190 0.561124
v 0.687381 2.407944 0.561920
v 0.687106 2.408698 0.562813
v 0.687056 2.409423 0.563768
v 0.687232 2.410092 0.564750
v 0.687629 2.410679 0.565719
v 0.688231 2.411160 0.566640
v 0.689014 2.411519 0.567476
v 0.689950 2.411741 0.568195
v 0.691001 2.411817 0.568771
v 0.692128 2.411744 0.569180
v 0.693286 2.411526 0.569406
v 0.694433 2.411170 0.569443
v 0.695522 2.410691 0.569286
v 0.696514 2.410106 0.568944
v 0.697369 2.409439 0.568429
v 0.698055 2.408715 0.567761
v 0.698545 2.407961 0.566965
v 0.698820 2.407207 0.566072
v 0.698871 2.406482 0.565116
v 0.698694 2.405813 0.564135
v 0.698297 2.405226 0.563165
v 0.697695 2.404744 0.562245
v 0.696912 2.404386 0.561409
v 0.695976 2.404164 0.560689
v 0.694925 2.404088 0.560114
v 0.693798 2.404160 0.559705
v 0.692640 2.404379 0.559478
v 0.691493 2.404735 0.559442
vn 0.3926 0.8333 -0.3892
vn 0.2062 0.8930 -0.4001
vn 0.0119 0.9183 -0.3956
vn -0.1829 0.9084 -0.3759
vn -0.3707 0.8636 -0.3418
vn -0.5442 0.7856 -0.2946
vn -0.6968 0.6773 -0.2360
vn -0.8226 0.5431 -0.1684
vn -0.9168 0.3880 -0.0942
vn -0.9758 0.2180 -0.0165
vn -0.9973 0.0396 0.0619
vn -0.9805 -0.1404 0.1379
vn -0.9259 -0.3149 0.2085
vn -0.8358 -0.4773 0.2712
vn -0.7136 -0.6214 0.3235
vn -0.5640 -0.7416 0.3633
vn -0.3926 -0.8333 0.3892
vn -0.2062 -0.8930 0.4001
vn -0.0119 -0.9183 0.3956
vn 0.1829 -0.9084 0.3759
vn 0.3707 -0.8636 0.3418
vn 0.5442 -0.7856 0.2946
vn 0.6968 -0.6773 0.2360
vn 0.8226 -0.5431 0.1684
vn 0.9168 -0.3880 0.0942
vn 0.9758 -0.2180 0.0165
vn 0.9973 -0.0396 -0.0619
vn 0.9805 0.1404 -0.1379
vn 0.9259 0.3149 -0.2085
vn 0.8358 0.4773 -0.2712
vn 0.0038 -0.8221 0.5693
vn 0.7136 0.6214 -0.3235
vn 0.5640 0.7416 -0.3633
vn -0.0725 -0.3938 -0.9163
vn 0.7673 -0.1817 -0.6150
vn 0.9594 0.0790 -0.2707
vn -0.5501 0.7369 -0.3928
vn -0.6820 -0.5221 0.5121
vn 0.8242 -0.5338 0.1890
vn 0.1839 0.7837 -0.5933
vn -0.9837 0.0829 0.1598
vn 0.1940 -0.8255 0.5300
vn 0.8986 0.2374 -0.3689
vn -0.7008 0.6486 -0.2970
vn -0.5339 -0.6354 0.5578
vn 0.9148 -0.3971 0.0735
vn -0.0049 0.8185 -0.5746
vn -0.9600 -0.0809 0.2680
vn 0.3785 -0.7973 0.4701
vn 0.8043 0.3853 -0.4524
vn -0.8242 0.5338 -0.1890
vn -0.3665 -0.7250 0.5831
vn 0.9685 -0.2449 -0.0450
vn -0.1949 0.8227 -0.5340
vn -0.8995 -0.2401 0.3649
vn 0.5498 -0.7379 0.3913
vn 0.6806 0.5178 -0.5183
vn -0.9148 0.3971 -0.0736
vn -0.1852 -0.7881 0.5871
vn 0.9833 -0.0839 -0.1613
vn -0.3791 0.7955 -0.4728
vn -0.8055 -0.3889 0.4471
vn 0.7007 -0.6490 0.2964
vn 0.3650 0.7203 -0.5899
vn 0.5324 0.6307 -0.5646
vn -0.9686 0.2445 0.0444
vn -0.6653 0.5112 0.5440
vn -0.3981 -0.1100 0.9107
vn -0.0651 0.3522 -0.9337
vn 0.6599 -0.0862 -0.7464
vn -0.2473 -0.1934 0.9494
vn -0.2256 0.4160 -0.8809
vn 0.5339 0.0099 -0.8455
vn -0.0899 -0.2702 0.9586
vn -0.3847 0.4662 -0.7966
vn 0.3952 0.1040 -0.9127
vn 0.0714 -0.3393 0.9380
vn -0.5369 0.4998 -0.6796
vn 0.2475 0.1938 -0.9493
vn 0.2339 -0.3993 0.8865
vn -0.6744 0.5138 -0.5302
vn 0.3937 -0.4480 0.8027
vn -0.7878 0.5055 -0.3519
vn 0.5454 -0.4826 0.6853
vn -0.8675 0.4736 -0.1524
vn 0.6813 -0.4998 0.5348
vn -0.9061 0.4192 0.0564
vn 0.7922 -0.4964 0.3548
vn -0.9011 0.3463 0.2608
vn 0.8690 -0.4705 0.1534
vn -0.8551 0.2603 0.4484
vn 0.9046 -0.4223 -0.0574
vn -0.7743 0.1672 0.6103
vn 0.8970 -0.3548 -0.2636
vn -0.6667 0.0723 0.7419
vn 0.8490 -0.2728 -0.4525
vn -0.5393 -0.0209 0.8419
vn 0.0934 0.2773 -0.9562
vn 0.0817 0.8933 0.4419
vn 0.8961 -0.3754 -0.2369
vn -0.5341 0.4835 0.6935
vn 0.8226 -0.3754 -0.4270
vn -0.3817 0.4408 0.8124
vn 0.7183 -0.3545 -0.5986
vn -0.2151 0.3848 0.8976
vn -0.2038 0.0441 -0.9780
vn 0.5892 -0.3146 -0.7442
vn -0.0413 0.3176 0.9473
vn -0.3578 0.1247 -0.9254
vn 0.4423 -0.2589 -0.8587
vn 0.1335 0.2413 0.9612
vn -0.5011 0.2032 -0.8412
vn 0.2843 -0.1916 -0.9394
vn 0.3036 0.1585 0.9395
vn -0.6288 0.2778 -0.7262
vn 0.1209 -0.1165 -0.9858
vn 0.4636 0.0716 0.8832
vn -0.7354 0.3466 -0.5823
vn -0.0431 -0.0370 -0.9984
vn 0.6083 -0.0166 0.7936
vn -0.8145 0.4075 -0.4130
vn 0.7326 -0.1028 0.6728
vn -0.8603 0.4579 -0.2243
vn 0.8317 -0.1836 0.5240
vn -0.8685 0.4951 -0.0245
vn 0.9007 -0.2550 0.3517
vn -0.8375 0.5171 0.1767
vn 0.9358 -0.3131 0.1620
vn -0.7684 0.5226 0.3693
vn 0.9344 -0.3541 -0.0373
vn 0.2588 0.7759 -0.5754
vn -0.3260 0.0005 -0.9454
vn 0.4814 -0.2005 -0.8533
vn 0.2496 0.8515 0.4611
vn -0.4605 0.0917 -0.8829
vn 0.3228 -0.2007 -0.9249
vn 0.4125 0.7907 0.4523
vn -0.5727 0.1931 -0.7967
vn 0.1563 -0.1796 -0.9712
vn 0.5641 0.7132 0.4160
vn -0.6583 0.3007 -0.6901
vn -0.0115 -0.1378 -0.9904
vn 0.6986 0.6221 0.3536
vn -0.7141 0.4105 -0.5671
vn -0.1744 -0.0770 -0.9817
vn 0.8108 0.5207 0.2674
vn -0.7378 0.5183 -0.4324
vn 0.8964 0.4131 0.1607
vn -0.7286 0.6198 -0.2914
vn 0.9522 0.3032 0.0377
vn -0.6869 0.7113 -0.1493
vn 0.9759 0.1955 -0.0969
vn -0.6141 0.7891 -0.0116
vn 0.9667 0.0939 -0.2380
vn -0.5132 0.8503 0.1163
vn 0.9250 0.0025 -0.3801
vn -0.3880 0.8926 0.2296
vn 0.8522 -0.0754 -0.5177
vn -0.2433 0.9143 0.3239
vn 0.7513 -0.1366 -0.6457
vn -0.0847 0.9145 0.3956
vn 0.6261 -0.1788 -0.7590
vt 1.000000 0.500000
vt 1.000000 1.000000
vt 0.968750 1.000000
vt 0.968750 0.500000
vt 0.937500 1.000000
vt 0.937500 0.500000
vt 0.906250 1.000000
vt 0.906250 0.500000
vt 0.875000 1.000000
vt 0.875000 0.500000
vt 0.843750 1.000000
vt 0.843750 0.500000
vt 0.812500 1.000000
vt 0.812500 0.500000
vt 0.781250 1.000000
vt 0.781250 0.500000
vt 0.750000 1.000000
vt 0.750000 0.500000
vt 0.718750 1.000000
vt 0.718750 0.500000
vt 0.687500 1.000000
vt 0.687500 0.500000
vt 0.656250 1.000000
vt 0.656250 0.500000
vt 0.625000 1.000000
vt 0.625000 0.500000
vt 0.593750 1.000000
vt 0.593750 0.500000
vt 0.562500 1.000000
vt 0.562500 0.500000
vt 0.531250 1.000000
vt 0.531250 0.500000
vt 0.500000 1.000000
vt 0.500000 0.500000
vt 0.468750 1.000000
vt 0.468750 0.500000
vt 0.437500 1.000000
vt 0.437500 0.500000
vt 0.406250 1.000000
vt 0.406250 0.500000
vt 0.375000 1.000000
vt 0.375000 0.500000
vt 0.343750 1.000000
vt 0.343750 0.500000
vt 0.312500 1.000000
vt 0.312500 0.500000
vt 0.281250 1.000000
vt 0.281250 0.500000
vt 0.250000 1.000000
vt 0.250000 0.500000
vt 0.218750 1.000000
vt 0.218750 0.500000
vt 0.187500 1.000000
vt 0.187500 0.500000
vt 0.156250 1.000000
vt 0.156250 0.500000
vt 0.125000 1.000000
vt 0.125000 0.500000
vt 0.093750 1.000000
vt 0.093750 0.500000
vt 0.062500 1.000000
vt 0.062500 0.500000
vt 0.031250 1.000000
vt 0.031250 0.500000
vt 0.000000 1.000000
vt 0.000000 0.500000
vt 0.750000 0.490000
vt 0.796822 0.485388
vt 0.841844 0.471731
vt 0.883337 0.449553
vt 0.919706 0.419706
vt 0.949553 0.383337
vt 0.971731 0.341844
vt 0.985388 0.296822
vt 0.990000 0.250000
vt 0.985388 0.203178
vt 0.971731 0.158156
vt 0.949553 0.116663
vt 0.919706 0.080294
vt 0.883337 0.050447
vt 0.841844 0.028269
vt 0.796822 0.014612
vt 0.750000 0.010000
vt 0.703178 0.014612
vt 0.658156 0.028269
vt 0.616663 0.050447
vt 0.580294 0.080294
vt 0.550447 0.116663
vt 0.528269 0.158156
vt 0.514612 0.203178
vt 0.510000 0.250000
vt 0.514612 0.296822
vt 0.528269 0.341844
vt 0.550447 0.383337
vt 0.580294 0.419706
vt 0.616663 0.449553
vt 0.658156 0.471731
vt 0.703178 0.485388
vt 0.296822 0.485388
vt 0.250000 0.490000
vt 0.203178 0.485388
vt 0.158156 0.471731
vt 0.116663 0.449553
vt 0.080294 0.419706
vt 0.050447 0.383337
vt 0.028269 0.341844
vt 0.014612 0.296822
vt 0.010000 0.250000
vt 0.014612 0.203178
vt 0.028269 0.158156
vt 0.050447 0.116663
vt 0.080294 0.080294
vt 0.116663 0.050447
vt 0.158156 0.028269
vt 0.203178 0.014612
vt 0.250000 0.010000
vt 0.296822 0.014612
vt 0.341844 0.028269
vt 0.383337 0.050447
vt 0.419706 0.080294
vt 0.449553 0.116663
vt 0.471731 0.158156
vt 0.485388 0.203178
vt 0.490000 0.250000
vt 0.485388 0.296822
vt 0.471731 0.341844
vt 0.449553 0.383337
vt 0.419706 0.419706
vt 0.383337 0.449553
vt 0.341844 0.471731
s 0
usemtl Material.002
f 1813/847/1898 1815/850/1898 1816/849/1898 1814/848/1898
f 1815/850/1899 1817/852/1899 1818/851/1899 1816/849/1899
f 1817/852/1900 1819/854/1900 1820/853/1900 1818/851/1900
f 1819/854/1901 1821/856/1901 1822/855/1901 1820/853/1901
f 1821/856/1902 1823/858/1902 1824/857/1902 1822/855/1902
f 1823/858/1903 1825/860/1903 1826/859/1903 1824/857/1903
f 1825/860/1904 1827/862/1904 1828/861/1904 1826/859/1904
f 1827/862/1905 1829/864/1905 1830/863/1905 1828/861/1905
f 1829/864/1906 1831/866/1906 1832/865/1906 1830/863/1906
f 1831/866/1907 1833/868/1907 1834/867/1907 1832/865/1907
f 1833/868/1908 1835/870/1908 1836/869/1908 1834/867/1908
f 1835/870/1909 1837/872/1909 1838/871/1909 1836/869/1909
f 1837/872/1910 1839/874/1910 1840/873/1910 1838/871/1910
f 1839/874/1911 1841/876/1911 1842/875/1911 1840/873/1911
f 1841/876/1912 1843/878/1912 1844/877/1912 1842/875/1912
f 1843/878/1913 1845/880/1913 1846/879/1913 1844/877/1913
f 1845/880/1914 1847/882/1914 1848/881/1914 1846/879/1914
f 1847/882/1915 1849/884/1915 1850/883/1915 1848/881/1915
f 1849/884/1916 1851/886/1916 1852/885/1916 1850/883/1916
f 1851/886/1917 1853/888/1917 1854/887/1917 1852/885/1917
f 1853/888/1918 1855/890/1918 1856/889/1918 1854/887/1918
f 1855/890/1919 1857/892/1919 1858/891/1919 1856/889/1919
f 1857/892/1920 1859/894/1920 1860/893/1920 1858/891/1920
f 1859/894/1921 1861/896/1921 1862/895/1921 1860/893/1921
f 1861/896/1922 1863/898/1922 1864/897/1922 1862/895/1922
f 1863/898/1923 1865/900/1923 1866/899/1923 1864/897/1923
f 1865/900/1924 1867/902/1924 1868/901/1924 1866/899/1924
f 1867/902/1925 1869/904/1925 1870/903/1925 1868/901/1925
f 1869/904/1926 1871/906/1926 1872/905/1926 1870/903/1926
f 1871/906/1927 1873/908/1927 1874/907/1927 1872/905/1927
f 1852/885/1928 1896/885/1928 1895/883/1928 1850/883/1928
f 1873/908/1929 1875/910/1929 1876/909/1929 1874/907/1929
f 1875/910/1930 1813/912/1930 1814/911/1930 1876/909/1930
f 1813/913/1931 1875/944/1931 1873/943/1931 1871/942/1931 1869/941/1931 1867/940/1931 1865/939/1931 1863/938/1931 1861/937/1931 1859/936/1931 1857/935/1931 1855/934/1931 1853/933/1931 1851/932/1931 1849/931/1931 1847/930/1931 1845/929/1931 1843/928/1931 1841/927/1931 1839/926/1931 1837/925/1931 1835/924/1931 1833/923/1931 1831/922/1931 1829/921/1931 1827/920/1931 1825/919/1931 1823/918/1931 1821/917/1931 1819/916/1931 1817/915/1931 1815/914/1931
f 1905/903/1932 1937/903/1932 1936/901/1932 1904/901/1932
f 1870/903/1933 1905/903/1933 1904/901/1933 1868/901/1933
f 1826/859/1934 1883/859/1934 1882/857/1934 1824/857/1934
f 1844/877/1935 1892/877/1935 1891/875/1935 1842/875/1935
f 1862/895/1936 1901/895/1936 1900/893/1936 1860/893/1936
f 1818/851/1937 1879/851/1937 1877/849/1937 1816/849/1937
f 1836/869/1938 1888/869/1938 1887/867/1938 1834/867/1938
f 1854/887/1939 1897/887/1939 1896/885/1939 1852/885/1939
f 1872/905/1940 1906/905/1940 1905/903/1940 1870/903/1940
f 1828/861/1941 1884/861/1941 1883/859/1941 1826/859/1941
f 1846/879/1942 1893/879/1942 1892/877/1942 1844/877/1942
f 1864/897/1943 1902/897/1943 1901/895/1943 1862/895/1943
f 1820/853/1944 1880/853/1944 1879/851/1944 1818/851/1944
f 1838/871/1945 1889/871/1945 1888/869/1945 1836/869/1945
f 1856/889/1946 1898/889/1946 1897/887/1946 1854/887/1946
f 1874/907/1947 1907/907/1947 1906/905/1947 1872/905/1947
f 1830/863/1948 1885/863/1948 1884/861/1948 1828/861/1948
f 1848/881/1949 1894/881/1949 1893/879/1949 1846/879/1949
f 1866/899/1950 1903/899/1950 1902/897/1950 1864/897/1950
f 1822/855/1951 1881/855/1951 1880/853/1951 1820/853/1951
f 1840/873/1952 1890/873/1952 1889/871/1952 1838/871/1952
f 1858/891/1953 1899/891/1953 1898/889/1953 1856/889/1953
f 1876/909/1954 1908/909/1954 1907/907/1954 1874/907/1954
f 1832/865/1955 1886/865/1955 1885/863/1955 1830/863/1955
f 1850/883/1956 1895/883/1956 1894/881/1956 1848/881/1956
f 1868/901/1957 1904/901/1957 1903/899/1957 1866/899/1957
f 1824/857/1958 1882/857/1958 1881/855/1958 1822/855/1958
f 1842/875/1959 1891/875/1959 1890/873/1959 1840/873/1959
f 1860/893/1960 1900/893/1960 1899/891/1960 1858/891/1960
f 1816/849/1961 1877/849/1961 1878/848/1961 1814/848/1961
f 1814/911/1962 1878/911/1962 1908/909/1962 1876/909/1962
f 1834/867/1963 1887/867/1963 1886/865/1963 1832/865/1963
f 1920/869/1964 1952/869/1964 1951/867/1964 1919/867/1964
f 1892/877/1965 1924/877/1965 1923/875/1965 1891/875/1965
f 1879/851/1966 1911/851/1966 1909/849/1966 1877/849/1966
f 1906/905/1967 1938/905/1967 1937/903/1967 1905/903/1967
f 1893/879/1968 1925/879/1968 1924/877/1968 1892/877/1968
f 1880/853/1969 1912/853/1969 1911/851/1969 1879/851/1969
f 1907/907/1970 1939/907/1970 1938/905/1970 1906/905/1970
f 1894/881/1971 1926/881/1971 1925/879/1971 1893/879/1971
f 1881/855/1972 1913/855/1972 1912/853/1972 1880/853/1972
f 1908/909/1973 1940/909/1973 1939/907/1973 1907/907/1973
f 1895/883/1974 1927/883/1974 1926/881/1974 1894/881/1974
f 1882/857/1975 1914/857/1975 1913/855/1975 1881/855/1975
f 1878/911/1976 1910/911/1976 1940/909/1976 1908/909/1976
f 1896/885/1977 1928/885/1977 1927/883/1977 1895/883/1977
f 1883/859/1978 1915/859/1978 1914/857/1978 1882/857/1978
f 1897/887/1979 1929/887/1979 1928/885/1979 1896/885/1979
f 1884/861/1980 1916/861/1980 1915/859/1980 1883/859/1980
f 1898/889/1981 1930/889/1981 1929/887/1981 1897/887/1981
f 1885/863/1982 1917/863/1982 1916/861/1982 1884/861/1982
f 1899/891/1983 1931/891/1983 1930/889/1983 1898/889/1983
f 1886/865/1984 1918/865/1984 1917/863/1984 1885/863/1984
f 1900/893/1985 1932/893/1985 1931/891/1985 1899/891/1985
f 1887/867/1986 1919/867/1986 1918/865/1986 1886/865/1986
f 1901/895/1987 1933/895/1987 1932/893/1987 1900/893/1987
f 1888/869/1988 1920/869/1988 1919/867/1988 1887/867/1988
f 1902/897/1989 1934/897/1989 1933/895/1989 1901/895/1989
f 1889/871/1990 1921/871/1990 1920/869/1990 1888/869/1990
f 1903/899/1991 1935/899/1991 1934/897/1991 1902/897/1991
f 1890/873/1992 1922/873/1992 1921/871/1992 1889/871/1992
f 1904/901/1993 1936/901/1993 1935/899/1993 1903/899/1993
f 1891/875/1994 1923/875/1994 1922/873/1994 1890/873/1994
f 1877/849/1995 1909/849/1995 1910/848/1995 1878/848/1995
f 1955/875/1996 1987/875/1996 1986/873/1996 1954/873/1996
f 1934/897/1997 1966/897/1997 1965/895/1997 1933/895/1997
f 1921/871/1998 1953/871/1998 1952/869/1998 1920/869/1998
f 1935/899/1999 1967/899/1999 1966/897/1999 1934/897/1999
f 1922/873/2000 1954/873/2000 1953/871/2000 1921/871/2000
f 1936/901/2001 1968/901/2001 1967/899/2001 1935/899/2001
f 1923/875/2002 1955/875/2002 1954/873/2002 1922/873/2002
f 1909/849/2003 1941/849/2003 1942/848/2003 1910/848/2003
f 1937/903/2004 1969/903/2004 1968/901/2004 1936/901/2004
f 1924/877/2005 1956/877/2005 1955/875/2005 1923/875/2005
f 1911/851/2006 1943/851/2006 1941/849/2006 1909/849/2006
f 1938/905/2007 1970/905/2007 1969/903/2007 1937/903/2007
f 1925/879/2008 1957/879/2008 1956/877/2008 1924/877/2008
f 1912/853/2009 1944/853/2009 1943/851/2009 1911/851/2009
f 1939/907/2010 1971/907/2010 1970/905/2010 1938/905/2010
f 1926/881/2011 1958/881/2011 1957/879/2011 1925/879/2011
f 1913/855/2012 1945/855/2012 1944/853/2012 1912/853/2012
f 1940/909/2013 1972/909/2013 1971/907/2013 1939/907/2013
f 1927/883/2014 1959/883/2014 1958/881/2014 1926/881/2014
f 1914/857/2015 1946/857/2015 1945/855/2015 1913/855/2015
f 1910/911/2016 1942/911/2016 1972/909/2016 1940/909/2016
f 1928/885/2017 1960/885/2017 1959/883/2017 1927/883/2017
f 1915/859/2018 1947/859/2018 1946/857/2018 1914/857/2018
f 1929/887/2019 1961/887/2019 1960/885/2019 1928/885/2019
f 1916/861/2020 1948/861/2020 1947/859/2020 1915/859/2020
f 1930/889/2021 1962/889/2021 1961/887/2021 1929/887/2021
f 1917/863/2022 1949/863/2022 1948/861/2022 1916/861/2022
f 1931/891/2023 1963/891/2023 1962/889/2023 1930/889/2023
f 1918/865/2024 1950/865/2024 1949/863/2024 1917/863/2024
f 1932/893/2025 1964/893/2025 1963/891/2025 1931/891/2025
f 1919/867/2026 1951/867/2026 1950/865/2026 1918/865/2026
f 1933/895/2027 1965/895/2027 1964/893/2027 1932/893/2027
f 1973/945/2028 1975/976/2028 1976/975/2028 1977/974/2028 1978/973/2028 1979/972/2028 1980/971/2028 1981/970/2028 1982/969/2028 1983/968/2028 1984/967/2028 1985/966/2028 1986/965/2028 1987/964/2028 1988/963/2028 1989/962/2028 1990/961/2028 1991/960/2028 1992/959/2028 1993/958/2028 1994/957/2028 1995/956/2028 1996/955/2028 1997/954/2028 1998/953/2028 1999/952/2028 2000/951/2028 2001/950/2028 2002/949/2028 2003/948/2028 2004/947/2028 1974/946/2028
f 1941/849/2029 1973/849/2029 1974/848/2029 1942/848/2029
f 1969/903/2030 2001/903/2030 2000/901/2030 1968/901/2030
f 1956/877/2031 1988/877/2031 1987/875/2031 1955/875/2031
f 1943/851/2032 1975/851/2032 1973/849/2032 1941/849/2032
f 1970/905/2033 2002/905/2033 2001/903/2033 1969/903/2033
f 1957/879/2034 1989/879/2034 1988/877/2034 1956/877/2034
f 1944/853/2035 1976/853/2035 1975/851/2035 1943/851/2035
f 1971/907/2036 2003/907/2036 2002/905/2036 1970/905/2036
f 1958/881/2037 1990/881/2037 1989/879/2037 1957/879/2037
f 1945/855/2038 1977/855/2038 1976/853/2038 1944/853/2038
f 1972/909/2039 2004/909/2039 2003/907/2039 1971/907/2039
f 1959/883/2040 1991/883/2040 1990/881/2040 1958/881/2040
f 1946/857/2041 1978/857/2041 1977/855/2041 1945/855/2041
f 1942/911/2042 1974/911/2042 2004/909/2042 1972/909/2042
f 1960/885/2043 1992/885/2043 1991/883/2043 1959/883/2043
f 1947/859/2044 1979/859/2044 1978/857/2044 1946/857/2044
f 1961/887/2045 1993/887/2045 1992/885/2045 1960/885/2045
f 1948/861/2046 1980/861/2046 1979/859/2046 1947/859/2046
f 1962/889/2047 1994/889/2047 1993/887/2047 1961/887/2047
f 1949/863/2048 1981/863/2048 1980/861/2048 1948/861/2048
f 1963/891/2049 1995/891/2049 1994/889/2049 1962/889/2049
f 1950/865/2050 1982/865/2050 1981/863/2050 1949/863/2050
f 1964/893/2051 1996/893/2051 1995/891/2051 1963/891/2051
f 1951/867/2052 1983/867/2052 1982/865/2052 1950/865/2052
f 1965/895/2053 1997/895/2053 1996/893/2053 1964/893/2053
f 1952/869/2054 1984/869/2054 1983/867/2054 1951/867/2054
f 1966/897/2055 1998/897/2055 1997/895/2055 1965/895/2055
f 1953/871/2056 1985/871/2056 1984/869/2056 1952/869/2056
f 1967/899/2057 1999/899/2057 1998/897/2057 1966/897/2057
f 1954/873/2058 1986/873/2058 1985/871/2058 1953/871/2058
f 1968/901/2059 2000/901/2059 1999/899/2059 1967/899/2059
o right_antler
v -0.362721 1.551828 0.162016
v -0.383331 1.663837 0.422646
v -0.337161 1.562645 0.159388
v -0.357771 1.674654 0.420019
v -0.309956 1.568722 0.158928
v -0.330566 1.680730 0.419559
v -0.282153 1.569825 0.160653
v -0.302763 1.681834 0.421283
v -0.254819 1.565912 0.164496
v -0.275429 1.677921 0.425126
v -0.229005 1.557133 0.170310
v -0.249615 1.669142 0.430940
v -0.205703 1.543826 0.177871
v -0.226313 1.655835 0.438502
v -0.185808 1.526503 0.186889
v -0.206418 1.638512 0.447520
v -0.170086 1.505828 0.197018
v -0.190696 1.617837 0.457648
v -0.159139 1.482597 0.207867
v -0.179749 1.594606 0.468498
v -0.153390 1.457702 0.219021
v -0.174000 1.569711 0.479651
v -0.153058 1.432100 0.230050
v -0.173668 1.544109 0.490681
v -0.158157 1.406774 0.240531
v -0.178767 1.518783 0.501161
v -0.168491 1.382699 0.250060
v -0.189101 1.494707 0.510691
v -0.183662 1.360798 0.258273
v -0.204272 1.472807 0.518903
v -0.203088 1.341915 0.264852
v -0.223698 1.453924 0.525482
v -0.226021 1.326774 0.269545
v -0.246631 1.438783 0.530176
v -0.251581 1.315957 0.272173
v -0.272191 1.427966 0.532803
v -0.278786 1.309881 0.272633
v -0.299396 1.421890 0.533263
v -0.306589 1.308778 0.270908
v -0.327199 1.420786 0.531539
v -0.333923 1.312690 0.267065
v -0.354533 1.424699 0.527696
v -0.359737 1.321469 0.261251
v -0.380347 1.433478 0.521882
v -0.383039 1.334776 0.253690
v -0.403649 1.446785 0.514320
v -0.402934 1.352099 0.244672
v -0.423544 1.464108 0.505302
v -0.418656 1.372774 0.234543
v -0.439266 1.484783 0.495174
v -0.429603 1.396005 0.223694
v -0.450213 1.508014 0.484324
v -0.435352 1.420900 0.212540
v -0.455962 1.532909 0.473170
v -0.435684 1.446503 0.201511
v -0.456294 1.558511 0.462141
v -0.430585 1.471828 0.191030
v -0.451195 1.583837 0.451661
v -0.420251 1.495904 0.181501
v -0.440861 1.607913 0.442131
v -0.405080 1.517804 0.173288
v -0.425690 1.629813 0.433919
v -0.385654 1.536687 0.166709
v -0.406264 1.648696 0.427340
v -0.388571 1.770624 0.556277
v -0.413932 1.759169 0.557961
v -0.361958 1.778593 0.558610
v -0.335114 1.782768 0.564871
v -0.309071 1.782989 0.574819
v -0.284831 1.779249 0.588072
v -0.263324 1.771690 0.604121
v -0.245378 1.760603 0.622348
v -0.231682 1.746414 0.642053
v -0.222761 1.729669 0.662480
v -0.218960 1.711010 0.682843
v -0.220424 1.691156 0.702359
v -0.227096 1.670868 0.720279
v -0.238721 1.650927 0.735913
v -0.254852 1.632099 0.748662
v -0.274869 1.615108 0.758035
v -0.298002 1.600605 0.763671
v -0.323362 1.589150 0.765355
v -0.349976 1.581182 0.763022
v -0.376820 1.577006 0.756761
v -0.402862 1.576785 0.746813
v -0.427103 1.580525 0.733560
v -0.448609 1.588084 0.717511
v -0.466556 1.599171 0.699284
v -0.480252 1.613360 0.679579
v -0.489173 1.630105 0.659152
v -0.492974 1.648764 0.638789
v -0.491510 1.668618 0.619273
v -0.484837 1.688906 0.601353
v -0.473212 1.708847 0.585719
v -0.457082 1.727675 0.572970
v -0.437065 1.744666 0.563597
v -0.441121 1.929530 0.610020
v -0.465871 1.917236 0.606342
v -0.417918 1.942159 0.618929
v -0.397153 1.954636 0.632726
v -0.379625 1.966483 0.650882
v -0.366006 1.977243 0.672699
v -0.356821 1.986505 0.697338
v -0.352422 1.993910 0.723853
v -0.352979 1.999176 0.751224
v -0.358469 2.002100 0.778400
v -0.368682 2.002569 0.804336
v -0.383226 2.000565 0.828036
v -0.401541 1.996166 0.848589
v -0.422924 1.989539 0.865205
v -0.446553 1.980941 0.877245
v -0.471520 1.970701 0.884248
v -0.496866 1.959214 0.885942
v -0.521615 1.946919 0.882265
v -0.544819 1.934291 0.873356
v -0.565583 1.921814 0.859559
v -0.583112 1.909967 0.841403
v -0.596730 1.899207 0.819586
v -0.605915 1.889945 0.794947
v -0.610314 1.882540 0.768432
v -0.609758 1.877274 0.741061
v -0.604267 1.874350 0.713885
v -0.594054 1.873881 0.687948
v -0.579510 1.875885 0.664248
v -0.561195 1.880284 0.643696
v -0.539812 1.886910 0.627080
v -0.516183 1.895509 0.615039
v -0.491216 1.905748 0.608037
v -0.559328 2.206859 0.599934
v -0.577800 2.195969 0.593558
v -0.543398 2.219291 0.609533
v -0.530623 2.232788 0.621986
v -0.521494 2.246831 0.636816
v -0.516361 2.260880 0.653451
v -0.515421 2.274395 0.671253
v -0.518711 2.286858 0.689537
v -0.526105 2.297788 0.707601
v -0.537317 2.306766 0.724752
v -0.551918 2.313447 0.740328
v -0.569346 2.317575 0.753733
v -0.588931 2.318990 0.764450
v -0.609921 2.317638 0.772069
v -0.631510 2.313571 0.776296
v -0.652866 2.306946 0.776968
v -0.673171 2.298018 0.774061
v -0.691643 2.287127 0.767685
v -0.707572 2.274695 0.758086
v -0.720347 2.261198 0.745632
v -0.729477 2.247156 0.730803
v -0.734610 2.233107 0.714168
v -0.735550 2.219591 0.696366
v -0.732260 2.207129 0.678081
v -0.724866 2.196199 0.660017
v -0.713654 2.187221 0.642867
v -0.699053 2.180539 0.627290
v -0.681625 2.176412 0.613886
v -0.662039 2.174997 0.603168
v -0.641049 2.176348 0.595550
v -0.619461 2.180415 0.591323
v -0.598104 2.187040 0.590650
v -0.675625 2.405798 0.559941
v -0.676617 2.405214 0.559598
v -0.674770 2.406466 0.560456
v -0.674084 2.407190 0.561124
v -0.673594 2.407943 0.561920
v -0.673319 2.408698 0.562813
v -0.673268 2.409423 0.563768
v -0.673445 2.410092 0.564750
v -0.673842 2.410679 0.565719
v -0.674444 2.411160 0.566640
v -0.675227 2.411519 0.567476
v -0.676163 2.411741 0.568195
v -0.677214 2.411817 0.568771
v -0.678341 2.411744 0.569180
v -0.679499 2.411526 0.569406
v -0.680646 2.411170 0.569443
v -0.681735 2.410691 0.569286
v -0.682727 2.410106 0.568944
v -0.683582 2.409439 0.568429
v -0.684268 2.408715 0.567761
v -0.684758 2.407961 0.566965
v -0.685033 2.407207 0.566072
v -0.685084 2.406482 0.565116
v -0.684907 2.405813 0.564135
v -0.684510 2.405226 0.563165
v -0.683908 2.404744 0.562245
v -0.683125 2.404386 0.561409
v -0.682189 2.404164 0.560689
v -0.681138 2.404088 0.560114
v -0.680011 2.404160 0.559705
v -0.678853 2.404379 0.559478
v -0.677706 2.404734 0.559442
vn -0.3926 0.8333 -0.3892
vn -0.2062 0.8930 -0.4001
vn -0.0119 0.9183 -0.3956
vn 0.1829 0.9084 -0.3759
vn 0.3707 0.8636 -0.3418
vn 0.5442 0.7856 -0.2946
vn 0.6968 0.6773 -0.2360
vn 0.8226 0.5431 -0.1684
vn 0.9168 0.3880 -0.0942
vn 0.9758 0.2180 -0.0165
vn 0.9973 0.0396 0.0619
vn 0.9805 -0.1404 0.1379
vn 0.9259 -0.3149 0.2085
vn 0.8358 -0.4773 0.2712
vn 0.7136 -0.6214 0.3235
vn 0.5640 -0.7416 0.3633
vn 0.3926 -0.8333 0.3892
vn 0.2062 -0.8930 0.4001
vn 0.0119 -0.9183 0.3956
vn -0.1829 -0.9084 0.3759
vn -0.3707 -0.8636 0.3418
vn -0.5442 -0.7856 0.2946
vn -0.6968 -0.6773 0.2360
vn -0.8226 -0.5431 0.1684
vn -0.9168 -0.3880 0.0942
vn -0.9758 -0.2180 0.0165
vn -0.9973 -0.0396 -0.0619
vn -0.9805 0.1404 -0.1379
vn -0.9259 0.3149 -0.2085
vn -0.8358 0.4773 -0.2712
vn -0.0038 -0.8221 0.5693
vn -0.7136 0.6214 -0.3235
vn -0.5640 0.7416 -0.3633
vn 0.0725 -0.3938 -0.9163
vn -0.7673 -0.1817 -0.6150
vn -0.9594 0.0790 -0.2707
vn 0.5501 0.7369 -0.3928
vn 0.6820 -0.5221 0.5121
vn -0.8242 -0.5338 0.1890
vn -0.1839 0.7837 -0.5933
vn 0.9837 0.0829 0.1598
vn -0.1940 -0.8255 0.5300
vn -0.8986 0.2374 -0.3689
vn 0.7008 0.6486 -0.2970
vn 0.5339 -0.6354 0.5578
vn -0.9148 -0.3971 0.0735
vn 0.0049 0.8185 -0.5746
vn 0.9600 -0.0809 0.2680
vn -0.3785 -0.7973 0.4701
vn -0.8043 0.3853 -0.4524
vn 0.8242 0.5338 -0.1890
vn 0.3665 -0.7250 0.5831
vn -0.9685 -0.2449 -0.0450
vn 0.1949 0.8227 -0.5340
vn 0.8995 -0.2401 0.3649
vn -0.5498 -0.7379 0.3913
vn -0.6806 0.5178 -0.5183
vn 0.9148 0.3971 -0.0736
vn 0.1852 -0.7881 0.5871
vn -0.9833 -0.0839 -0.1613
vn 0.3791 0.7955 -0.4728
vn 0.8055 -0.3889 0.4471
vn -0.7007 -0.6490 0.2964
vn -0.3650 0.7203 -0.5899
vn -0.5324 0.6307 -0.5646
vn 0.9686 0.2445 0.0444
vn 0.6653 0.5112 0.5440
vn 0.3981 -0.1100 0.9107
vn 0.0651 0.3522 -0.9337
vn -0.6599 -0.0862 -0.7464
vn 0.2473 -0.1934 0.9494
vn 0.2256 0.4160 -0.8809
vn -0.5339 0.0099 -0.8455
vn 0.0899 -0.2702 0.9586
vn 0.3847 0.4662 -0.7966
vn -0.3952 0.1040 -0.9127
vn -0.0714 -0.3393 0.9380
vn 0.5369 0.4998 -0.6796
vn -0.2475 0.1938 -0.9493
vn -0.2339 -0.3993 0.8865
vn 0.6744 0.5138 -0.5302
vn -0.3937 -0.4480 0.8027
vn 0.7878 0.5055 -0.3519
vn -0.5454 -0.4826 0.6853
vn 0.8675 0.4736 -0.1524
vn -0.6813 -0.4998 0.5348
vn 0.9061 0.4192 0.0564
vn -0.7922 -0.4964 0.3548
vn 0.9011 0.3463 0.2608
vn -0.8690 -0.4705 0.1534
vn 0.8551 0.2603 0.4484
vn -0.9046 -0.4223 -0.0574
vn 0.7743 0.1672 0.6103
vn -0.8970 -0.3548 -0.2636
vn 0.6667 0.0723 0.7419
vn -0.8490 -0.2728 -0.4525
vn 0.5393 -0.0209 0.8419
vn -0.0934 0.2773 -0.9562
vn -0.0817 0.8933 0.4419
vn -0.8961 -0.3754 -0.2369
vn 0.5341 0.4835 0.6935
vn -0.8226 -0.3754 -0.4270
vn 0.3817 0.4408 0.8124
vn -0.7183 -0.3545 -0.5986
vn 0.2151 0.3848 0.8976
vn 0.2038 0.0441 -0.9780
vn -0.5892 -0.3146 -0.7442
vn 0.0413 0.3176 0.9473
vn 0.3578 0.1247 -0.9254
vn -0.4423 -0.2589 -0.8587
vn -0.1335 0.2413 0.9612
vn 0.5011 0.2032 -0.8412
vn -0.2843 -0.1916 -0.9394
vn -0.3036 0.1585 0.9395
vn 0.6288 0.2778 -0.7262
vn -0.1209 -0.1165 -0.9858
vn -0.4636 0.0716 0.8832
vn 0.7354 0.3466 -0.5823
vn 0.0431 -0.0370 -0.9984
vn -0.6083 -0.0166 0.7936
vn 0.8145 0.4075 -0.4130
vn -0.7326 -0.1028 0.6728
vn 0.8603 0.4579 -0.2243
vn -0.8317 -0.1836 0.5240
vn 0.8685 0.4951 -0.0245
vn -0.9007 -0.2550 0.3517
vn 0.8375 0.5171 0.1767
vn -0.9358 -0.3131 0.1620
vn 0.7684 0.5226 0.3693
vn -0.9344 -0.3541 -0.0373
vn -0.2588 0.7759 -0.5754
vn 0.3260 0.0005 -0.9454
vn -0.4814 -0.2005 -0.8533
vn -0.2496 0.8515 0.4611
vn 0.4605 0.0917 -0.8829
vn -0.3228 -0.2007 -0.9249
vn -0.4125 0.7907 0.4523
vn 0.5727 0.1931 -0.7967
vn -0.1563 -0.1796 -0.9712
vn -0.5641 0.7132 0.4160
vn 0.6583 0.3007 -0.6901
vn 0.0115 -0.1378 -0.9904
vn -0.6986 0.6221 0.3536
vn 0.7141 0.4105 -0.5671
vn 0.1744 -0.0770 -0.9817
vn -0.8108 0.5207 0.2674
vn 0.7378 0.5183 -0.4324
vn -0.8964 0.4131 0.1607
vn 0.7286 0.6198 -0.2914
vn -0.9522 0.3032 0.0377
vn 0.6869 0.7113 -0.1493
vn -0.9759 0.1955 -0.0969
vn 0.6141 0.7891 -0.0116
vn -0.9667 0.0939 -0.2380
vn 0.5132 0.8503 0.1163
vn -0.9250 0.0025 -0.3801
vn 0.3880 0.8926 0.2296
vn -0.8522 -0.0754 -0.5177
vn 0.2433 0.9143 0.3239
vn -0.7513 -0.1366 -0.6457
vn 0.0847 0.9145 0.3956
vn -0.6261 -0.1788 -0.7590
vt 1.000000 0.500000
vt 1.000000 1.000000
vt 0.968750 1.000000
vt 0.968750 0.500000
vt 0.937500 1.000000
vt 0.937500 0.500000
vt 0.906250 1.000000
vt 0.906250 0.500000
vt 0.875000 1.000000
vt 0.875000 0.500000
vt 0.843750 1.000000
vt 0.843750 0.500000
vt 0.812500 1.000000
vt 0.812500 0.500000
vt 0.781250 1.000000
vt 0.781250 0.500000
vt 0.750000 1.000000
vt 0.750000 0.500000
vt 0.718750 1.000000
vt 0.718750 0.500000
vt 0.687500 1.000000
vt 0.687500 0.500000
vt 0.656250 1.000000
vt 0.656250 0.500000
vt 0.625000 1.000000
vt 0.625000 0.500000
vt 0.593750 1.000000
vt 0.593750 0.500000
vt 0.562500 1.000000
vt 0.562500 0.500000
vt 0.531250 1.000000
vt 0.531250 0.500000
vt 0.500000 1.000000
vt 0.500000 0.500000
vt 0.468750 1.000000
vt 0.468750 0.500000
vt 0.437500 1.000000
vt 0.437500 0.500000
vt 0.406250 1.000000
vt 0.406250 0.500000
vt 0.375000 1.000000
vt 0.375000 0.500000
vt 0.343750 1.000000
vt 0.343750 0.500000
vt 0.312500 1.000000
vt 0.312500 0.500000
vt 0.281250 1.000000
vt 0.281250 0.500000
vt 0.250000 1.000000
vt 0.250000 0.500000
vt 0.218750 1.000000
vt 0.218750 0.500000
vt 0.187500 1.000000
vt 0.187500 0.500000
vt 0.156250 1.000000
vt 0.156250 0.500000
vt 0.125000 1.000000
vt 0.125000 0.500000
vt 0.093750 1.000000
vt 0.093750 0.500000
vt 0.062500 1.000000
vt 0.062500 0.500000
vt 0.031250 1.000000
vt 0.031250 0.500000
vt 0.000000 1.000000
vt 0.000000 0.500000
vt 0.750000 0.490000
vt 0.796822 0.485388
vt 0.841844 0.471731
vt 0.883337 0.449553
vt 0.919706 0.419706
vt 0.949553 0.383337
vt 0.971731 0.341844
vt 0.985388 0.296822
vt 0.990000 0.250000
vt 0.985388 0.203178
vt 0.971731 0.158156
vt 0.949553 0.116663
vt 0.919706 0.080294
vt 0.883337 0.050447
vt 0.841844 0.028269
vt 0.796822 0.014612
vt 0.750000 0.010000
vt 0.703178 0.014612
vt 0.658156 0.028269
vt 0.616663 0.050447
vt 0.580294 0.080294
vt 0.550447 0.116663
vt 0.528269 0.158156
vt 0.514612 0.203178
vt 0.510000 0.250000
vt 0.514612 0.296822
vt 0.528269 0.341844
vt 0.550447 0.383337
vt 0.580294 0.419706
vt 0.616663 0.449553
vt 0.658156 0.471731
vt 0.703178 0.485388
vt 0.296822 0.485388
vt 0.250000 0.490000
vt 0.203178 0.485388
vt 0.158156 0.471731
vt 0.116663 0.449553
vt 0.080294 0.419706
vt 0.050447 0.383337
vt 0.028269 0.341844
vt 0.014612 0.296822
vt 0.010000 0.250000
vt 0.014612 0.203178
vt 0.028269 0.158156
vt 0.050447 0.116663
vt 0.080294 0.080294
vt 0.116663 0.050447
vt 0.158156 0.028269
vt 0.203178 0.014612
vt 0.250000 0.010000
vt 0.296822 0.014612
vt 0.341844 0.028269
vt 0.383337 0.050447
vt 0.419706 0.080294
vt 0.449553 0.116663
vt 0.471731 0.158156
vt 0.485388 0.203178
vt 0.490000 0.250000
vt 0.485388 0.296822
vt 0.471731 0.341844
vt 0.449553 0.383337
vt 0.419706 0.419706
vt 0.383337 0.449553
vt 0.341844 0.471731
s 0
usemtl Material.003
f 2005/977/2060 2006/978/2060 2008/979/2060 2007/980/2060
f 2007/980/2061 2008/979/2061 2010/981/2061 2009/982/2061
f 2009/982/2062 2010/981/2062 2012/983/2062 2011/984/2062
f 2011/984/2063 2012/983/2063 2014/985/2063 2013/986/2063
f 2013/986/2064 2014/985/2064 2016/987/2064 2015/988/2064
f 2015/988/2065 2016/987/2065 2018/989/2065 2017/990/2065
f 2017/990/2066 2018/989/2066 2020/991/2066 2019/992/2066
f 2019/992/2067 2020/991/2067 2022/993/2067 2021/994/2067
f 2021/994/2068 2022/993/2068 2024/995/2068 2023/996/2068
f 2023/996/2069 2024/995/2069 2026/997/2069 2025/998/2069
f 2025/998/2070 2026/997/2070 2028/999/2070 2027/1000/2070
f 2027/1000/2071 2028/999/2071 2030/1001/2071 2029/1002/2071
f 2029/1002/2072 2030/1001/2072 2032/1003/2072 2031/1004/2072
f 2031/1004/2073 2032/1003/2073 2034/1005/2073 2033/1006/2073
f 2033/1006/2074 2034/1005/2074 2036/1007/2074 2035/1008/2074
f 2035/1008/2075 2036/1007/2075 2038/1009/2075 2037/1010/2075
f 2037/1010/2076 2038/1009/2076 2040/1011/2076 2039/1012/2076
f 2039/1012/2077 2040/1011/2077 2042/1013/2077 2041/1014/2077
f 2041/1014/2078 2042/1013/2078 2044/1015/2078 2043/1016/2078
f 2043/1016/2079 2044/1015/2079 2046/1017/2079 2045/1018/2079
f 2045/1018/2080 2046/1017/2080 2048/1019/2080 2047/1020/2080
f 2047/1020/2081 2048/1019/2081 2050/1021/2081 2049/1022/2081
f 2049/1022/2082 2050/1021/2082 2052/1023/2082 2051/1024/2082
f 2051/1024/2083 2052/1023/2083 2054/1025/2083 2053/1026/2083
f 2053/1026/2084 2054/1025/2084 2056/1027/2084 2055/1028/2084
f 2055/1028/2085 2056/1027/2085 2058/1029/2085 2057/1030/2085
f 2057/1030/2086 2058/1029/2086 2060/1031/2086 2059/1032/2086
f 2059/1032/2087 2060/1031/2087 2062/1033/2087 2061/1034/2087
f 2061/1034/2088 2062/1033/2088 2064/1035/2088 2063/1036/2088
f 2063/1036/2089 2064/1035/2089 2066/1037/2089 2065/1038/2089
f 2044/1015/2090 2042/1013/2090 2087/1013/2090 2088/1015/2090
f 2065/1038/2091 2066/1037/2091 2068/1039/2091 2067/1040/2091
f 2067/1040/2092 2068/1039/2092 2006/1041/2092 2005/1042/2092
f 2005/1043/2093 2007/1044/2093 2009/1045/2093 2011/1046/2093 2013/1047/2093 2015/1048/2093 2017/1049/2093 2019/1050/2093 2021/1051/2093 2023/1052/2093 2025/1053/2093 2027/1054/2093 2029/1055/2093 2031/1056/2093 2033/1057/2093 2035/1058/2093 2037/1059/2093 2039/1060/2093 2041/1061/2093 2043/1062/2093 2045/1063/2093 2047/1064/2093 2049/1065/2093 2051/1066/2093 2053/1067/2093 2055/1068/2093 2057/1069/2093 2059/1070/2093 2061/1071/2093 2063/1072/2093 2065/1073/2093 2067/1074/2093
f 2097/1033/2094 2096/1031/2094 2128/1031/2094 2129/1033/2094
f 2062/1033/2095 2060/1031/2095 2096/1031/2095 2097/1033/2095
f 2018/989/2096 2016/987/2096 2074/987/2096 2075/989/2096
f 2036/1007/2097 2034/1005/2097 2083/1005/2097 2084/1007/2097
f 2054/1025/2098 2052/1023/2098 2092/1023/2098 2093/1025/2098
f 2010/981/2099 2008/979/2099 2069/979/2099 2071/981/2099
f 2028/999/2100 2026/997/2100 2079/997/2100 2080/999/2100
f 2046/1017/2101 2044/1015/2101 2088/1015/2101 2089/1017/2101
f 2064/1035/2102 2062/1033/2102 2097/1033/2102 2098/1035/2102
f 2020/991/2103 2018/989/2103 2075/989/2103 2076/991/2103
f 2038/1009/2104 2036/1007/2104 2084/1007/2104 2085/1009/2104
f 2056/1027/2105 2054/1025/2105 2093/1025/2105 2094/1027/2105
f 2012/983/2106 2010/981/2106 2071/981/2106 2072/983/2106
f 2030/1001/2107 2028/999/2107 2080/999/2107 2081/1001/2107
f 2048/1019/2108 2046/1017/2108 2089/1017/2108 2090/1019/2108
f 2066/1037/2109 2064/1035/2109 2098/1035/2109 2099/1037/2109
f 2022/993/2110 2020/991/2110 2076/991/2110 2077/993/2110
f 2040/1011/2111 2038/1009/2111 2085/1009/2111 2086/1011/2111
f 2058/1029/2112 2056/1027/2112 2094/1027/2112 2095/1029/2112
f 2014/985/2113 2012/983/2113 2072/983/2113 2073/985/2113
f 2032/1003/2114 2030/1001/2114 2081/1001/2114 2082/1003/2114
f 2050/1021/2115 2048/1019/2115 2090/1019/2115 2091/1021/2115
f 2068/1039/2116 2066/1037/2116 2099/1037/2116 2100/1039/2116
f 2024/995/2117 2022/993/2117 2077/993/2117 2078/995/2117
f 2042/1013/2118 2040/1011/2118 2086/1011/2118 2087/1013/2118
f 2060/1031/2119 2058/1029/2119 2095/1029/2119 2096/1031/2119
f 2016/987/2120 2014/985/2120 2073/985/2120 2074/987/2120
f 2034/1005/2121 2032/1003/2121 2082/1003/2121 2083/1005/2121
f 2052/1023/2122 2050/1021/2122 2091/1021/2122 2092/1023/2122
f 2008/979/2123 2006/978/2123 2070/978/2123 2069/979/2123
f 2006/1041/2124 2068/1039/2124 2100/1039/2124 2070/1041/2124
f 2026/997/2125 2024/995/2125 2078/995/2125 2079/997/2125
f 2112/999/2126 2111/997/2126 2143/997/2126 2144/999/2126
f 2084/1007/2127 2083/1005/2127 2115/1005/2127 2116/1007/2127
f 2071/981/2128 2069/979/2128 2101/979/2128 2103/981/2128
f 2098/1035/2129 2097/1033/2129 2129/1033/2129 2130/1035/2129
f 2085/1009/2130 2084/1007/2130 2116/1007/2130 2117/1009/2130
f 2072/983/2131 2071/981/2131 2103/981/2131 2104/983/2131
f 2099/1037/2132 2098/1035/2132 2130/1035/2132 2131/1037/2132
f 2086/1011/2133 2085/1009/2133 2117/1009/2133 2118/1011/2133
f 2073/985/2134 2072/983/2134 2104/983/2134 2105/985/2134
f 2100/1039/2135 2099/1037/2135 2131/1037/2135 2132/1039/2135
f 2087/1013/2136 2086/1011/2136 2118/1011/2136 2119/1013/2136
f 2074/987/2137 2073/985/2137 2105/985/2137 2106/987/2137
f 2070/1041/2138 2100/1039/2138 2132/1039/2138 2102/1041/2138
f 2088/1015/2139 2087/1013/2139 2119/1013/2139 2120/1015/2139
f 2075/989/2140 2074/987/2140 2106/987/2140 2107/989/2140
f 2089/1017/2141 2088/1015/2141 2120/1015/2141 2121/1017/2141
f 2076/991/2142 2075/989/2142 2107/989/2142 2108/991/2142
f 2090/1019/2143 2089/1017/2143 2121/1017/2143 2122/1019/2143
f 2077/993/2144 2076/991/2144 2108/991/2144 2109/993/2144
f 2091/1021/2145 2090/1019/2145 2122/1019/2145 2123/1021/2145
f 2078/995/2146 2077/993/2146 2109/993/2146 2110/995/2146
f 2092/1023/2147 2091/1021/2147 2123/1021/2147 2124/1023/2147
f 2079/997/2148 2078/995/2148 2110/995/2148 2111/997/2148
f 2093/1025/2149 2092/1023/2149 2124/1023/2149 2125/1025/2149
f 2080/999/2150 2079/997/2150 2111/997/2150 2112/999/2150
f 2094/1027/2151 2093/1025/2151 2125/1025/2151 2126/1027/2151
f 2081/1001/2152 2080/999/2152 2112/999/2152 2113/1001/2152
f 2095/1029/2153 2094/1027/2153 2126/1027/2153 2127/1029/2153
f 2082/1003/2154 2081/1001/2154 2113/1001/2154 2114/1003/2154
f 2096/1031/2155 2095/1029/2155 2127/1029/2155 2128/1031/2155
f 2083/1005/2156 2082/1003/2156 2114/1003/2156 2115/1005/2156
f 2069/979/2157 2070/978/2157 2102/978/2157 2101/979/2157
f 2147/1005/2158 2146/1003/2158 2178/1003/2158 2179/1005/2158
f 2126/1027/2159 2125/1025/2159 2157/1025/2159 2158/1027/2159
f 2113/1001/2160 2112/999/2160 2144/999/2160 2145/1001/2160
f 2127/1029/2161 2126/1027/2161 2158/1027/2161 2159/1029/2161
f 2114/1003/2162 2113/1001/2162 2145/1001/2162 2146/1003/2162
f 2128/1031/2163 2127/1029/2163 2159/1029/2163 2160/1031/2163
f 2115/1005/2164 2114/1003/2164 2146/1003/2164 2147/1005/2164
f 2101/979/2165 2102/978/2165 2134/978/2165 2133/979/2165
f 2129/1033/2166 2128/1031/2166 2160/1031/2166 2161/1033/2166
f 2116/1007/2167 2115/1005/2167 2147/1005/2167 2148/1007/2167
f 2103/981/2168 2101/979/2168 2133/979/2168 2135/981/2168
f 2130/1035/2169 2129/1033/2169 2161/1033/2169 2162/1035/2169
f 2117/1009/2170 2116/1007/2170 2148/1007/2170 2149/1009/2170
f 2104/983/2171 2103/981/2171 2135/981/2171 2136/983/2171
f 2131/1037/2172 2130/1035/2172 2162/1035/2172 2163/1037/2172
f 2118/1011/2173 2117/1009/2173 2149/1009/2173 2150/1011/2173
f 2105/985/2174 2104/983/2174 2136/983/2174 2137/985/2174
f 2132/1039/2175 2131/1037/2175 2163/1037/2175 2164/1039/2175
f 2119/1013/2176 2118/1011/2176 2150/1011/2176 2151/1013/2176
f 2106/987/2177 2105/985/2177 2137/985/2177 2138/987/2177
f 2102/1041/2178 2132/1039/2178 2164/1039/2178 2134/1041/2178
f 2120/1015/2179 2119/1013/2179 2151/1013/2179 2152/1015/2179
f 2107/989/2180 2106/987/2180 2138/987/2180 2139/989/2180
f 2121/1017/2181 2120/1015/2181 2152/1015/2181 2153/1017/2181
f 2108/991/2182 2107/989/2182 2139/989/2182 2140/991/2182
f 2122/1019/2183 2121/1017/2183 2153/1017/2183 2154/1019/2183
f 2109/993/2184 2108/991/2184 2140/991/2184 2141/993/2184
f 2123/1021/2185 2122/1019/2185 2154/1019/2185 2155/1021/2185
f 2110/995/2186 2109/993/2186 2141/993/2186 2142/995/2186
f 2124/1023/2187 2123/1021/2187 2155/1021/2187 2156/1023/2187
f 2111/997/2188 2110/995/2188 2142/995/2188 2143/997/2188
f 2125/1025/2189 2124/1023/2189 2156/1023/2189 2157/1025/2189
f 2165/1075/2190 2166/1076/2190 2196/1077/2190 2195/1078/2190 2194/1079/2190 2193/1080/2190 2192/1081/2190 2191/1082/2190 2190/1083/2190 2189/1084/2190 2188/1085/2190 2187/1086/2190 2186/1087/2190 2185/1088/2190 2184/1089/2190 2183/1090/2190 2182/1091/2190 2181/1092/2190 2180/1093/2190 2179/1094/2190 2178/1095/2190 2177/1096/2190 2176/1097/2190 2175/1098/2190 2174/1099/2190 2173/1100/2190 2172/1101/2190 2171/1102/2190 2170/1103/2190 2169/1104/2190 2168/1105/2190 2167/1106/2190
f 2133/979/2191 2134/978/2191 2166/978/2191 2165/979/2191
f 2161/1033/2192 2160/1031/2192 2192/1031/2192 2193/1033/2192
f 2148/1007/2193 2147/1005/2193 2179/1005/2193 2180/1007/2193
f 2135/981/2194 2133/979/2194 2165/979/2194 2167/981/2194
f 2162/1035/2195 2161/1033/2195 2193/1033/2195 2194/1035/2195
f 2149/1009/2196 2148/1007/2196 2180/1007/2196 2181/1009/2196
f 2136/983/2197 2135/981/2197 2167/981/2197 2168/983/2197
f 2163/1037/2198 2162/1035/2198 2194/1035/2198 2195/1037/2198
f 2150/1011/2199 2149/1009/2199 2181/1009/2199 2182/1011/2199
f 2137/985/2200 2136/983/2200 2168/983/2200 2169/985/2200
f 2164/1039/2201 2163/1037/2201 2195/1037/2201 2196/1039/2201
f 2151/1013/2202 2150/1011/2202 2182/1011/2202 2183/1013/2202
f 2138/987/2203 2137/985/2203 2169/985/2203 2170/987/2203
f 2134/1041/2204 2164/1039/2204 2196/1039/2204 2166/1041/2204
f 2152/1015/2205 2151/1013/2205 2183/1013/2205 2184/1015/2205
f 2139/989/2206 2138/987/2206 2170/987/2206 2171/989/2206
f 2153/1017/2207 2152/1015/2207 2184/1015/2207 2185/1017/2207
f 2140/991/2208 2139/989/2208 2171/989/2208 2172/991/2208
f 2154/1019/2209 2153/1017/2209 2185/1017/2209 2186/1019/2209
f 2141/993/2210 2140/991/2210 2172/991/2210 2173/993/2210
f 2155/1021/2211 2154/1019/2211 2186/1019/2211 2187/1021/2211
f 2142/995/2212 2141/993/2212 2173/993/2212 2174/995/2212
f 2156/1023/2213 2155/1021/2213 2187/1021/2213 2188/1023/2213
f 2143/997/2214 2142/995/2214 2174/995/2214 2175/997/2214
f 2157/1025/2215 2156/1023/2215 2188/1023/2215 2189/1025/2215
f 2144/999/2216 2143/997/2216 2175/997/2216 2176/999/2216
f 2158/1027/2217 2157/1025/2217 2189/1025/2217 2190/1027/2217
f 2145/1001/2218 2144/999/2218 2176/999/2218 2177/1001/2218
f 2159/1029/2219 2158/1027/2219 2190/1027/2219 2191/1029/2219
f 2146/1003/2220 2145/1001/2220 2177/1001/2220 2178/1003/2220
f 2160/1031/2221 2159/1029/2221 2191/1029/2221 2192/1031/2221
